Datetime,Actual,Predicted,Residual,Absolute_Error
2010-02-13 01:00:00,0.2869666666666666,0.424158,-0.1371913333333334,0.1371913333333334
2010-02-13 02:00:00,0.2921333333333333,0.37374666666666667,-0.08161333333333337,0.08161333333333337
2010-02-13 03:00:00,0.3372,0.3341933333333333,0.003006666666666713,0.003006666666666713
2010-02-13 04:00:00,0.3571666666666667,0.4263443333333333,-0.06917766666666664,0.06917766666666664
2010-02-13 05:00:00,1.1429333333333331,0.7775493866666667,0.3653839466666664,0.3653839466666664
2010-02-13 06:00:00,1.964,1.903716005649718,0.06028399435028198,0.06028399435028198
2010-02-13 07:00:00,2.0619666666666667,1.8996261264367822,0.16234054022988453,0.16234054022988453
2010-02-13 08:00:00,1.9386333333333328,1.7594642988505749,0.1791690344827579,0.1791690344827579
2010-02-13 09:00:00,2.6426000000000003,1.7324114269293918,0.9101885730706085,0.9101885730706085
2010-02-13 10:00:00,1.5028666666666666,2.6708070833333335,-1.167940416666667,1.167940416666667
2010-02-13 11:00:00,3.924133333333333,1.6737583333333321,2.250375000000001,2.250375000000001
2010-02-13 12:00:00,3.271866666666667,2.304312971751412,0.9675536949152548,0.9675536949152548
2010-02-13 13:00:00,4.173933333333333,2.5539419999999993,1.619991333333334,1.619991333333334
2010-02-13 14:00:00,2.005733333333333,3.018928576271187,-1.013195242937854,1.013195242937854
2010-02-13 15:00:00,1.6035666666666666,1.7729517931034482,-0.1693851264367816,0.1693851264367816
2010-02-13 16:00:00,1.5794666666666666,1.7375676666666666,-0.15810100000000005,0.15810100000000005
2010-02-13 17:00:00,1.5640666666666665,1.9932863333333333,-0.4292196666666668,0.4292196666666668
2010-02-13 18:00:00,1.5280999999999998,2.2506796666666666,-0.7225796666666668,0.7225796666666668
2010-02-13 19:00:00,1.5876666666666668,1.8645059999999998,-0.276839333333333,0.276839333333333
2010-02-13 20:00:00,1.6402,1.600408666666666,0.03979133333333418,0.03979133333333418
2010-02-13 21:00:00,1.5538333333333334,1.6137333333333332,-0.05989999999999984,0.05989999999999984
2010-02-13 22:00:00,1.5836333333333334,1.3648130000000003,0.21882033333333317,0.21882033333333317
2010-02-13 23:00:00,1.5946,1.3812443333333329,0.21335566666666717,0.21335566666666717
2010-02-14 00:00:00,0.9921333333333332,1.229594,-0.23746066666666688,0.23746066666666688
2010-02-14 01:00:00,0.5102,0.38888233333333333,0.12131766666666666,0.12131766666666666
2010-02-14 02:00:00,0.5337,0.4734377866666665,0.060262213333333425,0.060262213333333425
2010-02-14 03:00:00,0.4849666666666667,0.541661333333333,-0.05669466666666628,0.05669466666666628
2010-02-14 04:00:00,0.4985333333333334,0.5923523333333336,-0.09381900000000021,0.09381900000000021
2010-02-14 05:00:00,0.4810999999999999,0.5264293866666665,-0.04532938666666658,0.04532938666666658
2010-02-14 06:00:00,0.4838333333333333,0.9229136666666665,-0.43908033333333324,0.43908033333333324
2010-02-14 07:00:00,0.486,1.1619153333333332,-0.6759153333333332,0.6759153333333332
2010-02-14 08:00:00,0.4524666666666667,1.2186953333333328,-0.7662286666666661,0.7662286666666661
2010-02-14 09:00:00,0.5283333333333333,1.0508056666666654,-0.5224723333333321,0.5224723333333321
2010-02-14 10:00:00,1.4403,1.236497666666666,0.20380233333333386,0.20380233333333386
2010-02-14 11:00:00,1.3994666666666666,1.4634176666666667,-0.06395100000000009,0.06395100000000009
2010-02-14 12:00:00,1.5053333333333332,1.3713976158192087,0.13393571751412447,0.13393571751412447
2010-02-14 13:00:00,1.6249,1.7077793333333324,-0.08287933333333242,0.08287933333333242
2010-02-14 14:00:00,1.853,1.5119233333333333,0.3410766666666667,0.3410766666666667
2010-02-14 15:00:00,1.7702666666666669,1.6060673333333344,0.16419933333333248,0.16419933333333248
2010-02-14 16:00:00,1.9765333333333333,1.8362120677966107,0.14032126553672253,0.14032126553672253
2010-02-14 17:00:00,1.8759666666666668,2.8312146666666673,-0.9552480000000005,0.9552480000000005
2010-02-14 18:00:00,2.3949,2.6727319999999986,-0.27783199999999875,0.27783199999999875
2010-02-14 19:00:00,2.2461,2.736157999999998,-0.49005799999999766,0.49005799999999766
2010-02-14 20:00:00,1.2545423728813558,2.1337260903954802,-0.8791837175141244,0.8791837175141244
2010-02-14 21:00:00,0.8745999999999999,1.0161529999999999,-0.14155299999999993,0.14155299999999993
2010-02-14 22:00:00,0.8707666666666667,0.5557526666666665,0.31501400000000024,0.31501400000000024
2010-02-14 23:00:00,0.5692333333333333,0.39314106666666665,0.1760922666666666,0.1760922666666666
2010-02-15 00:00:00,0.2866999999999999,0.41450866666666647,-0.12780866666666657,0.12780866666666657
2010-02-15 01:00:00,0.3025,0.4372493333333331,-0.1347493333333331,0.1347493333333331
2010-02-15 02:00:00,0.359,0.3841233333333333,-0.02512333333333333,0.02512333333333333
2010-02-15 03:00:00,0.3393,0.43176499999999995,-0.09246499999999996,0.09246499999999996
2010-02-15 04:00:00,0.2951666666666667,0.4062066666666666,-0.11103999999999992,0.11103999999999992
2010-02-15 05:00:00,1.0412,1.4728536666666658,-0.43165366666666594,0.43165366666666594
2010-02-15 06:00:00,2.909333333333333,2.3474250000000008,0.5619083333333323,0.5619083333333323
2010-02-15 07:00:00,1.4227666666666667,1.9302603333333337,-0.507493666666667,0.507493666666667
2010-02-15 08:00:00,1.3833,1.3509729999999993,0.03232700000000066,0.03232700000000066
2010-02-15 09:00:00,1.4214999999999998,1.3876549999999996,0.033845000000000125,0.033845000000000125
2010-02-15 10:00:00,1.3868333333333331,1.437020666666666,-0.05018733333333292,0.05018733333333292
2010-02-15 11:00:00,1.4012,1.3917260000000002,0.00947399999999976,0.00947399999999976
2010-02-15 12:00:00,1.4034,1.251317226666667,0.15208277333333298,0.15208277333333298
2010-02-15 13:00:00,1.4446333333333332,1.1655613333333328,0.27907200000000043,0.27907200000000043
2010-02-15 14:00:00,0.7568,1.2940286666666667,-0.5372286666666667,0.5372286666666667
2010-02-15 15:00:00,0.3682666666666667,0.5595146666666667,-0.19124800000000003,0.19124800000000003
2010-02-15 16:00:00,0.5431666666666666,0.7756096666666669,-0.2324430000000003,0.2324430000000003
2010-02-15 17:00:00,1.5169,1.2293549655172413,0.2875450344827586,0.2875450344827586
2010-02-15 18:00:00,3.5081333333333333,2.18382228,1.3243110533333335,1.3243110533333335
2010-02-15 19:00:00,4.619633333333334,2.826992666666665,1.7926406666666685,1.7926406666666685
2010-02-15 20:00:00,3.7538,3.5717803333333347,0.18201966666666536,0.18201966666666536
2010-02-15 21:00:00,2.6901,2.309291850574712,0.3808081494252882,0.3808081494252882
2010-02-15 22:00:00,1.2293333333333334,1.9732923759508643,-0.7439590426175309,0.7439590426175309
2010-02-15 23:00:00,0.3745666666666666,0.43734733333333325,-0.06278066666666665,0.06278066666666665
2010-02-16 00:00:00,0.3866666666666666,0.3851763333333331,0.0014903333333334823,0.0014903333333334823
2010-02-16 01:00:00,0.3981666666666666,0.4471249999999997,-0.048958333333333104,0.048958333333333104
2010-02-16 02:00:00,0.3794666666666667,0.46878719585253437,-0.08932052918586769,0.08932052918586769
2010-02-16 03:00:00,0.4402666666666667,0.5320293333333332,-0.09176266666666655,0.09176266666666655
2010-02-16 04:00:00,0.4183,0.47800700000000007,-0.059707000000000066,0.059707000000000066
2010-02-16 05:00:00,0.9956333333333334,1.178619502824859,-0.18298616949152557,0.18298616949152557
2010-02-16 06:00:00,2.5009666666666663,2.322181333333333,0.17878533333333335,0.17878533333333335
2010-02-16 07:00:00,2.4614333333333334,1.8980676091954016,0.5633657241379317,0.5633657241379317
2010-02-16 08:00:00,2.0040666666666667,1.8926619999999996,0.11140466666666704,0.11140466666666704
2010-02-16 09:00:00,1.5527333333333333,1.5758629999999996,-0.02312966666666627,0.02312966666666627
2010-02-16 10:00:00,1.6532666666666669,1.532216,0.12105066666666686,0.12105066666666686
2010-02-16 11:00:00,1.4228,1.6676489999999995,-0.24484899999999943,0.24484899999999943
2010-02-16 12:00:00,2.1619666666666664,1.4168083333333334,0.7451583333333329,0.7451583333333329
2010-02-16 13:00:00,1.8003666666666664,1.8275096666666661,-0.027142999999999695,0.027142999999999695
2010-02-16 14:00:00,1.5436666666666667,1.7305846666666655,-0.1869179999999988,0.1869179999999988
2010-02-16 15:00:00,0.7285333333333334,1.4316053333333334,-0.703072,0.703072
2010-02-16 16:00:00,0.7314666666666666,0.9925010000000002,-0.2610343333333336,0.2610343333333336
2010-02-16 17:00:00,0.8071333333333333,1.5715693333333325,-0.7644359999999992,0.7644359999999992
2010-02-16 18:00:00,2.2343,1.7526503773584903,0.4816496226415099,0.4816496226415099
2010-02-16 19:00:00,1.7398,2.746818333333333,-1.0070183333333331,1.0070183333333331
2010-02-16 20:00:00,2.0071,2.0036243333333332,0.0034756666666666547,0.0034756666666666547
2010-02-16 21:00:00,0.7555666666666667,1.3006943333333334,-0.5451276666666667,0.5451276666666667
2010-02-16 22:00:00,0.4643666666666667,0.4699326666666665,-0.005565999999999793,0.005565999999999793
2010-02-16 23:00:00,0.4307999999999999,0.5379840000000001,-0.10718400000000022,0.10718400000000022
2010-02-17 00:00:00,0.3820666666666666,0.4254490000000001,-0.04338233333333347,0.04338233333333347
2010-02-17 01:00:00,0.3785,0.4686566666666666,-0.09015666666666661,0.09015666666666661
2010-02-17 02:00:00,0.3855666666666666,0.43538233333333326,-0.04981566666666665,0.04981566666666665
2010-02-17 03:00:00,0.4095333333333333,0.4311846666666667,-0.02165133333333341,0.02165133333333341
2010-02-17 04:00:00,1.0322666666666669,0.5427520000000003,0.48951466666666654,0.48951466666666654
2010-02-17 05:00:00,0.8018333333333333,0.9198929999999998,-0.11805966666666656,0.11805966666666656
2010-02-17 06:00:00,1.3978333333333337,2.117897666666666,-0.7200643333333323,0.7200643333333323
2010-02-17 07:00:00,2.257366666666667,1.9328863333333326,0.32448033333333437,0.32448033333333437
2010-02-17 08:00:00,2.4321,2.031475563218391,0.4006244367816092,0.4006244367816092
2010-02-17 09:00:00,1.7429,1.9836529999999997,-0.24075299999999977,0.24075299999999977
2010-02-17 10:00:00,1.6329333333333331,1.7165916666666674,-0.08365833333333428,0.08365833333333428
2010-02-17 11:00:00,4.059933333333333,1.583775333333333,2.4761580000000003,2.4761580000000003
2010-02-17 12:00:00,2.0161,2.908672333333332,-0.8925723333333324,0.8925723333333324
2010-02-17 13:00:00,1.6626666666666667,1.7997580204081642,-0.1370913537414975,0.1370913537414975
2010-02-17 14:00:00,1.8552333333333333,1.3796680000000006,0.47556533333333273,0.47556533333333273
2010-02-17 15:00:00,0.6354000000000001,1.2887186666666672,-0.6533186666666672,0.6533186666666672
2010-02-17 16:00:00,1.3218666666666663,1.0616044444444448,0.2602622222222215,0.2602622222222215
2010-02-17 17:00:00,2.1710333333333334,2.0352369999999986,0.13579633333333474,0.13579633333333474
2010-02-17 18:00:00,1.8722,2.356793333333334,-0.4845933333333339,0.4845933333333339
2010-02-17 19:00:00,3.1990666666666665,2.4556026666666653,0.7434640000000012,0.7434640000000012
2010-02-17 20:00:00,1.4457666666666666,2.5654116214689258,-1.1196449548022591,1.1196449548022591
2010-02-17 21:00:00,0.3614,1.033756333333333,-0.6723563333333331,0.6723563333333331
2010-02-17 22:00:00,0.3583,0.45291266666666663,-0.09461266666666662,0.09461266666666662
2010-02-17 23:00:00,0.3686,0.4397913333333333,-0.07119133333333333,0.07119133333333333
2010-02-18 00:00:00,0.3077666666666667,0.3638593333333333,-0.056092666666666624,0.056092666666666624
2010-02-18 01:00:00,0.9475666666666668,0.3883746666666666,0.5591920000000001,0.5591920000000001
2010-02-18 02:00:00,0.3155,0.3316733333333336,-0.016173333333333595,0.016173333333333595
2010-02-18 03:00:00,0.2943333333333333,0.3559173333333333,-0.06158400000000003,0.06158400000000003
2010-02-18 04:00:00,0.2955,0.3704236666666666,-0.07492366666666661,0.07492366666666661
2010-02-18 05:00:00,1.0372333333333337,1.1772337627118636,-0.14000042937852997,0.14000042937852997
2010-02-18 06:00:00,2.3838,2.3533473333333315,0.03045266666666846,0.03045266666666846
2010-02-18 07:00:00,1.8681333333333328,1.829369,0.038764333333332734,0.038764333333332734
2010-02-18 08:00:00,1.3786666666666667,1.5129836666666656,-0.1343169999999989,0.1343169999999989
2010-02-18 09:00:00,1.3958666666666666,1.4253853333333333,-0.029518666666666693,0.029518666666666693
2010-02-18 10:00:00,1.3963,1.3943726666666658,0.0019273333333342801,0.0019273333333342801
2010-02-18 11:00:00,1.4571333333333334,1.4059669999999995,0.05116633333333387,0.05116633333333387
2010-02-18 12:00:00,2.3109333333333333,1.1009033333333336,1.2100299999999997,1.2100299999999997
2010-02-18 13:00:00,1.9985666666666664,1.852609160101153,0.14595750656551343,0.14595750656551343
2010-02-18 14:00:00,1.5628,1.7424756666666659,-0.1796756666666659,0.1796756666666659
2010-02-18 15:00:00,1.2193,1.4592596666666668,-0.2399596666666668,0.2399596666666668
2010-02-18 16:00:00,0.3348333333333333,0.7819816158192093,-0.447148282485876,0.447148282485876
2010-02-18 17:00:00,0.9950666666666668,1.1127563333333335,-0.11768966666666669,0.11768966666666669
2010-02-18 18:00:00,2.904333333333333,1.8855846666666667,1.0187486666666665,1.0187486666666665
2010-02-18 19:00:00,2.4950666666666668,2.619899682864636,-0.12483301619796938,0.12483301619796938
2010-02-18 20:00:00,1.1619333333333333,2.200892346247489,-1.0389590129141557,1.0389590129141557
2010-02-18 21:00:00,0.5781666666666666,1.146671666666666,-0.5685049999999995,0.5685049999999995
2010-02-18 22:00:00,0.3452,0.5644976666666665,-0.21929766666666645,0.21929766666666645
2010-02-18 23:00:00,0.3402666666666666,0.35645699999999997,-0.016190333333333362,0.016190333333333362
2010-02-19 00:00:00,0.3634333333333333,0.45770233333333343,-0.09426900000000016,0.09426900000000016
2010-02-19 01:00:00,0.3091333333333333,0.37106600000000006,-0.06193266666666675,0.06193266666666675
2010-02-19 02:00:00,0.5898,0.49563366666666675,0.09416633333333324,0.09416633333333324
2010-02-19 03:00:00,0.6547666666666667,0.6701983333333336,-0.015431666666666843,0.015431666666666843
2010-02-19 04:00:00,0.2977999999999999,0.3722809999999999,-0.07448100000000002,0.07448100000000002
2010-02-19 05:00:00,0.6326,1.3889726666666664,-0.7563726666666664,0.7563726666666664
2010-02-19 06:00:00,2.7237666666666667,1.7759773333333342,0.9477893333333325,0.9477893333333325
2010-02-19 07:00:00,2.0765666666666664,2.0944103333333324,-0.017843666666665925,0.017843666666665925
2010-02-19 08:00:00,2.2943333333333333,1.7744592298850572,0.5198741034482761,0.5198741034482761
2010-02-19 09:00:00,1.5958666666666663,1.8980319999999997,-0.3021653333333334,0.3021653333333334
2010-02-19 10:00:00,2.097233333333333,1.4353133333333339,0.6619199999999992,0.6619199999999992
2010-02-19 11:00:00,1.2960333333333334,1.926338333333333,-0.6303049999999997,0.6303049999999997
2010-02-19 12:00:00,0.3747666666666667,0.9403153333333336,-0.5655486666666669,0.5655486666666669
2010-02-19 13:00:00,0.7874666666666666,0.5659649999999996,0.22150166666666704,0.22150166666666704
2010-02-19 14:00:00,0.3170666666666666,1.0352943333333335,-0.7182276666666669,0.7182276666666669
2010-02-19 15:00:00,1.4855666666666667,0.6955983333333333,0.7899683333333334,0.7899683333333334
2010-02-19 16:00:00,1.2898,1.354231,-0.0644309999999999,0.0644309999999999
2010-02-19 17:00:00,0.6971,0.8806336158192087,-0.18353361581920868,0.18353361581920868
2010-02-19 18:00:00,2.703033333333333,1.4502633333333341,1.2527699999999988,1.2527699999999988
2010-02-19 19:00:00,2.478,2.8253950818796714,-0.34739508187967116,0.34739508187967116
2010-02-19 20:00:00,2.5050666666666666,2.3916683462474886,0.11339832041917797,0.11339832041917797
2010-02-19 21:00:00,2.692833333333333,1.9673468080840326,0.7254865252493006,0.7254865252493006
2010-02-19 22:00:00,1.9572333333333327,1.7264269794216451,0.23080635391168758,0.23080635391168758
2010-02-19 23:00:00,1.4122333333333332,1.4477833333333336,-0.035550000000000415,0.035550000000000415
2010-02-20 00:00:00,1.4004333333333332,1.1675876666666667,0.2328456666666665,0.2328456666666665
2010-02-20 01:00:00,0.3367333333333333,0.8061229999999999,-0.46938966666666665,0.46938966666666665
2010-02-20 02:00:00,0.3081,0.3888546666666667,-0.0807546666666667,0.0807546666666667
2010-02-20 03:00:00,0.3177,0.3494683333333332,-0.03176833333333323,0.03176833333333323
2010-02-20 04:00:00,0.2959666666666666,0.33408966666666684,-0.03812300000000024,0.03812300000000024
2010-02-20 05:00:00,0.6197666666666667,0.9617370000000007,-0.34197033333333404,0.34197033333333404
2010-02-20 06:00:00,2.2764666666666664,2.002377333333334,0.2740893333333325,0.2740893333333325
2010-02-20 07:00:00,1.6829333333333334,1.9371922298850581,-0.25425889655172473,0.25425889655172473
2010-02-20 08:00:00,2.0114666666666667,1.8123469999999997,0.19911966666666703,0.19911966666666703
2010-02-20 09:00:00,2.1596,1.8400661658456479,0.3195338341543523,0.3195338341543523
2010-02-20 10:00:00,1.6504333333333332,1.9266603563218379,-0.27622702298850466,0.27622702298850466
2010-02-20 11:00:00,1.5052333333333332,1.7044362298850575,-0.1992028965517243,0.1992028965517243
2010-02-20 12:00:00,1.6060666666666668,2.0589170000000014,-0.4528503333333347,0.4528503333333347
2010-02-20 13:00:00,1.4579666666666666,1.7443749999999998,-0.28640833333333315,0.28640833333333315
2010-02-20 14:00:00,0.3484333333333333,1.6993856666666667,-1.3509523333333333,1.3509523333333333
2010-02-20 15:00:00,0.3483333333333333,0.816227,-0.46789366666666676,0.46789366666666676
2010-02-20 16:00:00,0.4541666666666666,0.8187306666666668,-0.3645640000000002,0.3645640000000002
2010-02-20 17:00:00,3.0763000000000003,0.9941243333333337,2.0821756666666666,2.0821756666666666
2010-02-20 18:00:00,2.8063,3.138351402298851,-0.332051402298851,0.332051402298851
2010-02-20 19:00:00,2.222733333333333,2.800261666666665,-0.5775283333333321,0.5775283333333321
2010-02-20 20:00:00,2.098666666666667,2.1344223333333328,-0.03575566666666585,0.03575566666666585
2010-02-20 21:00:00,1.9382666666666668,1.4701720000000003,0.46809466666666655,0.46809466666666655
2010-02-20 22:00:00,0.7278333333333333,1.329101,-0.6012676666666668,0.6012676666666668
2010-02-20 23:00:00,0.3153666666666667,0.5977236666666667,-0.28235699999999997,0.28235699999999997
2010-02-21 00:00:00,0.7261000000000001,0.38498099999999985,0.3411190000000002,0.3411190000000002
2010-02-21 01:00:00,0.5900333333333333,0.6669840000000002,-0.07695066666666694,0.07695066666666694
2010-02-21 02:00:00,0.3199333333333333,0.39103466666666653,-0.07110133333333324,0.07110133333333324
2010-02-21 03:00:00,0.3369,0.4250266666666666,-0.08812666666666663,0.08812666666666663
2010-02-21 04:00:00,0.3113333333333333,0.3783580000000001,-0.06702466666666679,0.06702466666666679
2010-02-21 05:00:00,0.3227333333333333,0.4510506666666666,-0.12831733333333328,0.12831733333333328
2010-02-21 06:00:00,0.4013666666666667,0.48551800000000006,-0.08415133333333336,0.08415133333333336
2010-02-21 07:00:00,1.268333333333333,1.1462155480225988,0.12211778531073425,0.12211778531073425
2010-02-21 08:00:00,2.029133333333333,1.0512732824858757,0.9778600508474571,0.9778600508474571
2010-02-21 09:00:00,1.2503666666666668,1.7104684745762713,-0.4601018079096044,0.4601018079096044
2010-02-21 10:00:00,5.0908,1.6133250666666663,3.4774749333333332,3.4774749333333332
2010-02-21 11:00:00,2.2082,3.0301116666666656,-0.8219116666666655,0.8219116666666655
2010-02-21 12:00:00,2.0606,2.196822783933416,-0.13622278393341603,0.13622278393341603
2010-02-21 13:00:00,4.638199999999999,1.8038710000000002,2.8343289999999994,2.8343289999999994
2010-02-21 14:00:00,4.5135,3.2417936666666662,1.2717063333333334,1.2717063333333334
2010-02-21 15:00:00,2.406433333333333,3.0012169999999996,-0.5947836666666664,0.5947836666666664
2010-02-21 16:00:00,3.2794000000000003,2.476996144989626,0.8024038550103745,0.8024038550103745
2010-02-21 17:00:00,1.9771333333333327,3.028448437160218,-1.051315103826885,1.051315103826885
2010-02-21 18:00:00,2.1541,2.6514843333333333,-0.4973843333333332,0.4973843333333332
2010-02-21 19:00:00,2.5315000000000003,2.6376839999999975,-0.10618399999999717,0.10618399999999717
2010-02-21 20:00:00,2.3259,2.397716465814601,-0.07181646581460122,0.07181646581460122
2010-02-21 21:00:00,2.1686,1.7888789999999994,0.37972100000000064,0.37972100000000064
2010-02-21 22:00:00,2.445933333333333,1.5228607005649721,0.9230726327683609,0.9230726327683609
2010-02-21 23:00:00,1.7178,1.6334775525384342,0.08432244746156581,0.08432244746156581
2010-02-22 00:00:00,0.5605666666666667,1.4731646666666665,-0.9125979999999998,0.9125979999999998
2010-02-22 01:00:00,0.2968333333333333,0.3838556666666667,-0.08702233333333342,0.08702233333333342
2010-02-22 02:00:00,0.3202666666666667,0.38781333333333345,-0.06754666666666675,0.06754666666666675
2010-02-22 03:00:00,0.3087666666666667,0.3751296666666668,-0.06636300000000012,0.06636300000000012
2010-02-22 04:00:00,0.3934333333333333,0.39087066666666664,0.0025626666666666575,0.0025626666666666575
2010-02-22 05:00:00,1.821,1.218105762711865,0.602894237288135,0.602894237288135
2010-02-22 06:00:00,3.0752,2.7571346666666665,0.31806533333333364,0.31806533333333364
2010-02-22 07:00:00,1.8914,2.3562190000000007,-0.46481900000000076,0.46481900000000076
2010-02-22 08:00:00,1.8716333333333333,1.832747666666666,0.03888566666666726,0.03888566666666726
2010-02-22 09:00:00,1.427366666666667,1.4610859999999999,-0.03371933333333299,0.03371933333333299
2010-02-22 10:00:00,1.4194666666666664,1.4848903333333336,-0.06542366666666721,0.06542366666666721
2010-02-22 11:00:00,0.5645,1.299809666666667,-0.735309666666667,0.735309666666667
2010-02-22 12:00:00,0.7529666666666667,0.7607316666666663,-0.007764999999999578,0.007764999999999578
2010-02-22 13:00:00,0.3567,0.9260423333333336,-0.5693423333333336,0.5693423333333336
2010-02-22 14:00:00,0.3516666666666667,0.4187863333333331,-0.06711966666666641,0.06711966666666641
2010-02-22 15:00:00,0.3861,0.44409533333333334,-0.05799533333333334,0.05799533333333334
2010-02-22 16:00:00,0.4318666666666667,0.7752826666666667,-0.343416,0.343416
2010-02-22 17:00:00,0.6655,1.0882046321839076,-0.42270463218390764,0.42270463218390764
2010-02-22 18:00:00,0.9057,1.7410226666666677,-0.8353226666666678,0.8353226666666678
2010-02-22 19:00:00,2.616033333333333,2.198673333333333,0.4173600000000004,0.4173600000000004
2010-02-22 20:00:00,1.6468333333333334,2.7494424319162967,-1.1026090985829633,1.1026090985829633
2010-02-22 21:00:00,0.4549,1.576134093333334,-1.121234093333334,1.121234093333334
2010-02-22 22:00:00,0.3307666666666666,0.45045366666666664,-0.11968700000000004,0.11968700000000004
2010-02-22 23:00:00,0.3341333333333333,0.4545083333333331,-0.12037499999999984,0.12037499999999984
2010-02-23 00:00:00,0.3158666666666666,0.4158096666666667,-0.09994300000000012,0.09994300000000012
2010-02-23 01:00:00,0.3199333333333333,0.39677433333333334,-0.07684100000000005,0.07684100000000005
2010-02-23 02:00:00,0.3716666666666667,0.40855633333333313,-0.03688966666666643,0.03688966666666643
2010-02-23 03:00:00,0.6366999999999999,0.4668126666666669,0.16988733333333306,0.16988733333333306
2010-02-23 04:00:00,0.7226333333333332,0.6297400000000003,0.09289333333333294,0.09289333333333294
2010-02-23 05:00:00,0.4759333333333334,1.001316666666667,-0.5253833333333338,0.5253833333333338
2010-02-23 06:00:00,1.5644333333333331,1.6788490000000005,-0.11441566666666736,0.11441566666666736
2010-02-23 07:00:00,1.6541666666666666,1.8607286666666667,-0.20656200000000013,0.20656200000000013
2010-02-23 08:00:00,1.7192333333333332,1.7110653333333334,0.008167999999999731,0.008167999999999731
2010-02-23 09:00:00,1.5509333333333333,1.6667916666666671,-0.11585833333333384,0.11585833333333384
2010-02-23 10:00:00,1.5083666666666666,1.553346,-0.04497933333333326,0.04497933333333326
2010-02-23 11:00:00,1.0404666666666669,1.5641116666666668,-0.5236449999999999,0.5236449999999999
2010-02-23 12:00:00,0.3113666666666666,0.4652770000000001,-0.15391033333333348,0.15391033333333348
2010-02-23 13:00:00,0.305,0.4951676666666667,-0.19016766666666668,0.19016766666666668
2010-02-23 14:00:00,0.4176666666666666,0.4233033333333333,-0.005636666666666734,0.005636666666666734
2010-02-23 15:00:00,0.3423333333333333,0.7822230000000002,-0.4398896666666669,0.4398896666666669
2010-02-23 16:00:00,0.3473333333333333,0.615974,-0.2686406666666667,0.2686406666666667
2010-02-23 17:00:00,1.1009,0.521184666666667,0.579715333333333,0.579715333333333
2010-02-23 18:00:00,2.6907666666666668,2.4077220000000006,0.28304466666666617,0.28304466666666617
2010-02-23 19:00:00,1.3579,2.606326025828309,-1.2484260258283089,1.2484260258283089
2010-02-23 20:00:00,2.195866666666667,1.948006531073446,0.24786013559322084,0.24786013559322084
2010-02-23 21:00:00,2.6940666666666666,1.733791333333333,0.9602753333333336,0.9602753333333336
2010-02-23 22:00:00,0.377,1.3575767667104504,-0.9805767667104504,0.9805767667104504
2010-02-23 23:00:00,0.3318,0.5920369999999999,-0.26023699999999994,0.26023699999999994
2010-02-24 00:00:00,0.3522333333333333,0.37839933333333337,-0.026166000000000078,0.026166000000000078
2010-02-24 01:00:00,0.3415666666666667,0.4479663333333333,-0.10639966666666661,0.10639966666666661
2010-02-24 02:00:00,0.3921,0.39945819585253445,-0.007358195852534444,0.007358195852534444
2010-02-24 03:00:00,0.3847333333333333,0.40792899999999976,-0.023195666666666448,0.023195666666666448
2010-02-24 04:00:00,0.3221333333333333,0.47009333333333325,-0.14795999999999992,0.14795999999999992
2010-02-24 05:00:00,1.2889666666666666,1.3215749999999995,-0.032608333333332906,0.032608333333332906
2010-02-24 06:00:00,1.3173666666666668,2.1354703333333327,-0.8181036666666659,0.8181036666666659
2010-02-24 07:00:00,3.356266666666667,1.8779923333333344,1.4782743333333326,1.4782743333333326
2010-02-24 08:00:00,2.1056,2.5031580000000004,-0.3975580000000005,0.3975580000000005
2010-02-24 09:00:00,1.584566666666667,1.7952566465517235,-0.21068997988505656,0.21068997988505656
2010-02-24 10:00:00,1.8057,1.5646713333333333,0.24102866666666678,0.24102866666666678
2010-02-24 11:00:00,1.8155666666666663,1.6924903333333325,0.12307633333333379,0.12307633333333379
2010-02-24 12:00:00,1.5309666666666668,1.7542033333333333,-0.22323666666666653,0.22323666666666653
2010-02-24 13:00:00,1.5017666666666665,1.5328106666666668,-0.031044000000000294,0.031044000000000294
2010-02-24 14:00:00,1.4699,1.6308933333333338,-0.16099333333333377,0.16099333333333377
2010-02-24 15:00:00,1.434,1.4733546666666673,-0.039354666666667315,0.039354666666667315
2010-02-24 16:00:00,1.4261666666666666,1.4075169999999992,0.01864966666666734,0.01864966666666734
2010-02-24 17:00:00,1.4903000000000002,1.525377666666666,-0.035077666666665896,0.035077666666665896
2010-02-24 18:00:00,1.4791,2.1783480000000006,-0.6992480000000005,0.6992480000000005
2010-02-24 19:00:00,2.856933333333333,2.0865291412429365,0.7704041920903966,0.7704041920903966
2010-02-24 20:00:00,1.4818,2.3001827144021716,-0.8183827144021716,0.8183827144021716
2010-02-24 21:00:00,1.2430666666666668,1.4850983333333332,-0.24203166666666642,0.24203166666666642
2010-02-24 22:00:00,0.5920333333333333,0.7105900000000002,-0.11855666666666687,0.11855666666666687
2010-02-24 23:00:00,0.6841,0.48985899999999993,0.1942410000000001,0.1942410000000001
2010-02-25 00:00:00,0.4146333333333333,0.5792159999999998,-0.16458266666666654,0.16458266666666654
2010-02-25 01:00:00,1.0814666666666666,0.3786626666666666,0.702804,0.702804
2010-02-25 02:00:00,0.3293999999999999,0.3936196666666667,-0.06421966666666679,0.06421966666666679
2010-02-25 03:00:00,0.2952,0.40551333333333306,-0.11031333333333304,0.11031333333333304
2010-02-25 04:00:00,0.2950666666666667,0.36981833333333325,-0.07475166666666655,0.07475166666666655
2010-02-25 05:00:00,0.6400666666666667,1.2384899999999996,-0.598423333333333,0.598423333333333
2010-02-25 06:00:00,1.8048666666666664,1.7961126666666685,0.00875399999999793,0.00875399999999793
2010-02-25 07:00:00,1.4933666666666667,1.8610669999999996,-0.36770033333333285,0.36770033333333285
2010-02-25 08:00:00,1.4325,1.4709750000000001,-0.03847500000000004,0.03847500000000004
2010-02-25 09:00:00,1.5113,1.2706479999999996,0.24065200000000053,0.24065200000000053
2010-02-25 10:00:00,1.7162,1.3941603333333328,0.32203966666666717,0.32203966666666717
2010-02-25 11:00:00,1.6984,1.5376830000000001,0.16071699999999978,0.16071699999999978
2010-02-25 12:00:00,1.5552666666666668,1.386623,0.16864366666666686,0.16864366666666686
2010-02-25 13:00:00,1.5409333333333337,1.4287889999999999,0.11214433333333385,0.11214433333333385
2010-02-25 14:00:00,1.4908333333333337,1.4151866666666668,0.07564666666666686,0.07564666666666686
2010-02-25 15:00:00,2.0642666666666667,1.3262473333333336,0.7380193333333331,0.7380193333333331
2010-02-25 16:00:00,2.0473666666666666,1.650471,0.39689566666666654,0.39689566666666654
2010-02-25 17:00:00,1.8576,2.200618666666667,-0.34301866666666725,0.34301866666666725
2010-02-25 18:00:00,1.5351666666666666,2.203572333333333,-0.6684056666666662,0.6684056666666662
2010-02-25 19:00:00,1.413,2.0510116666666667,-0.6380116666666666,0.6380116666666666
2010-02-25 20:00:00,1.7670333333333337,1.871452666666667,-0.10441933333333342,0.10441933333333342
2010-02-25 21:00:00,1.6735,1.3554589066666671,0.31804109333333286,0.31804109333333286
2010-02-25 22:00:00,0.9952,1.270384013333333,-0.2751840133333331,0.2751840133333331
2010-02-25 23:00:00,0.6327999999999999,0.5631793333333331,0.06962066666666678,0.06962066666666678
2010-02-26 00:00:00,0.3358666666666667,0.5936139999999999,-0.25774733333333316,0.25774733333333316
2010-02-26 01:00:00,0.3320666666666667,0.3875826666666664,-0.05551599999999973,0.05551599999999973
2010-02-26 02:00:00,0.6876333333333334,0.4271086666666667,0.26052466666666674,0.26052466666666674
2010-02-26 03:00:00,0.637,0.5300673333333334,0.10693266666666656,0.10693266666666656
2010-02-26 04:00:00,0.38,0.37086499999999994,0.00913500000000006,0.00913500000000006
2010-02-26 05:00:00,0.6094,1.0926975480225989,-0.48329754802259883,0.48329754802259883
2010-02-26 06:00:00,2.1114333333333333,1.6133663333333328,0.4980670000000005,0.4980670000000005
2010-02-26 07:00:00,0.9420666666666668,2.1643570395480225,-1.2222903728813557,1.2222903728813557
2010-02-26 08:00:00,0.7372666666666666,1.5044944133333333,-0.7672277466666667,0.7672277466666667
2010-02-26 09:00:00,1.296366666666667,1.0974977777777781,0.19886888888888876,0.19886888888888876
2010-02-26 10:00:00,1.9303333333333328,1.6154611066666666,0.31487222666666614,0.31487222666666614
2010-02-26 11:00:00,1.653333333333333,1.789966666666666,-0.13663333333333294,0.13663333333333294
2010-02-26 12:00:00,2.9355333333333333,1.4084523333333336,1.5270809999999997,1.5270809999999997
2010-02-26 13:00:00,1.411266666666667,2.2050294654088045,-0.7937627987421376,0.7937627987421376
2010-02-26 14:00:00,0.8488,1.0625256666666671,-0.21372566666666715,0.21372566666666715
2010-02-26 15:00:00,1.4314333333333331,1.1943117012288784,0.2371216321044547,0.2371216321044547
2010-02-26 16:00:00,1.6354333333333335,1.5164093333333335,0.11902400000000002,0.11902400000000002
2010-02-26 17:00:00,1.7331666666666663,1.9535696666666658,-0.22040299999999946,0.22040299999999946
2010-02-26 18:00:00,2.7013666666666665,2.2070976666666673,0.4942689999999992,0.4942689999999992
2010-02-26 19:00:00,2.543766666666667,2.4214949700797517,0.12227169658691528,0.12227169658691528
2010-02-26 20:00:00,2.9376666666666664,2.611842107924856,0.3258245587418105,0.3258245587418105
2010-02-26 21:00:00,3.1803666666666666,2.1282235027763785,1.052143163890288,1.052143163890288
2010-02-26 22:00:00,1.6915666666666669,2.1144308789441144,-0.4228642122774475,0.4228642122774475
2010-02-26 23:00:00,0.791,1.3791029999999997,-0.5881029999999997,0.5881029999999997
2010-02-27 00:00:00,0.3078,0.4098506666666667,-0.10205066666666668,0.10205066666666668
2010-02-27 01:00:00,0.3785333333333333,0.376352,0.0021813333333332574,0.0021813333333332574
2010-02-27 02:00:00,0.3720333333333333,0.3783263333333333,-0.006292999999999993,0.006292999999999993
2010-02-27 03:00:00,0.3013333333333333,0.3496426666666668,-0.04830933333333354,0.04830933333333354
2010-02-27 04:00:00,0.3026333333333333,0.48789800000000016,-0.18526466666666686,0.18526466666666686
2010-02-27 05:00:00,0.3033,0.9876356666666675,-0.6843356666666675,0.6843356666666675
2010-02-27 06:00:00,0.5425666666666668,0.574915666666666,-0.032348999999999295,0.032348999999999295
2010-02-27 07:00:00,0.6466666666666666,1.6355502380952383,-0.9888835714285716,0.9888835714285716
2010-02-27 08:00:00,1.5447666666666666,1.2993720000000002,0.24539466666666643,0.24539466666666643
2010-02-27 09:00:00,1.758133333333333,1.6822164511008706,0.07591688223246251,0.07591688223246251
2010-02-27 10:00:00,2.752733333333333,1.6261786666666667,1.1265546666666664,1.1265546666666664
2010-02-27 11:00:00,1.7181666666666666,2.739708666666666,-1.0215419999999995,1.0215419999999995
2010-02-27 12:00:00,2.061433333333333,1.8977523333333335,0.16368099999999952,0.16368099999999952
2010-02-27 13:00:00,2.0583,1.701643898305085,0.356656101694915,0.356656101694915
2010-02-27 14:00:00,1.3955333333333333,1.9054462316384186,-0.5099128983050853,0.5099128983050853
2010-02-27 15:00:00,2.101,1.4577336666666667,0.6432663333333333,0.6432663333333333
2010-02-27 16:00:00,2.4856666666666665,1.6809476666666656,0.8047190000000009,0.8047190000000009
2010-02-27 17:00:00,2.631266666666667,2.900675162170147,-0.26940849550348034,0.26940849550348034
2010-02-27 18:00:00,1.6353,2.858147,-1.2228470000000002,1.2228470000000002
2010-02-27 19:00:00,1.6344999999999998,2.204605666666667,-0.5701056666666673,0.5701056666666673
2010-02-27 20:00:00,0.6864333333333333,1.78695,-1.1005166666666666,1.1005166666666666
2010-02-27 21:00:00,0.5222,0.8289871162314388,-0.30678711623143884,0.30678711623143884
2010-02-27 22:00:00,0.4863,0.8524436459293393,-0.3661436459293393,0.3661436459293393
2010-02-27 23:00:00,0.5701666666666667,0.6165793995698925,-0.046412732903225784,0.046412732903225784
2010-02-28 00:00:00,0.5520666666666667,0.5211843333333335,0.030882333333333234,0.030882333333333234
2010-02-28 01:00:00,0.5487666666666667,0.52136748,0.02739918666666674,0.02739918666666674
2010-02-28 02:00:00,0.5045,0.47474202666666665,0.0297579733333333,0.0297579733333333
2010-02-28 03:00:00,0.5152666666666667,0.5752933866666667,-0.06002672000000009,0.06002672000000009
2010-02-28 04:00:00,1.1840666666666666,0.5750886666666668,0.6089779999999998,0.6089779999999998
2010-02-28 05:00:00,0.6705,1.0248980632768367,-0.35439806327683676,0.35439806327683676
2010-02-28 06:00:00,0.599,1.1043777301587303,-0.5053777301587303,0.5053777301587303
2010-02-28 07:00:00,0.4977666666666666,0.9548439777777773,-0.4570773111111107,0.4570773111111107
2010-02-28 08:00:00,0.4737333333333333,1.055549031490015,-0.5818156981566818,0.5818156981566818
2010-02-28 09:00:00,0.4535,1.1986718907721279,-0.7451718907721279,0.7451718907721279
2010-02-28 10:00:00,0.2943,1.196461446327683,-0.902161446327683,0.902161446327683
2010-02-28 11:00:00,0.3297333333333333,0.835948,-0.5062146666666667,0.5062146666666667
2010-02-28 12:00:00,0.3858,0.6975006666666669,-0.3117006666666669,0.3117006666666669
2010-02-28 13:00:00,0.3498333333333333,1.1298196666666669,-0.7799863333333337,0.7799863333333337
2010-02-28 14:00:00,1.2580333333333331,0.8493376666666667,0.40869566666666646,0.40869566666666646
2010-02-28 15:00:00,0.3291333333333333,1.4468247293980128,-1.1176913960646795,1.1176913960646795
2010-02-28 16:00:00,0.3082666666666666,0.835395,-0.5271283333333334,0.5271283333333334
2010-02-28 17:00:00,0.3589,0.6847983333333331,-0.32589833333333307,0.32589833333333307
2010-02-28 18:00:00,0.4089666666666666,0.7521106666666667,-0.3431440000000001,0.3431440000000001
2010-02-28 19:00:00,0.3419,1.0113958934971836,-0.6694958934971836,0.6694958934971836
2010-02-28 20:00:00,0.2854333333333333,0.7852620000000001,-0.4998286666666668,0.4998286666666668
2010-02-28 21:00:00,0.2961333333333333,0.49464366666666665,-0.19851033333333334,0.19851033333333334
2010-02-28 22:00:00,0.3453333333333333,0.4851676129032259,-0.13983427956989258,0.13983427956989258
2010-02-28 23:00:00,0.3574333333333334,0.5228720000000001,-0.16543866666666673,0.16543866666666673
2010-03-01 00:00:00,1.0627333333333333,0.4756220000000001,0.5871113333333332,0.5871113333333332
2010-03-01 01:00:00,0.5331666666666667,0.39283333333333353,0.14033333333333314,0.14033333333333314
2010-03-01 02:00:00,0.2927666666666667,0.5464019999999997,-0.25363533333333305,0.25363533333333305
2010-03-01 03:00:00,0.3368666666666666,0.4335813333333334,-0.09671466666666678,0.09671466666666678
2010-03-01 04:00:00,0.3665333333333333,0.45786944546851005,-0.09133611213517673,0.09133611213517673
2010-03-01 05:00:00,0.3259666666666667,0.6098535286738351,-0.28388686200716845,0.28388686200716845
2010-03-01 06:00:00,0.2896666666666666,0.543679835637481,-0.25401316897081444,0.25401316897081444
2010-03-01 07:00:00,0.4162666666666667,0.5554711400409625,-0.13920447337429587,0.13920447337429587
2010-03-01 08:00:00,0.3872,1.0099983333333336,-0.6227983333333336,0.6227983333333336
2010-03-01 09:00:00,0.3992666666666666,0.891572333333334,-0.49230566666666736,0.49230566666666736
2010-03-01 10:00:00,2.3966333333333334,0.6268176666666669,1.7698156666666665,1.7698156666666665
2010-03-01 11:00:00,2.1227666666666667,2.5338880000000006,-0.4111213333333339,0.4111213333333339
2010-03-01 12:00:00,1.4875666666666667,1.923406435028248,-0.43583976836158134,0.43583976836158134
2010-03-01 13:00:00,1.4439666666666668,1.4263260000000002,0.017640666666666638,0.017640666666666638
2010-03-01 14:00:00,1.0298333333333334,1.2917836666666664,-0.26195033333333306,0.26195033333333306
2010-03-01 15:00:00,0.9595,0.8886346666666667,0.07086533333333334,0.07086533333333334
2010-03-01 16:00:00,0.9247666666666666,1.4781837002048137,-0.5534170335381471,0.5534170335381471
2010-03-01 17:00:00,0.8759666666666667,1.4832238666154638,-0.6072571999487971,0.6072571999487971
2010-03-01 18:00:00,0.8483333333333333,1.8182681999487968,-0.9699348666154636,0.9699348666154636
2010-03-01 19:00:00,1.5795,1.9432043333333329,-0.36370433333333296,0.36370433333333296
2010-03-01 20:00:00,0.9711666666666666,2.2542697909604517,-1.2831031242937851,1.2831031242937851
2010-03-01 21:00:00,1.2349666666666663,0.8509327011494255,0.3840339655172408,0.3840339655172408
2010-03-01 22:00:00,1.0026333333333333,0.8830203333333334,0.11961299999999986,0.11961299999999986
2010-03-01 23:00:00,0.4800333333333333,0.4685453333333332,0.01148800000000011,0.01148800000000011
2010-03-02 00:00:00,0.4935,0.4745083333333335,0.018991666666666518,0.018991666666666518
2010-03-02 01:00:00,0.5536666666666666,0.5704284533333335,-0.016761786666666834,0.016761786666666834
2010-03-02 02:00:00,0.5527666666666667,0.5499420533333333,0.0028246133333333923,0.0028246133333333923
2010-03-02 03:00:00,0.4892666666666667,0.6190759999999996,-0.12980933333333294,0.12980933333333294
2010-03-02 04:00:00,0.5059333333333333,0.7110449999999999,-0.20511166666666658,0.20511166666666658
2010-03-02 05:00:00,0.5280666666666667,1.0978210000000006,-0.5697543333333339,0.5697543333333339
2010-03-02 06:00:00,0.4891333333333333,1.5363908399999995,-1.047257506666666,1.047257506666666
2010-03-02 07:00:00,1.5749,1.1419719600000002,0.43292803999999974,0.43292803999999974
2010-03-02 08:00:00,0.3081,1.4625733333333335,-1.1544733333333335,1.1544733333333335
2010-03-02 09:00:00,0.3351,0.4573516666666666,-0.12225166666666659,0.12225166666666659
2010-03-02 10:00:00,0.3413666666666666,0.4523823333333333,-0.11101566666666668,0.11101566666666668
2010-03-02 11:00:00,0.5778666666666668,0.42750399999999994,0.1503626666666668,0.1503626666666668
2010-03-02 12:00:00,0.9327666666666666,0.9700583333333331,-0.0372916666666665,0.0372916666666665
2010-03-02 13:00:00,0.3597333333333333,0.676997666666667,-0.31726433333333376,0.31726433333333376
2010-03-02 14:00:00,0.3177666666666666,0.5034076666666669,-0.18564100000000033,0.18564100000000033
2010-03-02 15:00:00,0.3051,0.5284886666666668,-0.22338866666666685,0.22338866666666685
2010-03-02 16:00:00,0.3277333333333334,0.5198749999999999,-0.1921416666666665,0.1921416666666665
2010-03-02 17:00:00,0.3562,0.7136576666666663,-0.3574576666666663,0.3574576666666663
2010-03-02 18:00:00,0.3883333333333333,1.0971715777777782,-0.7088382444444449,0.7088382444444449
2010-03-02 19:00:00,0.3219333333333333,0.9954882444444445,-0.6735549111111112,0.6735549111111112
2010-03-02 20:00:00,0.4192666666666666,0.7956196666666666,-0.376353,0.376353
2010-03-02 21:00:00,1.0003666666666666,0.7426797798259085,0.25768688684075813,0.25768688684075813
2010-03-02 22:00:00,0.8228666666666666,0.5002943333333334,0.32257233333333324,0.32257233333333324
2010-03-02 23:00:00,0.7674333333333333,0.7289061487455198,0.03852718458781346,0.03852718458781346
2010-03-03 00:00:00,0.6553,0.8584140606758832,-0.20311406067588322,0.20311406067588322
2010-03-03 01:00:00,0.5165666666666666,0.8612106666666663,-0.34464399999999973,0.34464399999999973
2010-03-03 02:00:00,0.3933999999999999,0.828550666666666,-0.4351506666666661,0.4351506666666661
2010-03-03 03:00:00,0.3500666666666667,0.47498586251920116,-0.12491919585253447,0.12491919585253447
2010-03-03 04:00:00,0.3808999999999999,0.49912810696364596,-0.11822810696364605,0.11822810696364605
2010-03-03 05:00:00,0.3116666666666666,0.6841907035781545,-0.3725240369114879,0.3725240369114879
2010-03-03 06:00:00,1.0407666666666666,0.7230916118791604,0.31767505478750624,0.31767505478750624
2010-03-03 07:00:00,1.5217333333333334,0.8235990000000002,0.6981343333333332,0.6981343333333332
2010-03-03 08:00:00,1.4347,1.6100300000000005,-0.17533000000000043,0.17533000000000043
2010-03-03 09:00:00,1.449733333333333,1.5337906666666672,-0.0840573333333341,0.0840573333333341
2010-03-03 10:00:00,1.4351333333333334,1.5636186666666674,-0.128485333333334,0.128485333333334
2010-03-03 11:00:00,0.6067666666666667,1.5164796666666667,-0.909713,0.909713
2010-03-03 12:00:00,0.3625333333333333,0.672217333333333,-0.3096839999999997,0.3096839999999997
2010-03-03 13:00:00,0.3437,0.7384124252873561,-0.39471242528735606,0.39471242528735606
2010-03-03 14:00:00,0.4118666666666666,0.5659964252873563,-0.15412975862068967,0.15412975862068967
2010-03-03 15:00:00,0.3362666666666667,0.6910959999999998,-0.3548293333333331,0.3548293333333331
2010-03-03 16:00:00,0.3636333333333333,0.6423636666666668,-0.27873033333333347,0.27873033333333347
2010-03-03 17:00:00,0.3205666666666667,0.6719143333333332,-0.35134766666666645,0.35134766666666645
2010-03-03 18:00:00,0.3219666666666667,1.0045477627118644,-0.6825810960451977,0.6825810960451977
2010-03-03 19:00:00,0.9958333333333332,0.7123689999999998,0.28346433333333343,0.28346433333333343
2010-03-03 20:00:00,0.5968,0.9961363333333333,-0.3993363333333333,0.3993363333333333
2010-03-03 21:00:00,0.3437666666666666,0.8188783333333336,-0.475111666666667,0.475111666666667
2010-03-03 22:00:00,0.3361333333333333,0.5332943333333329,-0.1971609999999996,0.1971609999999996
2010-03-03 23:00:00,0.3371333333333333,0.4691192795698926,-0.1319859462365593,0.1319859462365593
2010-03-04 00:00:00,0.3381666666666666,0.5161243333333332,-0.17795766666666657,0.17795766666666657
2010-03-04 01:00:00,0.3848,0.49148899999999995,-0.10668899999999998,0.10668899999999998
2010-03-04 02:00:00,0.3416333333333333,0.4125560000000001,-0.0709226666666668,0.0709226666666668
2010-03-04 03:00:00,0.3218,0.4812723333333331,-0.1594723333333331,0.1594723333333331
2010-03-04 04:00:00,0.3137,0.4703663333333333,-0.1566663333333333,0.1566663333333333
2010-03-04 05:00:00,1.28,0.8692766666666663,0.4107233333333338,0.4107233333333338
2010-03-04 06:00:00,0.4032666666666667,1.3560248983050849,-0.9527582316384182,0.9527582316384182
2010-03-04 07:00:00,0.3548666666666667,0.905821,-0.5509543333333333,0.5509543333333333
2010-03-04 08:00:00,0.3700333333333334,0.7865046666666663,-0.4164713333333329,0.4164713333333329
2010-03-04 09:00:00,0.3516,0.5696767586206896,-0.21807675862068954,0.21807675862068954
2010-03-04 10:00:00,0.3640666666666667,0.5874024252873565,-0.22333575862068983,0.22333575862068983
2010-03-04 11:00:00,0.3865999999999999,0.5978880284178186,-0.21128802841781874,0.21128802841781874
2010-03-04 12:00:00,0.3859333333333333,0.556929333333333,-0.17099599999999976,0.17099599999999976
2010-03-04 13:00:00,0.3171666666666667,0.553747333333333,-0.23658066666666633,0.23658066666666633
2010-03-04 14:00:00,0.3257333333333333,0.615781,-0.2900476666666667,0.2900476666666667
2010-03-04 15:00:00,1.2828000000000002,0.643296,0.6395040000000002,0.6395040000000002
2010-03-04 16:00:00,0.3858333333333333,0.6267516666666668,-0.2409183333333335,0.2409183333333335
2010-03-04 17:00:00,0.6367666666666667,0.7557353333333338,-0.11896866666666706,0.11896866666666706
2010-03-04 18:00:00,0.4886333333333333,1.3579906666666668,-0.8693573333333335,0.8693573333333335
2010-03-04 19:00:00,0.4840333333333333,0.9789936134152585,-0.49496028008192516,0.49496028008192516
2010-03-04 20:00:00,0.4834333333333333,0.9266186118791603,-0.44318527854582696,0.44318527854582696
2010-03-04 21:00:00,0.4992666666666666,0.7230125296979005,-0.22374586303123395,0.22374586303123395
2010-03-04 22:00:00,0.5440666666666666,0.6680836666666665,-0.12401699999999993,0.12401699999999993
2010-03-04 23:00:00,0.5011333333333333,0.7367810000000002,-0.23564766666666692,0.23564766666666692
2010-03-05 00:00:00,0.4855666666666666,0.7170704533333334,-0.23150378666666682,0.23150378666666682
2010-03-05 01:00:00,1.3871,0.8258073333333331,0.5612926666666669,0.5612926666666669
2010-03-05 02:00:00,0.5762333333333333,0.7876096666666668,-0.2113763333333335,0.2113763333333335
2010-03-05 03:00:00,0.5479333333333333,0.6563991066666667,-0.1084657733333334,0.1084657733333334
2010-03-05 04:00:00,0.5155,0.6196859333333329,-0.10418593333333293,0.10418593333333293
2010-03-05 05:00:00,0.4806,0.6638269555555553,-0.18322695555555524,0.18322695555555524
2010-03-05 06:00:00,0.4679999999999999,1.2297993333333332,-0.7617993333333333,0.7617993333333333
2010-03-05 07:00:00,0.3695333333333333,0.8327819600000005,-0.46324862666666716,0.46324862666666716
2010-03-05 08:00:00,0.3592666666666667,0.8569813333333336,-0.4977146666666669,0.4977146666666669
2010-03-05 09:00:00,0.5250333333333334,0.582845,-0.057811666666666595,0.057811666666666595
2010-03-05 10:00:00,0.5063666666666667,0.9689240000000003,-0.4625573333333336,0.4625573333333336
2010-03-05 11:00:00,1.4802,1.1560761111111106,0.3241238888888893,0.3241238888888893
2010-03-05 12:00:00,2.010933333333333,1.2741376666666666,0.7367956666666664,0.7367956666666664
2010-03-05 13:00:00,2.0591666666666666,1.7507404350282485,0.3084262316384181,0.3084262316384181
2010-03-05 14:00:00,0.6654666666666667,1.8484427142907167,-1.18297604762405,1.18297604762405
2010-03-05 15:00:00,0.4033666666666667,1.0132219999999998,-0.6098553333333332,0.6098553333333332
2010-03-05 16:00:00,0.3437,1.0287423333333339,-0.6850423333333339,0.6850423333333339
2010-03-05 17:00:00,0.3056666666666666,0.7416594463276834,-0.43599277966101685,0.43599277966101685
2010-03-05 18:00:00,1.6201666666666668,1.0383776214689262,0.5817890451977406,0.5817890451977406
2010-03-05 19:00:00,0.9943,2.2223454632768354,-1.2280454632768354,1.2280454632768354
2010-03-05 20:00:00,0.8813333333333333,1.8984226666666666,-1.0170893333333333,1.0170893333333333
2010-03-05 21:00:00,0.9209666666666666,1.0420502762314383,-0.12108360956477171,0.12108360956477171
2010-03-05 22:00:00,0.4879,0.6950220933333329,-0.20712209333333287,0.20712209333333287
2010-03-05 23:00:00,0.4579,0.5920406129032262,-0.1341406129032262,0.1341406129032262
2010-03-06 00:00:00,0.3701666666666667,0.5847083733333333,-0.21454170666666655,0.21454170666666655
2010-03-06 01:00:00,0.3031666666666667,0.37625066666666673,-0.07308400000000004,0.07308400000000004
2010-03-06 02:00:00,0.3353,0.47436333333333325,-0.13906333333333326,0.13906333333333326
2010-03-06 03:00:00,0.2996,0.44872466666666644,-0.14912466666666646,0.14912466666666646
2010-03-06 04:00:00,0.2946333333333333,0.47680700000000015,-0.18217366666666684,0.18217366666666684
2010-03-06 05:00:00,0.6253333333333333,0.7486339999999998,-0.1233006666666665,0.1233006666666665
2010-03-06 06:00:00,0.8212666666666667,1.44838696,-0.6271202933333332,0.6271202933333332
2010-03-06 07:00:00,0.3238333333333333,0.7904977535969867,-0.4666644202636534,0.4666644202636534
2010-03-06 08:00:00,0.6305,0.6376253617511519,-0.007125361751151971,0.007125361751151971
2010-03-06 09:00:00,1.2609666666666668,1.0889343295238092,0.1720323371428576,0.1720323371428576
2010-03-06 10:00:00,1.1401,1.6746468983050835,-0.5345468983050836,0.5345468983050836
2010-03-06 11:00:00,0.3387666666666666,1.1164165141242932,-0.7776498474576266,0.7776498474576266
2010-03-06 12:00:00,0.3100333333333333,0.792463,-0.4824296666666667,0.4824296666666667
2010-03-06 13:00:00,0.3309333333333333,0.5925003333333329,-0.26156699999999955,0.26156699999999955
2010-03-06 14:00:00,0.3188333333333333,0.5803139999999999,-0.2614806666666666,0.2614806666666666
2010-03-06 15:00:00,1.0034666666666667,0.5603916950844852,0.44307497158218156,0.44307497158218156
2010-03-06 16:00:00,1.066733333333333,1.5814639640251575,-0.5147306306918245,0.5147306306918245
2010-03-06 17:00:00,0.4813,1.6955979466666669,-1.2142979466666668,1.2142979466666668
2010-03-06 18:00:00,0.4736,1.1521738635432668,-0.6785738635432668,0.6785738635432668
2010-03-06 19:00:00,0.4772999999999999,1.143246590117767,-0.6659465901177672,0.6659465901177672
2010-03-06 20:00:00,0.5066666666666667,0.9465234531490015,-0.43985678648233484,0.43985678648233484
2010-03-06 21:00:00,0.5698666666666666,0.7714054764464922,-0.20153880977982552,0.20153880977982552
2010-03-06 22:00:00,0.5049333333333333,0.6050916666666665,-0.10015833333333313,0.10015833333333313
2010-03-06 23:00:00,0.4964666666666666,0.7160874464925757,-0.2196207798259091,0.2196207798259091
2010-03-07 00:00:00,1.1485666666666667,0.7081576294418842,0.44040903722478253,0.44040903722478253
2010-03-07 01:00:00,0.6100666666666666,0.4881582400000003,0.12190842666666635,0.12190842666666635
2010-03-07 02:00:00,0.5323333333333333,0.657161,-0.12482766666666667,0.12482766666666667
2010-03-07 03:00:00,0.5288999999999999,0.6203314799999998,-0.0914314799999999,0.0914314799999999
2010-03-07 04:00:00,0.4928,0.6450184133333334,-0.1522184133333334,0.1522184133333334
2010-03-07 05:00:00,0.4938666666666667,0.7361460604198672,-0.2422793937532005,0.2422793937532005
2010-03-07 06:00:00,0.4886,0.949770355535074,-0.4611703555350741,0.4611703555350741
2010-03-07 07:00:00,0.5188666666666667,0.8857566526037749,-0.3668899859371082,0.3668899859371082
2010-03-07 08:00:00,0.5252666666666667,0.9587559999999996,-0.43348933333333295,0.43348933333333295
2010-03-07 09:00:00,0.4375666666666667,1.0422567813620076,-0.604690114695341,0.604690114695341
2010-03-07 10:00:00,1.0612333333333333,1.167631986666666,-0.10639865333333276,0.10639865333333276
2010-03-07 11:00:00,0.3059,0.8906909491525419,-0.5847909491525418,0.5847909491525418
2010-03-07 12:00:00,0.2935333333333333,0.5389120000000001,-0.24537866666666674,0.24537866666666674
2010-03-07 13:00:00,0.3666,0.5645603333333333,-0.19796033333333335,0.19796033333333335
2010-03-07 14:00:00,1.0190333333333337,0.7463750000000001,0.27265833333333356,0.27265833333333356
2010-03-07 15:00:00,0.7693333333333334,1.3475324511008702,-0.5781991177675367,0.5781991177675367
2010-03-07 16:00:00,2.4348666666666663,1.3937780243830011,1.0410886422836652,1.0410886422836652
2010-03-07 17:00:00,2.575333333333333,2.1566375480225983,0.4186957853107347,0.4186957853107347
2010-03-07 18:00:00,1.5285000000000002,2.4334837570621453,-0.9049837570621451,0.9049837570621451
2010-03-07 19:00:00,2.1405000000000003,1.992065904827585,0.14843409517241524,0.14843409517241524
2010-03-07 20:00:00,2.2098,2.060875333333334,0.14892466666666593,0.14892466666666593
2010-03-07 21:00:00,1.1494333333333333,1.7314929999999993,-0.582059666666666,0.582059666666666
2010-03-07 22:00:00,0.7471666666666666,0.5585873333333334,0.1885793333333332,0.1885793333333332
2010-03-07 23:00:00,0.7091999999999999,0.5591133333333329,0.15008666666666703,0.15008666666666703
2010-03-08 00:00:00,1.0575666666666668,0.6116821989247314,0.44588446774193535,0.44588446774193535
2010-03-08 01:00:00,0.359,0.40566766666666654,-0.04666766666666655,0.04666766666666655
2010-03-08 02:00:00,0.3660333333333333,0.4804343333333334,-0.11440100000000009,0.11440100000000009
2010-03-08 03:00:00,0.3475,0.4604766666666667,-0.11297666666666673,0.11297666666666673
2010-03-08 04:00:00,0.4058333333333334,0.44870002892985156,-0.04286669559651818,0.04286669559651818
2010-03-08 05:00:00,1.0259666666666667,1.144817214689266,-0.1188505480225992,0.1188505480225992
2010-03-08 06:00:00,2.9262333333333337,2.046063,0.8801703333333335,0.8801703333333335
2010-03-08 07:00:00,3.4103,1.9874553333333345,1.4228446666666654,1.4228446666666654
2010-03-08 08:00:00,3.518333333333333,2.1757332641509444,1.3426000691823887,1.3426000691823887
2010-03-08 09:00:00,2.1521,2.290829132075473,-0.13872913207547288,0.13872913207547288
2010-03-08 10:00:00,1.8522333333333327,1.844321333333334,0.007911999999998809,0.007911999999998809
2010-03-08 11:00:00,3.042466666666667,1.917170101694915,1.125296564971752,1.125296564971752
2010-03-08 12:00:00,2.3847,1.929237233770387,0.4554627662296131,0.4554627662296131
2010-03-08 13:00:00,2.026333333333333,1.8465916666666664,0.1797416666666667,0.1797416666666667
2010-03-08 14:00:00,3.969,2.066419971751413,1.902580028248587,1.902580028248587
2010-03-08 15:00:00,2.0823,2.619779666666667,-0.537479666666667,0.537479666666667
2010-03-08 16:00:00,1.5710000000000002,1.6859317062146897,-0.11493170621468951,0.11493170621468951
2010-03-08 17:00:00,1.9182,1.8870560000000003,0.031143999999999616,0.031143999999999616
2010-03-08 18:00:00,1.7293333333333334,2.1924003333333335,-0.4630670000000001,0.4630670000000001
2010-03-08 19:00:00,2.4488666666666665,1.9250084632768352,0.5238582033898314,0.5238582033898314
2010-03-08 20:00:00,1.4269333333333334,2.449654372490055,-1.0227210391567216,1.0227210391567216
2010-03-08 21:00:00,1.5056,1.9173283333333333,-0.41172833333333325,0.41172833333333325
2010-03-08 22:00:00,0.3832666666666666,0.7814436666666666,-0.39817700000000006,0.39817700000000006
2010-03-08 23:00:00,0.3764333333333333,0.37194099999999997,0.00449233333333332,0.00449233333333332
2010-03-09 00:00:00,0.3598666666666666,0.3865043333333334,-0.02663766666666678,0.02663766666666678
2010-03-09 01:00:00,0.4173666666666667,0.43830566666666665,-0.02093899999999993,0.02093899999999993
2010-03-09 02:00:00,0.3937333333333333,0.460642,-0.06690866666666667,0.06690866666666667
2010-03-09 03:00:00,0.3563,0.4058006666666667,-0.04950066666666669,0.04950066666666669
2010-03-09 04:00:00,0.3385999999999999,0.4748043333333335,-0.1362043333333336,0.1362043333333336
2010-03-09 05:00:00,1.043,1.1380949548022594,-0.09509495480225949,0.09509495480225949
2010-03-09 06:00:00,2.7051333333333334,2.214256333333334,0.49087699999999934,0.49087699999999934
2010-03-09 07:00:00,2.2661333333333333,1.8372976666666678,0.4288356666666655,0.4288356666666655
2010-03-09 08:00:00,1.5600333333333334,1.8469773333333337,-0.2869440000000003,0.2869440000000003
2010-03-09 09:00:00,1.5031333333333334,1.5768403333333336,-0.07370700000000019,0.07370700000000019
2010-03-09 10:00:00,1.6102,1.4697043333333326,0.14049566666666746,0.14049566666666746
2010-03-09 11:00:00,1.6400333333333337,1.453153999999999,0.18687933333333473,0.18687933333333473
2010-03-09 12:00:00,2.1889666666666665,1.4522653333333326,0.7367013333333339,0.7367013333333339
2010-03-09 13:00:00,0.7654666666666666,1.9859666666666667,-1.2205,1.2205
2010-03-09 14:00:00,0.4824666666666666,0.7565106666666668,-0.2740440000000002,0.2740440000000002
2010-03-09 15:00:00,0.8643666666666667,0.9013533333333335,-0.03698666666666672,0.03698666666666672
2010-03-09 16:00:00,0.5411,1.246094666666667,-0.704994666666667,0.704994666666667
2010-03-09 17:00:00,0.9225,1.002194862068966,-0.07969486206896603,0.07969486206896603
2010-03-09 18:00:00,1.8510333333333333,1.9290373333333342,-0.07800400000000085,0.07800400000000085
2010-03-09 19:00:00,2.746666666666667,2.4670785649717506,0.27958810169491644,0.27958810169491644
2010-03-09 20:00:00,2.379566666666667,2.1991596219376963,0.1804070447289705,0.1804070447289705
2010-03-09 21:00:00,1.5587666666666666,1.555521666666666,0.0032450000000006085,0.0032450000000006085
2010-03-09 22:00:00,0.4643333333333333,0.8827916666666663,-0.418458333333333,0.418458333333333
2010-03-09 23:00:00,1.1348666666666667,0.5206310000000002,0.6142356666666665,0.6142356666666665
2010-03-10 00:00:00,0.3458666666666666,0.3805746666666666,-0.03470800000000002,0.03470800000000002
2010-03-10 01:00:00,0.348,0.47894499999999984,-0.13094499999999987,0.13094499999999987
2010-03-10 02:00:00,0.3267666666666667,0.47888800000000004,-0.15212133333333333,0.15212133333333333
2010-03-10 03:00:00,0.3226,0.4180193333333333,-0.0954193333333333,0.0954193333333333
2010-03-10 04:00:00,0.3877666666666667,0.4379069999999999,-0.050140333333333176,0.050140333333333176
2010-03-10 05:00:00,0.9798333333333332,1.2051941242937856,-0.22536079096045236,0.22536079096045236
2010-03-10 06:00:00,2.568033333333333,2.122564333333334,0.4454689999999992,0.4454689999999992
2010-03-10 07:00:00,2.0532,1.7657023333333337,0.2874976666666662,0.2874976666666662
2010-03-10 08:00:00,1.9632333333333327,1.9351043563218397,0.028128977011492973,0.028128977011492973
2010-03-10 09:00:00,1.4259,1.4665853333333327,-0.040685333333332796,0.040685333333332796
2010-03-10 10:00:00,1.4626,2.068796666666667,-0.6061966666666672,0.6061966666666672
2010-03-10 11:00:00,1.7757333333333334,1.5321213333333334,0.24361199999999994,0.24361199999999994
2010-03-10 12:00:00,1.5464666666666669,1.6914479999999992,-0.1449813333333323,0.1449813333333323
2010-03-10 13:00:00,1.7727,1.406796666666666,0.3659033333333339,0.3659033333333339
2010-03-10 14:00:00,1.788433333333333,1.836873101694914,-0.048439768361580926,0.048439768361580926
2010-03-10 15:00:00,1.7697333333333334,1.7442356666666674,0.025497666666665975,0.025497666666665975
2010-03-10 16:00:00,1.769,1.6273973333333336,0.14160266666666632,0.14160266666666632
2010-03-10 17:00:00,1.5340666666666667,1.9555043333333342,-0.4214376666666675,0.4214376666666675
2010-03-10 18:00:00,1.086,1.6303919999999996,-0.5443919999999995,0.5443919999999995
2010-03-10 19:00:00,1.0920333333333334,1.896584999999999,-0.8045516666666657,0.8045516666666657
2010-03-10 20:00:00,1.3783666666666667,1.9208829999999997,-0.5425163333333329,0.5425163333333329
2010-03-10 21:00:00,0.9789333333333332,1.760698666666667,-0.7817653333333339,0.7817653333333339
2010-03-10 22:00:00,0.5670666666666667,0.6979143333333336,-0.13084766666666692,0.13084766666666692
2010-03-10 23:00:00,0.7140000000000001,0.5949409999999999,0.11905900000000014,0.11905900000000014
2010-03-11 00:00:00,0.8372666666666667,0.48843733333333306,0.34882933333333366,0.34882933333333366
2010-03-11 01:00:00,0.3254666666666666,0.37042766666666666,-0.04496100000000003,0.04496100000000003
2010-03-11 02:00:00,0.3884999999999999,0.41957500000000003,-0.03107500000000013,0.03107500000000013
2010-03-11 03:00:00,0.3204666666666667,0.3499623333333332,-0.02949566666666653,0.02949566666666653
2010-03-11 04:00:00,0.3272666666666666,0.4475006666666668,-0.12023400000000023,0.12023400000000023
2010-03-11 05:00:00,0.9236666666666667,1.3775549774011293,-0.45388831073446256,0.45388831073446256
2010-03-11 06:00:00,2.0521000000000003,2.0887726666666664,-0.03667266666666613,0.03667266666666613
2010-03-11 07:00:00,1.903233333333333,1.5553726666666667,0.3478606666666664,0.3478606666666664
2010-03-11 08:00:00,1.4354,1.6047843333333327,-0.1693843333333327,0.1693843333333327
2010-03-11 09:00:00,1.4897333333333334,1.3652913333333339,0.1244419999999995,0.1244419999999995
2010-03-11 10:00:00,1.375033333333333,1.3967996666666667,-0.021766333333333554,0.021766333333333554
2010-03-11 11:00:00,1.3797666666666666,1.2732843333333337,0.1064823333333329,0.1064823333333329
2010-03-11 12:00:00,1.4112,1.2146903333333332,0.1965096666666668,0.1965096666666668
2010-03-11 13:00:00,1.4503,1.1984943333333333,0.2518056666666666,0.2518056666666666
2010-03-11 14:00:00,0.3973333333333333,1.0419783333333335,-0.6446450000000001,0.6446450000000001
2010-03-11 15:00:00,0.2986,0.516578,-0.217978,0.217978
2010-03-11 16:00:00,0.3021,0.5407346666666666,-0.2386346666666666,0.2386346666666666
2010-03-11 17:00:00,1.4762,0.6840621129943502,0.7921378870056498,0.7921378870056498
2010-03-11 18:00:00,2.4903666666666666,1.987404333333333,0.5029623333333335,0.5029623333333335
2010-03-11 19:00:00,3.4857333333333336,2.588263953376462,0.8974693799568714,0.8974693799568714
2010-03-11 20:00:00,3.946366666666667,2.8645706666666655,1.0817960000000015,1.0817960000000015
2010-03-11 21:00:00,2.0787,2.458322666666667,-0.3796226666666671,0.3796226666666671
2010-03-11 22:00:00,1.7093666666666667,0.833721,0.8756456666666667,0.8756456666666667
2010-03-11 23:00:00,1.3978,1.2222808799999998,0.17551912000000014,0.17551912000000014
2010-03-12 00:00:00,0.3559,0.9052319999999997,-0.5493319999999997,0.5493319999999997
2010-03-12 01:00:00,0.3019333333333333,0.36228299999999997,-0.06034966666666669,0.06034966666666669
2010-03-12 02:00:00,0.2982666666666667,0.385254,-0.0869873333333333,0.0869873333333333
2010-03-12 03:00:00,0.3071666666666666,0.36755966666666673,-0.06039300000000014,0.06039300000000014
2010-03-12 04:00:00,0.3130333333333333,0.40968033333333337,-0.0966470000000001,0.0966470000000001
2010-03-12 05:00:00,0.3730666666666666,1.2713215254237282,-0.8982548587570616,0.8982548587570616
2010-03-12 06:00:00,2.016766666666667,1.2319741920903955,0.7847924745762713,0.7847924745762713
2010-03-12 07:00:00,2.374,1.7791089999999996,0.5948910000000005,0.5948910000000005
2010-03-12 08:00:00,1.9429,1.7930236666666661,0.14987633333333394,0.14987633333333394
2010-03-12 09:00:00,1.3723999999999998,1.4647350000000003,-0.0923350000000005,0.0923350000000005
2010-03-12 10:00:00,1.4427,1.2984359999999997,0.1442640000000004,0.1442640000000004
2010-03-12 11:00:00,1.4186666666666667,1.2140426666666664,0.20462400000000036,0.20462400000000036
2010-03-12 12:00:00,1.4136333333333333,1.2721793333333333,0.14145399999999997,0.14145399999999997
2010-03-12 13:00:00,1.5757333333333332,1.3081666666666667,0.2675666666666665,0.2675666666666665
2010-03-12 14:00:00,1.2898666666666665,1.3069523333333337,-0.01708566666666722,0.01708566666666722
2010-03-12 15:00:00,1.0065666666666666,0.6078916666666667,0.3986749999999999,0.3986749999999999
2010-03-12 16:00:00,0.6683333333333333,1.1894733333333336,-0.5211400000000003,0.5211400000000003
2010-03-12 17:00:00,1.1187333333333334,1.4113410000000008,-0.2926076666666675,0.2926076666666675
2010-03-12 18:00:00,2.9231666666666665,1.9286543333333328,0.9945123333333337,0.9945123333333337
2010-03-12 19:00:00,0.9018333333333334,2.5706299999999995,-1.6687966666666663,1.6687966666666663
2010-03-12 20:00:00,0.7996333333333333,1.5044970399999997,-0.7048637066666664,0.7048637066666664
2010-03-12 21:00:00,0.7276333333333334,0.9989057828981052,-0.2712724495647718,0.2712724495647718
2010-03-12 22:00:00,1.084,0.5952553333333331,0.48874466666666694,0.48874466666666694
2010-03-12 23:00:00,0.3447666666666666,0.46067266666666673,-0.11590600000000012,0.11590600000000012
2010-03-13 00:00:00,0.3101666666666666,0.48066033333333363,-0.17049366666666704,0.17049366666666704
2010-03-13 01:00:00,0.3087333333333333,0.395787,-0.0870536666666667,0.0870536666666667
2010-03-13 02:00:00,0.3694333333333333,0.4023113333333333,-0.03287800000000002,0.03287800000000002
2010-03-13 03:00:00,0.3033666666666666,0.38699199999999984,-0.08362533333333322,0.08362533333333322
2010-03-13 04:00:00,0.3121333333333333,0.4662893333333335,-0.15415600000000018,0.15415600000000018
2010-03-13 05:00:00,0.6093666666666666,0.8453873333333337,-0.2360206666666671,0.2360206666666671
2010-03-13 06:00:00,2.109233333333333,1.645102506666666,0.46413082666666705,0.46413082666666705
2010-03-13 07:00:00,1.6128,1.8171766666666678,-0.20437666666666776,0.20437666666666776
2010-03-13 08:00:00,1.8924,1.670145666666667,0.2222543333333331,0.2222543333333331
2010-03-13 09:00:00,2.7700666666666667,1.7418093580751997,1.028257308591467,1.028257308591467
2010-03-13 10:00:00,2.0014,2.2417343333333335,-0.24033433333333365,0.24033433333333365
2010-03-13 11:00:00,2.3242333333333334,1.7790217683615825,0.5452115649717508,0.5452115649717508
2010-03-13 12:00:00,1.719,1.8503360000000009,-0.13133600000000079,0.13133600000000079
2010-03-13 13:00:00,3.0405666666666664,1.7665714350282489,1.2739952316384175,1.2739952316384175
2010-03-13 14:00:00,2.125566666666667,2.1767337683615824,-0.05116710169491556,0.05116710169491556
2010-03-13 15:00:00,0.9097666666666666,2.0352460123781815,-1.1254793457115149,1.1254793457115149
2010-03-13 16:00:00,2.875266666666666,1.3293599999999999,1.5459066666666663,1.5459066666666663
2010-03-13 17:00:00,3.8424,2.430789553672315,1.411610446327685,1.411610446327685
2010-03-13 18:00:00,3.420666666666667,3.3022446666666645,0.11842200000000247,0.11842200000000247
2010-03-13 19:00:00,2.0950333333333333,3.074045666666666,-0.9790123333333325,0.9790123333333325
2010-03-13 20:00:00,1.4258,2.500284203389831,-1.074484203389831,1.074484203389831
2010-03-13 21:00:00,1.454,1.38969952,0.06430048,0.06430048
2010-03-13 22:00:00,1.5406666666666666,1.3156426666666667,0.2250239999999999,0.2250239999999999
2010-03-13 23:00:00,1.516133333333333,1.2255817333333332,0.2905515999999999,0.2905515999999999
2010-03-14 00:00:00,0.9950666666666668,1.2729366666666662,-0.2778699999999994,0.2778699999999994
2010-03-14 01:00:00,0.3297666666666667,0.36039799999999994,-0.030631333333333233,0.030631333333333233
2010-03-14 02:00:00,0.3325333333333333,0.3768969999999999,-0.044363666666666635,0.044363666666666635
2010-03-14 03:00:00,0.3968666666666667,0.41934899999999986,-0.02248233333333316,0.02248233333333316
2010-03-14 04:00:00,0.3099333333333333,0.4402656666666666,-0.13033233333333333,0.13033233333333333
2010-03-14 05:00:00,0.3056333333333333,0.3770190000000001,-0.07138566666666679,0.07138566666666679
2010-03-14 06:00:00,0.3386666666666666,0.52798,-0.1893133333333334,0.1893133333333334
2010-03-14 07:00:00,0.3276333333333333,0.9043510000000002,-0.5767176666666669,0.5767176666666669
2010-03-14 08:00:00,0.8662,0.8942726666666668,-0.028072666666666857,0.028072666666666857
2010-03-14 09:00:00,1.1476333333333335,1.691293333333333,-0.5436599999999996,0.5436599999999996
2010-03-14 10:00:00,1.0257333333333334,1.6145711807909613,-0.5888378474576279,0.5888378474576279
2010-03-14 11:00:00,1.7820333333333334,1.8323184505888377,-0.05028511725550433,0.05028511725550433
2010-03-14 12:00:00,1.7599333333333331,1.9327039999999993,-0.17277066666666618,0.17277066666666618
2010-03-14 13:00:00,1.0251666666666666,1.8572249999999988,-0.8320583333333322,0.8320583333333322
2010-03-14 14:00:00,1.040333333333333,1.064735,-0.024401666666666877,0.024401666666666877
2010-03-14 15:00:00,0.7776666666666666,0.9822526175115209,-0.20458595084485431,0.20458595084485431
2010-03-14 16:00:00,1.5238,1.4729550095238102,0.050844990476189844,0.050844990476189844
2010-03-14 17:00:00,1.1731333333333334,1.8939176133333342,-0.7207842800000008,0.7207842800000008
2010-03-14 18:00:00,1.6451333333333331,2.084152898305084,-0.439019564971751,0.439019564971751
2010-03-14 19:00:00,1.5069666666666668,2.179457937853106,-0.6724912711864393,0.6724912711864393
2010-03-14 20:00:00,2.9930666666666665,1.9483709777777773,1.0446956888888892,1.0446956888888892
2010-03-14 21:00:00,1.7999,1.6828878361097126,0.11701216389028746,0.11701216389028746
2010-03-14 22:00:00,1.1929666666666667,0.8677709733333332,0.32519569333333354,0.32519569333333354
2010-03-14 23:00:00,0.4296666666666667,0.5731293333333334,-0.14346266666666668,0.14346266666666668
2010-03-15 00:00:00,0.3202,0.4008773333333333,-0.08067733333333332,0.08067733333333332
2010-03-15 01:00:00,0.5629666666666666,0.4759426666666666,0.08702399999999999,0.08702399999999999
2010-03-15 02:00:00,0.6747333333333334,0.6630840000000005,0.011649333333332956,0.011649333333332956
2010-03-15 03:00:00,0.3063333333333333,0.40778599999999976,-0.10145266666666647,0.10145266666666647
2010-03-15 04:00:00,0.3878333333333333,0.3497890000000001,0.03804433333333318,0.03804433333333318
2010-03-15 05:00:00,0.6480333333333334,1.0580111920903956,-0.4099778587570623,0.4099778587570623
2010-03-15 06:00:00,1.9643333333333333,1.8945440000000004,0.06978933333333281,0.06978933333333281
2010-03-15 07:00:00,1.4282666666666666,1.5896573333333337,-0.16139066666666713,0.16139066666666713
2010-03-15 08:00:00,1.4862666666666666,1.5628056666666663,-0.07653899999999969,0.07653899999999969
2010-03-15 09:00:00,1.5205666666666666,1.4941183333333334,0.026448333333333185,0.026448333333333185
2010-03-15 10:00:00,1.5355666666666667,1.3959583333333327,0.139608333333334,0.139608333333334
2010-03-15 11:00:00,1.6847,1.392467666666667,0.292232333333333,0.292232333333333
2010-03-15 12:00:00,1.4186666666666667,1.6882279999999996,-0.2695613333333329,0.2695613333333329
2010-03-15 13:00:00,1.4522000000000002,1.444247,0.007953000000000099,0.007953000000000099
2010-03-15 14:00:00,1.5034999999999998,1.3287576666666674,0.17474233333333244,0.17474233333333244
2010-03-15 15:00:00,1.0247333333333333,1.3564926666666668,-0.3317593333333335,0.3317593333333335
2010-03-15 16:00:00,0.4724,0.7856360000000002,-0.31323600000000024,0.31323600000000024
2010-03-15 17:00:00,0.4889333333333333,1.0238802298850578,-0.5349468965517246,0.5349468965517246
2010-03-15 18:00:00,2.9292333333333334,2.0121716666666667,0.9170616666666667,0.9170616666666667
2010-03-15 19:00:00,2.7648,2.7169868697766497,0.04781313022335043,0.04781313022335043
2010-03-15 20:00:00,2.5572666666666666,2.449242333333334,0.10802433333333239,0.10802433333333239
2010-03-15 21:00:00,1.7437,1.7167483685035376,0.026951631496462403,0.026951631496462403
2010-03-15 22:00:00,0.5592666666666666,0.9700660000000006,-0.41079933333333407,0.41079933333333407
2010-03-15 23:00:00,0.3128333333333333,0.4761849999999999,-0.16335166666666662,0.16335166666666662
2010-03-16 00:00:00,0.4021333333333333,0.3637883333333334,0.03834499999999991,0.03834499999999991
2010-03-16 01:00:00,0.3346,0.38992933333333335,-0.05532933333333334,0.05532933333333334
2010-03-16 02:00:00,0.2996333333333333,0.3740796666666665,-0.07444633333333317,0.07444633333333317
2010-03-16 03:00:00,0.9006333333333333,0.4097046666666666,0.4909286666666667,0.4909286666666667
2010-03-16 04:00:00,0.3387666666666666,0.3554976666666667,-0.016731000000000107,0.016731000000000107
2010-03-16 05:00:00,1.5128,1.3141550000000004,0.19864499999999952,0.19864499999999952
2010-03-16 06:00:00,1.6480666666666666,2.6278345649717516,-0.979767898305085,0.979767898305085
2010-03-16 07:00:00,2.039266666666667,1.7041720000000011,0.33509466666666565,0.33509466666666565
2010-03-16 08:00:00,1.6070666666666669,1.7767571016949149,-0.169690435028248,0.169690435028248
2010-03-16 09:00:00,1.4285333333333334,1.6655123333333333,-0.23697899999999983,0.23697899999999983
2010-03-16 10:00:00,1.486,1.515330333333333,-0.029330333333333014,0.029330333333333014
2010-03-16 11:00:00,1.3935,1.4795406666666664,-0.08604066666666643,0.08604066666666643
2010-03-16 12:00:00,0.6030666666666666,1.2233099999999997,-0.620243333333333,0.620243333333333
2010-03-16 13:00:00,0.5227333333333334,0.8644012816180235,-0.34166794828469016,0.34166794828469016
2010-03-16 14:00:00,0.6385666666666666,0.7799186666666665,-0.14135199999999992,0.14135199999999992
2010-03-16 15:00:00,0.7162333333333334,0.9320373333333333,-0.21580399999999988,0.21580399999999988
2010-03-16 16:00:00,0.7192333333333334,1.1512140000000002,-0.4319806666666668,0.4319806666666668
2010-03-16 17:00:00,1.5573666666666668,1.2798776666666667,0.2774890000000001,0.2774890000000001
2010-03-16 18:00:00,1.713666666666667,2.0055673333333335,-0.2919006666666666,0.2919006666666666
2010-03-16 19:00:00,1.4661333333333333,2.1751989999999983,-0.709065666666665,0.709065666666665
2010-03-16 20:00:00,1.6969,1.9814759999999996,-0.2845759999999995,0.2845759999999995
2010-03-16 21:00:00,1.9267666666666663,1.7674236666666665,0.1593429999999998,0.1593429999999998
2010-03-16 22:00:00,0.4463333333333333,0.8389096666666663,-0.392576333333333,0.392576333333333
2010-03-16 23:00:00,0.3472333333333333,0.48969866666666667,-0.1424653333333334,0.1424653333333334
2010-03-17 00:00:00,0.3188333333333333,0.41851600000000017,-0.09968266666666686,0.09968266666666686
2010-03-17 01:00:00,0.4117,0.4052163333333331,0.006483666666666887,0.006483666666666887
2010-03-17 02:00:00,0.3802666666666666,0.43959666666666647,-0.05932999999999988,0.05932999999999988
2010-03-17 03:00:00,0.3318333333333333,0.375534,-0.043700666666666665,0.043700666666666665
2010-03-17 04:00:00,0.3190666666666667,0.46716566666666665,-0.14809899999999993,0.14809899999999993
2010-03-17 05:00:00,1.0988,1.3011226666666666,-0.20232266666666665,0.20232266666666665
2010-03-17 06:00:00,2.053033333333333,1.9318280000000008,0.12120533333333228,0.12120533333333228
2010-03-17 07:00:00,2.0062333333333333,1.771431379310345,0.23480195402298842,0.23480195402298842
2010-03-17 08:00:00,1.9442333333333333,1.8601106666666667,0.08412266666666657,0.08412266666666657
2010-03-17 09:00:00,1.4418666666666666,1.4813896666666664,-0.03952299999999975,0.03952299999999975
2010-03-17 10:00:00,1.7805333333333333,1.8094913333333325,-0.02895799999999915,0.02895799999999915
2010-03-17 11:00:00,2.943233333333333,1.354351666666666,1.5888816666666672,1.5888816666666672
2010-03-17 12:00:00,2.515133333333333,2.082599,0.4325343333333329,0.4325343333333329
2010-03-17 13:00:00,1.7026666666666666,2.4317108267678194,-0.7290441601011528,0.7290441601011528
2010-03-17 14:00:00,1.6951,1.8170774350282497,-0.12197743502824965,0.12197743502824965
2010-03-17 15:00:00,1.4500666666666668,1.767420333333333,-0.3173536666666661,0.3173536666666661
2010-03-17 16:00:00,1.270333333333333,1.3136796666666672,-0.04334633333333415,0.04334633333333415
2010-03-17 17:00:00,2.4340333333333333,1.611009666666666,0.8230236666666673,0.8230236666666673
2010-03-17 18:00:00,1.7009666666666663,2.754002333333332,-1.0530356666666656,1.0530356666666656
2010-03-17 19:00:00,1.3442,2.1007783448275843,-0.7565783448275842,0.7565783448275842
2010-03-17 20:00:00,2.2485,2.114146808104423,0.13435319189557715,0.13435319189557715
2010-03-17 21:00:00,1.3505333333333334,1.5041249999999997,-0.15359166666666635,0.15359166666666635
2010-03-17 22:00:00,0.3971,0.7153116666666667,-0.31821166666666667,0.31821166666666667
2010-03-17 23:00:00,0.3686,0.4614666666666667,-0.09286666666666671,0.09286666666666671
2010-03-18 00:00:00,0.3888666666666667,0.3758783333333333,0.01298833333333338,0.01298833333333338
2010-03-18 01:00:00,0.3170666666666666,0.3713936666666667,-0.05432700000000007,0.05432700000000007
2010-03-18 02:00:00,0.3347333333333333,0.4102519999999999,-0.07551866666666657,0.07551866666666657
2010-03-18 03:00:00,0.3001666666666666,0.4470036666666666,-0.146837,0.146837
2010-03-18 04:00:00,0.6350333333333332,0.4643353333333332,0.17069800000000002,0.17069800000000002
2010-03-18 05:00:00,1.9907,1.0158960000000006,0.9748039999999993,0.9748039999999993
2010-03-18 06:00:00,1.7793,2.091910666666666,-0.3126106666666657,0.3126106666666657
2010-03-18 07:00:00,1.7546,1.7105786666666665,0.04402133333333347,0.04402133333333347
2010-03-18 08:00:00,1.3706333333333334,1.5622376666666662,-0.19160433333333282,0.19160433333333282
2010-03-18 09:00:00,1.5128333333333333,1.3820320000000001,0.1308013333333331,0.1308013333333331
2010-03-18 10:00:00,0.5765,1.3362406666666666,-0.7597406666666666,0.7597406666666666
2010-03-18 11:00:00,0.4422666666666667,0.6301159999999998,-0.1878493333333331,0.1878493333333331
2010-03-18 12:00:00,0.4102333333333333,0.702128666666667,-0.2918953333333337,0.2918953333333337
2010-03-18 13:00:00,0.4148666666666666,0.6325366666666665,-0.21766999999999992,0.21766999999999992
2010-03-18 14:00:00,0.8074666666666667,0.5650800000000001,0.24238666666666653,0.24238666666666653
2010-03-18 15:00:00,0.8887333333333333,1.0255186888888894,-0.13678535555555615,0.13678535555555615
2010-03-18 16:00:00,1.2522666666666666,1.2739348335381466,-0.021668166871479988,0.021668166871479988
2010-03-18 17:00:00,1.6198666666666666,1.6221947066666669,-0.0023280400000003088,0.0023280400000003088
2010-03-18 18:00:00,2.497466666666667,2.081503898305084,0.41596276836158275,0.41596276836158275
2010-03-18 19:00:00,3.016966666666667,2.6064683034130853,0.41049836325358147,0.41049836325358147
2010-03-18 20:00:00,1.9589,2.21811108377424,-0.25921108377423985,0.25921108377423985
2010-03-18 21:00:00,0.8262,1.6402113333333344,-0.8140113333333343,0.8140113333333343
2010-03-18 22:00:00,0.5804333333333334,0.5870289999999997,-0.006595666666666333,0.006595666666666333
2010-03-18 23:00:00,0.4798666666666667,0.49469700000000005,-0.014830333333333334,0.014830333333333334
2010-03-19 00:00:00,0.5263333333333333,0.4716461200000001,0.05468721333333321,0.05468721333333321
2010-03-19 01:00:00,0.5513666666666667,0.49356929333333327,0.0577973733333334,0.0577973733333334
2010-03-19 02:00:00,0.7347333333333333,0.47152899999999986,0.2632043333333335,0.2632043333333335
2010-03-19 03:00:00,0.903,0.5909502821300564,0.3120497178699436,0.3120497178699436
2010-03-19 04:00:00,0.5111333333333333,0.48837485333333314,0.022758480000000192,0.022758480000000192
2010-03-19 05:00:00,0.7307666666666667,1.0501572146892657,-0.31939054802259903,0.31939054802259903
2010-03-19 06:00:00,1.4206,1.671502198412698,-0.250902198412698,0.250902198412698
2010-03-19 07:00:00,1.8107333333333333,1.3987310000000002,0.41200233333333314,0.41200233333333314
2010-03-19 08:00:00,1.4098,1.496569666666666,-0.08676966666666597,0.08676966666666597
2010-03-19 09:00:00,1.4702,1.3817016666666668,0.08849833333333312,0.08849833333333312
2010-03-19 10:00:00,1.3697666666666668,1.37568,-0.005913333333333215,0.005913333333333215
2010-03-19 11:00:00,1.4409666666666667,1.320680666666666,0.12028600000000078,0.12028600000000078
2010-03-19 12:00:00,1.4527333333333334,1.1918713333333328,0.2608620000000006,0.2608620000000006
2010-03-19 13:00:00,1.5994666666666668,1.1711056666666662,0.42836100000000066,0.42836100000000066
2010-03-19 14:00:00,1.4221,1.3358093333333334,0.08629066666666652,0.08629066666666652
2010-03-19 15:00:00,0.4469,1.1492778,-0.7023777999999998,0.7023777999999998
2010-03-19 16:00:00,0.5118,0.9966216666666666,-0.4848216666666666,0.4848216666666666
2010-03-19 17:00:00,0.7758,0.9753535977011498,-0.19955359770114978,0.19955359770114978
2010-03-19 18:00:00,2.7238666666666664,1.8797663333333334,0.844100333333333,0.844100333333333
2010-03-19 19:00:00,1.8819666666666663,2.6851576666666666,-0.8031910000000002,0.8031910000000002
2010-03-19 20:00:00,1.4046666666666667,1.8663653599999988,-0.461698693333332,0.461698693333332
2010-03-19 21:00:00,1.4761333333333333,1.3705876666666663,0.10554566666666698,0.10554566666666698
2010-03-19 22:00:00,0.6683666666666668,1.1813716666666665,-0.5130049999999997,0.5130049999999997
2010-03-19 23:00:00,1.1322666666666668,0.5275723333333334,0.6046943333333333,0.6046943333333333
2010-03-20 00:00:00,0.3903999999999999,0.4013583333333334,-0.010958333333333459,0.010958333333333459
2010-03-20 01:00:00,0.35,0.5084736666666669,-0.15847366666666696,0.15847366666666696
2010-03-20 02:00:00,0.3725384615384615,0.4090216666666666,-0.03648320512820513,0.03648320512820513
2010-03-20 03:00:00,0.3908755656108597,0.35719966666666664,0.03367589894419304,0.03367589894419304
2010-03-20 04:00:00,0.4092126696832578,0.43918766666666653,-0.02997499698340872,0.02997499698340872
2010-03-20 05:00:00,0.427549773755656,0.8076950533333335,-0.38014527957767746,0.38014527957767746
2010-03-20 06:00:00,0.4458868778280542,1.5594139999999999,-1.1135271221719456,1.1135271221719456
2010-03-20 07:00:00,0.4642239819004524,1.0181875866666668,-0.5539636047662144,0.5539636047662144
2010-03-20 08:00:00,0.4825610859728506,1.3537846266666669,-0.8712235406938162,0.8712235406938162
2010-03-20 09:00:00,0.5008981900452488,1.2585902933333335,-0.7576921032880847,0.7576921032880847
2010-03-20 10:00:00,0.519235294117647,1.2138410666666664,-0.6946057725490193,0.6946057725490193
2010-03-20 11:00:00,0.5375723981900452,1.465512066666668,-0.9279396684766227,0.9279396684766227
2010-03-20 12:00:00,0.5559095022624434,1.4702626266666676,-0.9143531244042242,0.9143531244042242
2010-03-20 13:00:00,0.5742466063348416,1.434032490721967,-0.8597858843871254,0.8597858843871254
2010-03-20 14:00:00,0.5925837104072398,1.2310699999999997,-0.6384862895927599,0.6384862895927599
2010-03-20 15:00:00,0.610920814479638,1.1841337466666664,-0.5732129321870284,0.5732129321870284
2010-03-20 16:00:00,0.6292579185520362,1.3866264596006146,-0.7573685410485784,0.7573685410485784
2010-03-20 17:00:00,0.6475950226244344,1.2249044359959038,-0.5773094133714695,0.5773094133714695
2010-03-20 18:00:00,0.6659321266968325,1.5621166086691078,-0.8961844819722753,0.8961844819722753
2010-03-20 19:00:00,0.6842692307692307,1.6018460267438648,-0.917576795974634,0.917576795974634
2010-03-20 20:00:00,0.7026063348416289,1.3561303187711211,-0.6535239839294922,0.6535239839294922
2010-03-20 21:00:00,0.7209434389140271,1.0331069071582177,-0.3121634682441906,0.3121634682441906
2010-03-20 22:00:00,0.7392805429864253,0.7488533481822833,-0.009572805195858014,0.009572805195858014
2010-03-20 23:00:00,0.7576176470588235,0.7598610340296983,-0.0022433869708747833,0.0022433869708747833
2010-03-21 00:00:00,0.7759547511312217,0.6330990281618025,0.14285572296941917,0.14285572296941917
2010-03-21 01:00:00,0.7942918552036199,0.6529114981054791,0.14138035709814079,0.14138035709814079
2010-03-21 02:00:00,0.8126289592760181,0.7024914436763955,0.11013751559962259,0.11013751559962259
2010-03-21 03:00:00,0.8309660633484163,0.7181355806451609,0.11283048270325535,0.11283048270325535
2010-03-21 04:00:00,0.8493031674208145,0.8477899006656426,0.001513266755171827,0.001513266755171827
2010-03-21 05:00:00,0.8676402714932127,1.1166202555657965,-0.24897998407258382,0.24897998407258382
2010-03-21 06:00:00,0.8859773755656108,1.3516328660215058,-0.46565549045589494,0.46565549045589494
2010-03-21 07:00:00,0.904314479638009,1.2769288716129032,-0.3726143919748942,0.3726143919748942
2010-03-21 08:00:00,0.9226515837104072,1.3118997219559652,-0.38924813824555793,0.38924813824555793
2010-03-21 09:00:00,0.9409886877828054,1.2985117933947774,-0.357523105611972,0.357523105611972
2010-03-21 10:00:00,0.9593257918552036,1.4372518384536612,-0.4779260465984576,0.4779260465984576
2010-03-21 11:00:00,0.9776628959276018,1.4435729805632362,-0.46591008463563444,0.46591008463563444
2010-03-21 12:00:00,0.996,1.5775659016897092,-0.5815659016897092,0.5815659016897092
2010-03-21 13:00:00,1.740033333333333,1.5435122737839229,0.19652105954941024,0.19652105954941024
2010-03-21 14:00:00,1.8443333333333327,1.8549096666666671,-0.010576333333334409,0.010576333333334409
2010-03-21 15:00:00,1.3615333333333333,2.0291660395480227,-0.6676327062146894,0.6676327062146894
2010-03-21 16:00:00,0.4169333333333333,1.3723518400000003,-0.955418506666667,0.955418506666667
2010-03-21 17:00:00,0.5179666666666667,1.0550551436251923,-0.5370884769585256,0.5370884769585256
2010-03-21 18:00:00,2.5237666666666665,1.1611027043010755,1.362663962365591,1.362663962365591
2010-03-21 19:00:00,2.4922,2.7319719999999994,-0.23977199999999943,0.23977199999999943
2010-03-21 20:00:00,2.499,2.486670000000001,0.012329999999999064,0.012329999999999064
2010-03-21 21:00:00,0.693,1.6597578984795118,-0.9667578984795119,0.9667578984795119
2010-03-21 22:00:00,0.8506666666666667,0.5050796666666666,0.3455870000000001,0.3455870000000001
2010-03-21 23:00:00,0.5723333333333334,0.6199473151561699,-0.04761398182283649,0.04761398182283649
2010-03-22 00:00:00,0.3132333333333333,0.5345816666666666,-0.2213483333333333,0.2213483333333333
2010-03-22 01:00:00,0.9101333333333332,0.38475866666666664,0.5253746666666665,0.5253746666666665
2010-03-22 02:00:00,0.3066,0.3556323333333333,-0.04903233333333329,0.04903233333333329
2010-03-22 03:00:00,0.3762333333333333,0.4175636666666667,-0.04133033333333341,0.04133033333333341
2010-03-22 04:00:00,0.3719666666666666,0.419657,-0.04769033333333339,0.04769033333333339
2010-03-22 05:00:00,1.4194666666666664,1.01167797740113,0.40778868926553646,0.40778868926553646
2010-03-22 06:00:00,1.8172,2.1885804444444443,-0.3713804444444444,0.3713804444444444
2010-03-22 07:00:00,1.4144666666666663,1.694778333333333,-0.28031166666666674,0.28031166666666674
2010-03-22 08:00:00,1.3724333333333334,1.3689456666666664,0.0034876666666669998,0.0034876666666669998
2010-03-22 09:00:00,1.4026666666666665,1.3662019999999995,0.036464666666667034,0.036464666666667034
2010-03-22 10:00:00,1.3682666666666667,1.3754936666666664,-0.00722699999999965,0.00722699999999965
2010-03-22 11:00:00,1.6665,1.3265049999999996,0.3399950000000005,0.3399950000000005
2010-03-22 12:00:00,1.5623,1.5266696666666666,0.03563033333333343,0.03563033333333343
2010-03-22 13:00:00,1.4723333333333335,1.2852856666666668,0.18704766666666672,0.18704766666666672
2010-03-22 14:00:00,1.3941666666666668,1.297842,0.09632466666666684,0.09632466666666684
2010-03-22 15:00:00,1.2397333333333334,1.0605050000000003,0.1792283333333331,0.1792283333333331
2010-03-22 16:00:00,0.3116,0.576786,-0.26518600000000003,0.26518600000000003
2010-03-22 17:00:00,0.7655666666666666,0.7752654463276833,-0.009698779661016732,0.009698779661016732
2010-03-22 18:00:00,1.4284,1.8018276666666662,-0.37342766666666627,0.37342766666666627
2010-03-22 19:00:00,2.133666666666667,2.2925253615819203,-0.15885869491525328,0.15885869491525328
2010-03-22 20:00:00,1.9000666666666668,2.462513,-0.5624463333333332,0.5624463333333332
2010-03-22 21:00:00,1.1565,1.4600776666666673,-0.3035776666666672,0.3035776666666672
2010-03-22 22:00:00,0.3006666666666666,0.5482582857142857,-0.24759161904761912,0.24759161904761912
2010-03-22 23:00:00,0.336,0.5068653333333333,-0.17086533333333326,0.17086533333333326
2010-03-23 00:00:00,1.0460666666666667,0.4544973333333335,0.5915693333333332,0.5915693333333332
2010-03-23 01:00:00,0.3766,0.326054,0.05054599999999998,0.05054599999999998
2010-03-23 02:00:00,0.3726333333333333,0.4026086666666667,-0.02997533333333341,0.02997533333333341
2010-03-23 03:00:00,0.3324,0.37786333333333316,-0.04546333333333319,0.04546333333333319
2010-03-23 04:00:00,0.2896333333333333,0.4063326666666665,-0.11669933333333321,0.11669933333333321
2010-03-23 05:00:00,0.4881666666666666,1.246909666666667,-0.7587430000000004,0.7587430000000004
2010-03-23 06:00:00,1.2795333333333334,1.8368206666666669,-0.5572873333333335,0.5572873333333335
2010-03-23 07:00:00,2.2160333333333333,1.5598660000000006,0.6561673333333327,0.6561673333333327
2010-03-23 08:00:00,1.9458666666666664,1.7399686666666676,0.2058979999999988,0.2058979999999988
2010-03-23 09:00:00,1.6406666666666667,1.721757666666667,-0.08109100000000025,0.08109100000000025
2010-03-23 10:00:00,1.4788,1.5086993333333343,-0.029899333333334388,0.029899333333334388
2010-03-23 11:00:00,1.4708333333333334,1.5723316666666667,-0.10149833333333325,0.10149833333333325
2010-03-23 12:00:00,1.3836666666666666,1.4163166666666667,-0.03265000000000007,0.03265000000000007
2010-03-23 13:00:00,1.6086666666666667,1.2080023333333334,0.4006643333333333,0.4006643333333333
2010-03-23 14:00:00,2.227,1.4946273333333335,0.7323726666666663,0.7323726666666663
2010-03-23 15:00:00,1.0178333333333334,2.002848372881355,-0.9850150395480215,0.9850150395480215
2010-03-23 16:00:00,0.5794333333333334,1.4012260421845573,-0.8217927088512239,0.8217927088512239
2010-03-23 17:00:00,0.5272666666666667,1.7224950000000003,-1.1952283333333336,1.1952283333333336
2010-03-23 18:00:00,2.4463,1.857725,0.5885749999999998,0.5885749999999998
2010-03-23 19:00:00,2.495966666666667,2.903813666666666,-0.40784699999999896,0.40784699999999896
2010-03-23 20:00:00,2.5015,2.3480320686627145,0.15346793133728553,0.15346793133728553
2010-03-23 21:00:00,1.8261,1.6064387575854298,0.2196612424145703,0.2196612424145703
2010-03-23 22:00:00,0.4824,0.7082833333333332,-0.22588333333333316,0.22588333333333316
2010-03-23 23:00:00,0.3018333333333333,0.490256,-0.18842266666666674,0.18842266666666674
2010-03-24 00:00:00,0.3469,0.3539260000000001,-0.007026000000000088,0.007026000000000088
2010-03-24 01:00:00,0.3137666666666667,0.4442786666666666,-0.1305119999999999,0.1305119999999999
2010-03-24 02:00:00,0.7480333333333333,0.388994,0.3590393333333333,0.3590393333333333
2010-03-24 03:00:00,0.6702666666666667,0.46634566666666677,0.2039209999999999,0.2039209999999999
2010-03-24 04:00:00,0.3399,0.46572099999999994,-0.12582099999999996,0.12582099999999996
2010-03-24 05:00:00,1.3865,1.1486414293785314,0.23785857062146865,0.23785857062146865
2010-03-24 06:00:00,1.7335,2.1764693333333334,-0.4429693333333333,0.4429693333333333
2010-03-24 07:00:00,1.7883666666666664,1.4947880000000007,0.29357866666666577,0.29357866666666577
2010-03-24 08:00:00,1.748,1.6082586666666663,0.13974133333333372,0.13974133333333372
2010-03-24 09:00:00,1.8031333333333333,1.5397960000000004,0.26333733333333287,0.26333733333333287
2010-03-24 10:00:00,3.1818666666666666,1.5868170000000008,1.5950496666666658,1.5950496666666658
2010-03-24 11:00:00,2.1743666666666663,2.2415305974842776,-0.0671639308176113,0.0671639308176113
2010-03-24 12:00:00,2.583633333333333,2.1770987457627116,0.4065345875706212,0.4065345875706212
2010-03-24 13:00:00,3.0535666666666668,2.015874163673413,1.0376925029932536,1.0376925029932536
2010-03-24 14:00:00,1.5098666666666667,2.1333476340293727,-0.623480967362706,0.623480967362706
2010-03-24 15:00:00,0.6813,1.5476506666666676,-0.8663506666666676,0.8663506666666676
2010-03-24 16:00:00,0.7332,1.1313850000000003,-0.39818500000000034,0.39818500000000034
2010-03-24 17:00:00,0.639,1.5688993333333332,-0.9298993333333332,0.9298993333333332
2010-03-24 18:00:00,1.3214666666666666,1.7478176666666676,-0.42635100000000103,0.42635100000000103
2010-03-24 19:00:00,2.077533333333333,2.165338678160918,-0.08780534482758506,0.08780534482758506
2010-03-24 20:00:00,2.395966666666667,2.6911636666666667,-0.29519699999999993,0.29519699999999993
2010-03-24 21:00:00,1.2585000000000002,1.6897732824858758,-0.4312732824858756,0.4312732824858756
2010-03-24 22:00:00,0.4553999999999999,0.5218503333333332,-0.06645033333333328,0.06645033333333328
2010-03-24 23:00:00,0.4555333333333333,0.4869170000000002,-0.03138366666666692,0.03138366666666692
2010-03-25 00:00:00,0.4805666666666666,0.42210633333333336,0.058460333333333225,0.058460333333333225
2010-03-25 01:00:00,0.4720333333333333,0.5119402399999999,-0.03990690666666663,0.03990690666666663
2010-03-25 02:00:00,0.5093,0.45433135999999996,0.05496864000000001,0.05496864000000001
2010-03-25 03:00:00,0.4585333333333333,0.5459773333333332,-0.08744399999999991,0.08744399999999991
2010-03-25 04:00:00,0.9827333333333332,0.4854600000000001,0.4972733333333331,0.4972733333333331
2010-03-25 05:00:00,1.2152666666666667,1.133722333333334,0.08154433333333277,0.08154433333333277
2010-03-25 06:00:00,1.9532333333333327,2.0183589999999993,-0.06512566666666664,0.06512566666666664
2010-03-25 07:00:00,2.0081333333333333,1.5792206666666675,0.42891266666666583,0.42891266666666583
2010-03-25 08:00:00,1.7284666666666666,1.6476396666666668,0.08082699999999976,0.08082699999999976
2010-03-25 09:00:00,1.7499,1.5501673333333335,0.19973266666666656,0.19973266666666656
2010-03-25 10:00:00,1.7058666666666666,1.630219333333333,0.07564733333333362,0.07564733333333362
2010-03-25 11:00:00,1.8108,1.4570289999999997,0.3537710000000003,0.3537710000000003
2010-03-25 12:00:00,1.5268666666666666,1.5356083333333326,-0.008741666666665981,0.008741666666665981
2010-03-25 13:00:00,0.4686,1.2857356666666666,-0.8171356666666666,0.8171356666666666
2010-03-25 14:00:00,0.3382333333333333,0.6556190000000004,-0.3173856666666671,0.3173856666666671
2010-03-25 15:00:00,0.3402,0.43440733333333326,-0.09420733333333325,0.09420733333333325
2010-03-25 16:00:00,0.385,0.5203933333333334,-0.13539333333333337,0.13539333333333337
2010-03-25 17:00:00,0.7995333333333333,0.6988680000000003,0.10066533333333305,0.10066533333333305
2010-03-25 18:00:00,1.5967333333333331,1.855373666666667,-0.2586403333333338,0.2586403333333338
2010-03-25 19:00:00,2.431766666666667,2.4176380549905825,0.014128611676084368,0.014128611676084368
2010-03-25 20:00:00,2.121633333333333,1.9978549700797519,0.12377836325358116,0.12377836325358116
2010-03-25 21:00:00,1.5938666666666668,1.4720453333333328,0.121821333333334,0.121821333333334
2010-03-25 22:00:00,0.8652666666666666,1.049360000000001,-0.18409333333333433,0.18409333333333433
2010-03-25 23:00:00,0.3375666666666667,0.375455,-0.0378883333333333,0.0378883333333333
2010-03-26 00:00:00,0.4082,0.35384999999999983,0.054350000000000176,0.054350000000000176
2010-03-26 01:00:00,0.3740333333333333,0.3808936666666668,-0.006860333333333524,0.006860333333333524
2010-03-26 02:00:00,0.3037,0.3714526666666665,-0.06775266666666646,0.06775266666666646
2010-03-26 03:00:00,0.3336,0.4232503333333334,-0.08965033333333339,0.08965033333333339
2010-03-26 04:00:00,0.2946666666666667,0.4477069999999997,-0.153040333333333,0.153040333333333
2010-03-26 05:00:00,1.181366666666667,1.2877566666666664,-0.10638999999999954,0.10638999999999954
2010-03-26 06:00:00,2.297,2.247429615819209,0.049570384180791294,0.049570384180791294
2010-03-26 07:00:00,1.8259333333333327,1.8974403563218396,-0.07150702298850686,0.07150702298850686
2010-03-26 08:00:00,1.9139666666666664,1.7897333333333345,0.12423333333333186,0.12423333333333186
2010-03-26 09:00:00,1.3893666666666666,1.477897666666667,-0.08853100000000036,0.08853100000000036
2010-03-26 10:00:00,1.2097,1.3966429999999996,-0.18694299999999964,0.18694299999999964
2010-03-26 11:00:00,0.7708333333333334,0.6411189491525424,0.12971438418079095,0.12971438418079095
2010-03-26 12:00:00,0.4882,0.9490853333333338,-0.46088533333333376,0.46088533333333376
2010-03-26 13:00:00,0.588,0.9048458650793656,-0.31684586507936563,0.31684586507936563
2010-03-26 14:00:00,1.0513666666666668,0.9881733333333336,0.06319333333333321,0.06319333333333321
2010-03-26 15:00:00,1.4985666666666666,0.7975602824858761,0.7010063841807905,0.7010063841807905
2010-03-26 16:00:00,1.4938,1.2058080000000004,0.2879919999999996,0.2879919999999996
2010-03-26 17:00:00,0.9232666666666668,1.3640673333333333,-0.4408006666666665,0.4408006666666665
2010-03-26 18:00:00,1.1280666666666666,1.4004646666666665,-0.2723979999999999,0.2723979999999999
2010-03-26 19:00:00,2.1902,2.0324844516129024,0.15771554838709756,0.15771554838709756
2010-03-26 20:00:00,2.8192000000000004,1.862746666666666,0.9564533333333343,0.9564533333333343
2010-03-26 21:00:00,1.5934,1.8411505027763788,-0.2477505027763789,0.2477505027763789
2010-03-26 22:00:00,1.1074,0.9029463333333335,0.20445366666666642,0.20445366666666642
2010-03-26 23:00:00,0.5011666666666666,0.6378132857142857,-0.1366466190476191,0.1366466190476191
2010-03-27 00:00:00,0.3685333333333334,0.49706266666666643,-0.12852933333333305,0.12852933333333305
2010-03-27 01:00:00,0.3234,0.5182746666666667,-0.19487466666666664,0.19487466666666664
2010-03-27 02:00:00,0.3461,0.4027553333333334,-0.05665533333333339,0.05665533333333339
2010-03-27 03:00:00,0.3788666666666666,0.4201043333333334,-0.04123766666666684,0.04123766666666684
2010-03-27 04:00:00,0.9640666666666668,0.40765233333333334,0.5564143333333336,0.5564143333333336
2010-03-27 05:00:00,0.4577333333333333,0.5513359999999999,-0.09360266666666661,0.09360266666666661
2010-03-27 06:00:00,0.4446666666666666,1.6317413333333326,-1.187074666666666,1.187074666666666
2010-03-27 07:00:00,0.6477666666666667,1.1714073333333332,-0.5236406666666665,0.5236406666666665
2010-03-27 08:00:00,1.9255,1.378591807013101,0.5469081929868991,0.5469081929868991
2010-03-27 09:00:00,2.4765,1.9360300000000006,0.5404699999999996,0.5404699999999996
2010-03-27 10:00:00,1.9903,1.9709043333333331,0.01939566666666681,0.01939566666666681
2010-03-27 11:00:00,1.4098333333333335,1.7175757062146892,-0.30774237288135575,0.30774237288135575
2010-03-27 12:00:00,1.4331,1.5314196666666664,-0.09831966666666636,0.09831966666666636
2010-03-27 13:00:00,1.3928,1.379745999999999,0.01305400000000101,0.01305400000000101
2010-03-27 14:00:00,1.3572333333333333,1.3074609491525424,0.049772384180790885,0.049772384180790885
2010-03-27 15:00:00,1.7536999999999998,1.2339132824858752,0.5197867175141246,0.5197867175141246
2010-03-27 16:00:00,2.780066666666667,1.765410666666667,1.014656,1.014656
2010-03-27 17:00:00,3.4924666666666666,2.8171383333333337,0.6753283333333329,0.6753283333333329
2010-03-27 18:00:00,1.2546333333333335,2.9220496666666658,-1.6674163333333323,1.6674163333333323
2010-03-27 19:00:00,1.0604333333333331,1.8375540229885055,-0.7771206896551723,0.7771206896551723
2010-03-27 20:00:00,1.2675333333333332,2.142553666666667,-0.875020333333334,0.875020333333334
2010-03-27 21:00:00,1.4627666666666668,1.526160570916538,-0.06339390424987124,0.06339390424987124
2010-03-27 22:00:00,1.3103333333333331,1.3515503333333334,-0.04121700000000028,0.04121700000000028
2010-03-27 23:00:00,1.0249333333333337,1.0314652380952385,-0.006531904761904794,0.006531904761904794
2010-03-28 00:00:00,0.4747,0.857601401433692,-0.382901401433692,0.382901401433692
2010-03-28 01:00:00,1.2585000000000002,0.46128766666666676,0.7972123333333334,0.7972123333333334
2010-03-28 02:00:00,1.2407,0.5382163333333336,0.7024836666666663,0.7024836666666663
2010-03-28 03:00:00,0.3775,0.6528943783050849,-0.2753943783050849,0.2753943783050849
2010-03-28 04:00:00,0.4032666666666666,0.46270191111111125,-0.059435244444444646,0.059435244444444646
2010-03-28 05:00:00,0.3094,0.5855526666666666,-0.2761526666666666,0.2761526666666666
2010-03-28 06:00:00,0.3426,0.5303219999999998,-0.18772199999999983,0.18772199999999983
2010-03-28 07:00:00,0.4832333333333333,0.7246643333333332,-0.24143099999999995,0.24143099999999995
2010-03-28 08:00:00,0.4952666666666667,1.2841708926553668,-0.7889042259887,0.7889042259887
2010-03-28 09:00:00,2.0171,1.1458756666666663,0.8712243333333338,0.8712243333333338
2010-03-28 10:00:00,2.1303666666666667,2.0876433202805376,0.04272334638612918,0.04272334638612918
2010-03-28 11:00:00,0.9101,1.9241011807909598,-1.01400118079096,1.01400118079096
2010-03-28 12:00:00,1.12,1.8256296175115212,-0.7056296175115211,0.7056296175115211
2010-03-28 13:00:00,2.519366666666667,1.1720048474576275,1.3473618192090395,1.3473618192090395
2010-03-28 14:00:00,0.6231666666666666,1.633906666666666,-1.0107399999999993,1.0107399999999993
2010-03-28 15:00:00,0.7922333333333333,1.3868774789272031,-0.5946441455938698,0.5946441455938698
2010-03-28 16:00:00,0.7676333333333333,1.5823706208300736,-0.8147372874967403,0.8147372874967403
2010-03-28 17:00:00,0.8931666666666666,1.5635746666666668,-0.6704080000000002,0.6704080000000002
2010-03-28 18:00:00,2.7665,1.8237365348182288,0.9427634651817713,0.9427634651817713
2010-03-28 19:00:00,3.0072,2.8538240903954795,0.15337590960452063,0.15337590960452063
2010-03-28 20:00:00,2.5727,2.2861596666666664,0.28654033333333384,0.28654033333333384
2010-03-28 21:00:00,2.6212,1.727946941837197,0.8932530581628029,0.8932530581628029
2010-03-28 22:00:00,0.8194,1.2876927726969547,-0.4682927726969547,0.4682927726969547
2010-03-28 23:00:00,0.3636999999999999,0.47401166666666683,-0.11031166666666692,0.11031166666666692
2010-03-29 00:00:00,0.3675333333333333,0.423643,-0.05610966666666667,0.05610966666666667
2010-03-29 01:00:00,0.3510333333333333,0.467766,-0.1167326666666667,0.1167326666666667
2010-03-29 02:00:00,0.3949666666666667,0.5104139999999999,-0.11544733333333324,0.11544733333333324
2010-03-29 03:00:00,0.4739666666666666,0.48773033333333304,-0.013763666666666452,0.013763666666666452
2010-03-29 04:00:00,0.8832,0.6296592666666666,0.2535407333333334,0.2535407333333334
2010-03-29 05:00:00,0.6057666666666667,0.7676003333333331,-0.16183366666666643,0.16183366666666643
2010-03-29 06:00:00,2.251633333333333,1.873647,0.37798633333333287,0.37798633333333287
2010-03-29 07:00:00,1.4074666666666666,1.6877713333333335,-0.28030466666666687,0.28030466666666687
2010-03-29 08:00:00,1.4613,1.4204896666666664,0.040810333333333615,0.040810333333333615
2010-03-29 09:00:00,1.4277000000000002,1.3217790000000003,0.10592099999999993,0.10592099999999993
2010-03-29 10:00:00,1.4784333333333337,1.3130053333333334,0.16542800000000035,0.16542800000000035
2010-03-29 11:00:00,1.4699666666666666,1.3922056666666665,0.07776100000000019,0.07776100000000019
2010-03-29 12:00:00,1.5208000000000002,1.2871489999999997,0.2336510000000005,0.2336510000000005
2010-03-29 13:00:00,1.4192666666666665,1.3329966666666666,0.08626999999999985,0.08626999999999985
2010-03-29 14:00:00,1.4636,1.263886333333334,0.1997136666666659,0.1997136666666659
2010-03-29 15:00:00,1.4545,1.2004496666666666,0.25405033333333327,0.25405033333333327
2010-03-29 16:00:00,1.4808333333333332,1.1344756666666673,0.3463576666666659,0.3463576666666659
2010-03-29 17:00:00,0.8935333333333334,1.382338333333334,-0.4888050000000005,0.4888050000000005
2010-03-29 18:00:00,0.8447,1.3070153333333336,-0.46231533333333363,0.46231533333333363
2010-03-29 19:00:00,1.5333666666666663,1.9388175332821302,-0.4054508666154639,0.4054508666154639
2010-03-29 20:00:00,2.0416333333333334,2.2109514632768357,-0.16931812994350226,0.16931812994350226
2010-03-29 21:00:00,0.8729333333333333,1.273942666666667,-0.40100933333333355,0.40100933333333355
2010-03-29 22:00:00,0.5838,0.701509333333333,-0.117709333333333,0.117709333333333
2010-03-29 23:00:00,0.4821999999999999,0.6504656666666666,-0.1682656666666667,0.1682656666666667
2010-03-30 00:00:00,0.4452333333333333,0.5128539999999999,-0.0676206666666666,0.0676206666666666
2010-03-30 01:00:00,0.4122666666666666,0.5630790533333332,-0.15081238666666658,0.15081238666666658
2010-03-30 02:00:00,0.4487666666666666,0.5069216666666669,-0.058155000000000345,0.058155000000000345
2010-03-30 03:00:00,0.5238666666666666,0.6062921466666668,-0.08242548000000016,0.08242548000000016
2010-03-30 04:00:00,1.208,0.6812072986687149,0.5267927013312851,0.5267927013312851
2010-03-30 05:00:00,0.5168666666666667,1.0113759491525425,-0.4945092824858758,0.4945092824858758
2010-03-30 06:00:00,2.5761333333333334,1.497649733333333,1.0784836000000004,1.0784836000000004
2010-03-30 07:00:00,2.6258,1.9990032926512904,0.6267967073487095,0.6267967073487095
2010-03-30 08:00:00,2.0130666666666666,1.9268854712643675,0.08618119540229907,0.08618119540229907
2010-03-30 09:00:00,1.7614333333333332,1.5800313333333327,0.1814020000000005,0.1814020000000005
2010-03-30 10:00:00,1.4778,1.660063,-0.18226300000000006,0.18226300000000006
2010-03-30 11:00:00,1.4474333333333331,1.4121136666666663,0.03531966666666686,0.03531966666666686
2010-03-30 12:00:00,2.2496666666666667,1.4189106666666662,0.8307560000000005,0.8307560000000005
2010-03-30 13:00:00,1.5428,2.029797999999999,-0.48699799999999915,0.48699799999999915
2010-03-30 14:00:00,1.1431666666666669,1.4577750000000007,-0.3146083333333338,0.3146083333333338
2010-03-30 15:00:00,0.885,0.8284016666666666,0.05659833333333342,0.05659833333333342
2010-03-30 16:00:00,0.8992666666666665,1.1392984334357399,-0.24003176676907334,0.24003176676907334
2010-03-30 17:00:00,0.678,1.3799741167434711,-0.7019741167434711,0.7019741167434711
2010-03-30 18:00:00,0.9486666666666668,1.9840396666666669,-1.035373,1.035373
2010-03-30 19:00:00,1.7603,2.0284066666666685,-0.2681066666666685,0.2681066666666685
2010-03-30 20:00:00,2.9702333333333333,2.0307587966101694,0.9394745367231638,0.9394745367231638
2010-03-30 21:00:00,2.272766666666667,1.8184421694430457,0.45432449722362134,0.45432449722362134
2010-03-30 22:00:00,0.4855,1.1814163333333338,-0.6959163333333338,0.6959163333333338
2010-03-30 23:00:00,0.4668,0.44275133333333344,0.02404866666666655,0.02404866666666655
2010-03-31 00:00:00,0.3245333333333333,0.5012333333333333,-0.17670000000000002,0.17670000000000002
2010-03-31 01:00:00,0.3330666666666667,0.46996966666666673,-0.13690300000000005,0.13690300000000005
2010-03-31 02:00:00,0.2973666666666666,0.4472523333333332,-0.14988566666666658,0.14988566666666658
2010-03-31 03:00:00,0.2953,0.4092409999999998,-0.11394099999999979,0.11394099999999979
2010-03-31 04:00:00,0.6300333333333333,0.460778,0.1692553333333333,0.1692553333333333
2010-03-31 05:00:00,1.0479,0.911022666666667,0.13687733333333307,0.13687733333333307
2010-03-31 06:00:00,1.8445333333333327,2.137612868151562,-0.29307953481822935,0.29307953481822935
2010-03-31 07:00:00,2.2009666666666665,1.8157746666666659,0.38519200000000064,0.38519200000000064
2010-03-31 08:00:00,2.257033333333333,1.887572896551725,0.36946043678160767,0.36946043678160767
2010-03-31 09:00:00,1.406,1.8143516666666668,-0.4083516666666669,0.4083516666666669
2010-03-31 10:00:00,1.9393,2.0011373333333324,-0.06183733333333241,0.06183733333333241
2010-03-31 11:00:00,2.007166666666667,1.8934304124293784,0.11373625423728861,0.11373625423728861
2010-03-31 12:00:00,3.1350333333333333,2.037654745762712,1.0973785875706215,1.0973785875706215
2010-03-31 13:00:00,0.4915333333333333,1.8611898192090393,-1.3696564858757059,1.3696564858757059
2010-03-31 14:00:00,0.973,0.8314323333333337,0.14156766666666631,0.14156766666666631
2010-03-31 15:00:00,2.0605333333333333,1.1590006666666666,0.9015326666666668,0.9015326666666668
2010-03-31 16:00:00,0.8503000000000001,1.600464469395323,-0.7501644693953229,0.7501644693953229
2010-03-31 17:00:00,1.1096333333333337,1.2482443333333333,-0.1386109999999996,0.1386109999999996
2010-03-31 18:00:00,1.9378,1.5230270000000008,0.41477299999999917,0.41477299999999917
2010-03-31 19:00:00,2.1674333333333333,2.200365627313462,-0.03293229398012887,0.03293229398012887
2010-03-31 20:00:00,2.6199,2.155805333333334,0.4640946666666661,0.4640946666666661
2010-03-31 21:00:00,1.2260666666666669,1.793369808084032,-0.567303141417365,0.567303141417365
2010-03-31 22:00:00,0.4421333333333333,0.7864203333333336,-0.3442870000000003,0.3442870000000003
2010-03-31 23:00:00,0.368,0.48256766666666673,-0.11456766666666673,0.11456766666666673
2010-04-01 00:00:00,0.3743666666666667,0.4370176666666666,-0.0626509999999999,0.0626509999999999
2010-04-01 01:00:00,0.3086666666666666,0.48596299999999987,-0.17729633333333328,0.17729633333333328
2010-04-01 02:00:00,0.3152999999999999,0.43227166666666617,-0.11697166666666625,0.11697166666666625
2010-04-01 03:00:00,0.4120666666666667,0.4035560000000001,0.008510666666666611,0.008510666666666611
2010-04-01 04:00:00,0.956,0.437969911111111,0.5180300888888889,0.5180300888888889
2010-04-01 05:00:00,0.7114999999999999,0.9593756666666668,-0.24787566666666694,0.24787566666666694
2010-04-01 06:00:00,1.8976333333333333,1.9113436444444438,-0.01371031111111054,0.01371031111111054
2010-04-01 07:00:00,1.7394333333333334,1.576504666666666,0.1629286666666674,0.1629286666666674
2010-04-01 08:00:00,1.4106666666666667,1.5203449999999996,-0.10967833333333288,0.10967833333333288
2010-04-01 09:00:00,1.4278333333333333,1.4018556666666666,0.025977666666666677,0.025977666666666677
2010-04-01 10:00:00,1.3922333333333334,1.1503073555555559,0.24192597777777758,0.24192597777777758
2010-04-01 11:00:00,1.4118,1.151129,0.2606709999999999,0.2606709999999999
2010-04-01 12:00:00,1.3622333333333332,1.3343846666666668,0.02784866666666641,0.02784866666666641
2010-04-01 13:00:00,1.1203,1.1663280000000005,-0.0460280000000004,0.0460280000000004
2010-04-01 14:00:00,0.3688,1.172583152562358,-0.803783152562358,0.803783152562358
2010-04-01 15:00:00,0.4373333333333333,0.7702863333333334,-0.3329530000000001,0.3329530000000001
2010-04-01 16:00:00,0.3408333333333333,0.731616,-0.3907826666666667,0.3907826666666667
2010-04-01 17:00:00,0.6947,0.6279346666666669,0.06676533333333312,0.06676533333333312
2010-04-01 18:00:00,1.9912,1.7867000000000006,0.20449999999999946,0.20449999999999946
2010-04-01 19:00:00,2.8487333333333336,1.9398109999999988,0.9089223333333347,0.9089223333333347
2010-04-01 20:00:00,2.4881666666666664,2.132031417107573,0.3561352495590935,0.3561352495590935
2010-04-01 21:00:00,2.3312666666666666,1.926977,0.40428966666666666,0.40428966666666666
2010-04-01 22:00:00,1.4149333333333334,1.3357943333333335,0.07913899999999985,0.07913899999999985
2010-04-01 23:00:00,0.7278333333333333,1.1285903333333336,-0.40075700000000025,0.40075700000000025
2010-04-02 00:00:00,0.2971,0.43186633333333324,-0.13476633333333327,0.13476633333333327
2010-04-02 01:00:00,0.3693666666666667,0.37550466666666665,-0.006137999999999977,0.006137999999999977
2010-04-02 02:00:00,0.3519666666666666,0.36624,-0.014273333333333416,0.014273333333333416
2010-04-02 03:00:00,0.2988,0.3983933333333334,-0.09959333333333337,0.09959333333333337
2010-04-02 04:00:00,0.2916999999999999,0.4802876666666666,-0.1885876666666667,0.1885876666666667
2010-04-02 05:00:00,1.0766,1.0841656666666666,-0.007565666666666582,0.007565666666666582
2010-04-02 06:00:00,1.9195666666666669,1.735071000000001,0.18449566666666595,0.18449566666666595
2010-04-02 07:00:00,1.7476333333333334,1.5729369999999998,0.17469633333333356,0.17469633333333356
2010-04-02 08:00:00,1.903033333333333,1.4913973333333335,0.41163599999999945,0.41163599999999945
2010-04-02 09:00:00,1.5308,1.5061339999999996,0.0246660000000003,0.0246660000000003
2010-04-02 10:00:00,1.4902333333333333,1.430385666666666,0.05984766666666741,0.05984766666666741
2010-04-02 11:00:00,1.8298333333333328,1.3837216666666665,0.44611166666666624,0.44611166666666624
2010-04-02 12:00:00,0.4873,1.5329896666666656,-1.0456896666666655,1.0456896666666655
2010-04-02 13:00:00,0.7337666666666667,0.7474413333333335,-0.013674666666666835,0.013674666666666835
2010-04-02 14:00:00,1.5366,1.0397808799999995,0.4968191200000005,0.4968191200000005
2010-04-02 15:00:00,1.5783333333333334,1.1358450000000004,0.44248833333333293,0.44248833333333293
2010-04-02 16:00:00,1.5146333333333333,1.2659616666666664,0.24867166666666685,0.24867166666666685
2010-04-02 17:00:00,0.8758333333333332,1.287531666666667,-0.4116983333333337,0.4116983333333337
2010-04-02 18:00:00,1.5252666666666668,1.2732362800000008,0.252030386666666,0.252030386666666
2010-04-02 19:00:00,2.2630666666666666,2.15751902259887,0.10554764406779649,0.10554764406779649
2010-04-02 20:00:00,1.546533333333333,1.9724437457627118,-0.42591041242937866,0.42591041242937866
2010-04-02 21:00:00,1.1645666666666663,1.723649853333334,-0.5590831866666677,0.5590831866666677
2010-04-02 22:00:00,0.4166666666666667,0.8588696666666665,-0.44220299999999985,0.44220299999999985
2010-04-02 23:00:00,0.7587666666666667,0.4368223333333334,0.3219443333333333,0.3219443333333333
2010-04-03 00:00:00,0.5699666666666666,0.49405399999999994,0.07591266666666668,0.07591266666666668
2010-04-03 01:00:00,0.3001333333333333,0.48466866666666675,-0.18453533333333344,0.18453533333333344
2010-04-03 02:00:00,0.3378666666666666,0.36921433333333326,-0.03134766666666666,0.03134766666666666
2010-04-03 03:00:00,0.3004,0.42599200000000004,-0.12559200000000004,0.12559200000000004
2010-04-03 04:00:00,0.2859333333333333,0.4311993333333335,-0.14526600000000017,0.14526600000000017
2010-04-03 05:00:00,0.6555333333333333,0.7846696666666668,-0.12913633333333352,0.12913633333333352
2010-04-03 06:00:00,2.519433333333333,1.6674098179723496,0.8520235153609836,0.8520235153609836
2010-04-03 07:00:00,1.9786,2.0500840000000005,-0.07148400000000055,0.07148400000000055
2010-04-03 08:00:00,1.6327333333333334,1.685929229885056,-0.05319589655172252,0.05319589655172252
2010-04-03 09:00:00,2.1151,1.6843786666666671,0.43072133333333285,0.43072133333333285
2010-04-03 10:00:00,2.3114666666666666,2.2271982298850572,0.08426843678160933,0.08426843678160933
2010-04-03 11:00:00,1.7215333333333334,2.0240251299435035,-0.3024917966101701,0.3024917966101701
2010-04-03 12:00:00,1.6617666666666666,2.0308352033898305,-0.36906853672316386,0.36906853672316386
2010-04-03 13:00:00,1.5761666666666667,1.8040773333333338,-0.22791066666666704,0.22791066666666704
2010-04-03 14:00:00,1.490033333333333,1.4692326666666662,0.02080066666666691,0.02080066666666691
2010-04-03 15:00:00,1.5566666666666669,1.3818059999999994,0.17486066666666744,0.17486066666666744
2010-04-03 16:00:00,1.5175666666666667,1.4647267066666663,0.05283996000000046,0.05283996000000046
2010-04-03 17:00:00,1.5235666666666667,1.712740413333333,-0.1891737466666663,0.1891737466666663
2010-04-03 18:00:00,1.5149333333333332,1.733218666666667,-0.21828533333333366,0.21828533333333366
2010-04-03 19:00:00,1.5903333333333334,1.5016966666666665,0.08863666666666692,0.08863666666666692
2010-04-03 20:00:00,1.1560666666666668,1.4740253333333329,-0.31795866666666606,0.31795866666666606
2010-04-03 21:00:00,0.4448333333333333,0.9878503333333333,-0.543017,0.543017
2010-04-03 22:00:00,0.5685666666666667,0.5188359999999999,0.04973066666666681,0.04973066666666681
2010-04-03 23:00:00,0.5558666666666667,0.5665346129032259,-0.0106679462365592,0.0106679462365592
2010-04-04 00:00:00,0.3390666666666667,0.55290136,-0.21383469333333333,0.21383469333333333
2010-04-04 01:00:00,0.9610666666666668,0.4372506666666666,0.5238160000000003,0.5238160000000003
2010-04-04 02:00:00,0.5775,0.3576573333333334,0.21984266666666663,0.21984266666666663
2010-04-04 03:00:00,0.4123333333333333,0.49670981333333325,-0.08437647999999998,0.08437647999999998
2010-04-04 04:00:00,0.2939333333333333,0.4555090000000001,-0.16157566666666678,0.16157566666666678
2010-04-04 05:00:00,0.3075666666666666,0.42910266666666674,-0.12153600000000014,0.12153600000000014
2010-04-04 06:00:00,0.5575,0.5762416666666667,-0.018741666666666656,0.018741666666666656
2010-04-04 07:00:00,0.5632666666666667,1.129319311407049,-0.5660526447403823,0.5660526447403823
2010-04-04 08:00:00,1.3287,1.197928005649717,0.13077199435028297,0.13077199435028297
2010-04-04 09:00:00,1.6264666666666665,1.4099667733333334,0.21649989333333308,0.21649989333333308
2010-04-04 10:00:00,1.0288333333333337,1.8167950204081647,-0.7879616870748309,0.7879616870748309
2010-04-04 11:00:00,2.0579,1.735600177511521,0.322299822488479,0.322299822488479
2010-04-04 12:00:00,1.5517333333333334,1.9175153333333328,-0.3657819999999994,0.3657819999999994
2010-04-04 13:00:00,1.4949333333333332,1.6696899999999995,-0.17475666666666623,0.17475666666666623
2010-04-04 14:00:00,2.7866,1.5886983333333322,1.1979016666666678,1.1979016666666678
2010-04-04 15:00:00,2.3451666666666666,2.35589855107761,-0.010731884410943415,0.010731884410943415
2010-04-04 16:00:00,2.7621333333333333,2.356613858757062,0.40551947457627113,0.40551947457627113
2010-04-04 17:00:00,2.0107,3.0061123333333324,-0.9954123333333325,0.9954123333333325
2010-04-04 18:00:00,2.0158,3.057226932203389,-1.041426932203389,1.041426932203389
2010-04-04 19:00:00,1.1565666666666667,2.534551666666666,-1.3779849999999991,1.3779849999999991
2010-04-04 20:00:00,0.4290666666666666,1.378361898305085,-0.9492952316384183,0.9492952316384183
2010-04-04 21:00:00,0.5060666666666667,0.8147553128110598,-0.3086886461443932,0.3086886461443932
2010-04-04 22:00:00,0.5043666666666666,0.6018835890937018,-0.09751692242703514,0.09751692242703514
2010-04-04 23:00:00,0.3623666666666666,0.49605100000000013,-0.13368433333333352,0.13368433333333352
2010-04-05 00:00:00,0.2888666666666666,0.35833600000000004,-0.06946933333333344,0.06946933333333344
2010-04-05 01:00:00,0.4473333333333333,0.3860099999999998,0.06132333333333351,0.06132333333333351
2010-04-05 02:00:00,0.8313333333333334,0.7365877793138763,0.09474555401945706,0.09474555401945706
2010-04-05 03:00:00,0.3,0.35013799999999995,-0.05013799999999996,0.05013799999999996
2010-04-05 04:00:00,0.3066,0.3747653333333335,-0.06816533333333352,0.06816533333333352
2010-04-05 05:00:00,0.3575333333333333,1.0120953333333333,-0.6545620000000001,0.6545620000000001
2010-04-05 06:00:00,0.8573999999999999,0.9596640960451979,-0.10226409604519793,0.10226409604519793
2010-04-05 07:00:00,0.4175333333333333,1.4429632846902203,-1.025429951356887,1.025429951356887
2010-04-05 08:00:00,1.1238666666666668,0.8628030000000004,0.26106366666666636,0.26106366666666636
2010-04-05 09:00:00,2.7682,0.7312540000000003,2.036946,2.036946
2010-04-05 10:00:00,1.3233666666666666,2.0870329198839532,-0.7636662532172867,0.7636662532172867
2010-04-05 11:00:00,0.8510000000000001,1.173527666666667,-0.3225276666666669,0.3225276666666669
2010-04-05 12:00:00,0.3488333333333333,0.8519186666666669,-0.5030853333333336,0.5030853333333336
2010-04-05 13:00:00,0.2985,0.34240199999999993,-0.04390199999999994,0.04390199999999994
2010-04-05 14:00:00,0.5606000000000001,0.4669186666666667,0.0936813333333334,0.0936813333333334
2010-04-05 15:00:00,0.5683,0.7977906666666666,-0.22949066666666662,0.22949066666666662
2010-04-05 16:00:00,0.4446666666666666,0.9407799999999996,-0.496113333333333,0.496113333333333
2010-04-05 17:00:00,1.3840666666666666,0.7862003333333335,0.597866333333333,0.597866333333333
2010-04-05 18:00:00,0.6501666666666667,1.608125,-0.9579583333333334,0.9579583333333334
2010-04-05 19:00:00,1.2091999999999998,1.8302183333333328,-0.621018333333333,0.621018333333333
2010-04-05 20:00:00,2.0313,1.9138663440065684,0.11743365599343147,0.11743365599343147
2010-04-05 21:00:00,0.6023,1.3132947317571193,-0.7109947317571194,0.7109947317571194
2010-04-05 22:00:00,0.3136666666666666,0.554530333333333,-0.24086366666666642,0.24086366666666642
2010-04-05 23:00:00,0.3152333333333333,0.5341866666666665,-0.21895333333333317,0.21895333333333317
2010-04-06 00:00:00,0.3900333333333333,0.4718656666666665,-0.08183233333333323,0.08183233333333323
2010-04-06 01:00:00,0.3535333333333333,0.4024033333333331,-0.0488699999999998,0.0488699999999998
2010-04-06 02:00:00,0.2965333333333333,0.40367700000000006,-0.10714366666666675,0.10714366666666675
2010-04-06 03:00:00,0.3238,0.3979850000000001,-0.07418500000000011,0.07418500000000011
2010-04-06 04:00:00,0.9582666666666668,0.38118966666666665,0.5770770000000002,0.5770770000000002
2010-04-06 05:00:00,0.4987666666666666,0.9065573333333333,-0.40779066666666675,0.40779066666666675
2010-04-06 06:00:00,0.935,1.2045470533333333,-0.2695470533333333,0.2695470533333333
2010-04-06 07:00:00,1.728,1.501512222467997,0.2264877775320029,0.2264877775320029
2010-04-06 08:00:00,1.8342,1.518478,0.31572200000000006,0.31572200000000006
2010-04-06 09:00:00,2.0517666666666665,1.5250156666666657,0.5267510000000009,0.5267510000000009
2010-04-06 10:00:00,1.9221333333333328,1.7713569999999992,0.15077633333333362,0.15077633333333362
2010-04-06 11:00:00,1.5462,1.7355680000000004,-0.18936800000000042,0.18936800000000042
2010-04-06 12:00:00,1.5704333333333331,1.4810649999999999,0.08936833333333327,0.08936833333333327
2010-04-06 13:00:00,1.9942666666666664,1.5893893333333335,0.40487733333333287,0.40487733333333287
2010-04-06 14:00:00,1.9803,1.8842783333333335,0.09602166666666645,0.09602166666666645
2010-04-06 15:00:00,0.7770333333333334,1.7341778983050842,-0.9571445649717508,0.9571445649717508
2010-04-06 16:00:00,0.7379666666666667,0.9697847999999994,-0.2318181333333328,0.2318181333333328
2010-04-06 17:00:00,0.7172999999999999,1.106191,-0.388891,0.388891
2010-04-06 18:00:00,0.8582,1.533395333333334,-0.6751953333333341,0.6751953333333341
2010-04-06 19:00:00,3.1991,1.9036437333333331,1.295456266666667,1.295456266666667
2010-04-06 20:00:00,2.5128666666666666,2.3680980000000003,0.14476866666666632,0.14476866666666632
2010-04-06 21:00:00,2.0876,1.7966424747506988,0.2909575252493013,0.2909575252493013
2010-04-06 22:00:00,0.8423333333333333,1.4177023333333327,-0.5753689999999995,0.5753689999999995
2010-04-06 23:00:00,0.3444333333333333,0.5597946666666666,-0.21536133333333324,0.21536133333333324
2010-04-07 00:00:00,0.3646666666666666,0.4156996666666665,-0.05103299999999994,0.05103299999999994
2010-04-07 01:00:00,0.9345333333333332,0.41773166666666683,0.5168016666666664,0.5168016666666664
2010-04-07 02:00:00,0.4786666666666666,0.35415066666666667,0.1245159999999999,0.1245159999999999
2010-04-07 03:00:00,0.3989333333333333,0.5056236000000002,-0.10669026666666687,0.10669026666666687
2010-04-07 04:00:00,0.4297333333333333,0.3743160000000001,0.05541733333333321,0.05541733333333321
2010-04-07 05:00:00,0.9964333333333334,0.7830469777777777,0.21338635555555574,0.21338635555555574
2010-04-07 06:00:00,2.464066666666666,2.0303186666666675,0.4337479999999987,0.4337479999999987
2010-04-07 07:00:00,1.4139000000000002,1.8549769999999999,-0.4410769999999997,0.4410769999999997
2010-04-07 08:00:00,1.3653666666666666,1.511013333333333,-0.14564666666666648,0.14564666666666648
2010-04-07 09:00:00,1.4227999999999998,1.3422476666666667,0.08055233333333311,0.08055233333333311
2010-04-07 10:00:00,1.933333333333333,1.447516,0.4858173333333329,0.4858173333333329
2010-04-07 11:00:00,1.6007333333333331,1.819037372881357,-0.2183040395480238,0.2183040395480238
2010-04-07 12:00:00,1.6148,1.4679346666666664,0.14686533333333363,0.14686533333333363
2010-04-07 13:00:00,2.0127333333333333,1.1082570000000005,0.9044763333333328,0.9044763333333328
2010-04-07 14:00:00,0.6387666666666667,1.1637150448210924,-0.5249483781544257,0.5249483781544257
2010-04-07 15:00:00,0.4307666666666667,0.9973084444444446,-0.5665417777777779,0.5665417777777779
2010-04-07 16:00:00,0.3765,0.808605333333334,-0.43210533333333395,0.43210533333333395
2010-04-07 17:00:00,0.4363333333333333,0.7595930000000004,-0.3232596666666671,0.3232596666666671
2010-04-07 18:00:00,0.7996,1.570179,-0.770579,0.770579
2010-04-07 19:00:00,2.7103,1.6943443333333335,1.0159556666666667,1.0159556666666667
2010-04-07 20:00:00,1.7610333333333337,2.2816084090945195,-0.5205750757611858,0.5205750757611858
2010-04-07 21:00:00,1.3279666666666663,1.3720636666666663,-0.04409700000000005,0.04409700000000005
2010-04-07 22:00:00,0.3599666666666666,0.5720430000000001,-0.21207633333333348,0.21207633333333348
2010-04-07 23:00:00,0.4013333333333334,0.42177066666666646,-0.020437333333333085,0.020437333333333085
2010-04-08 00:00:00,0.9679666666666666,0.3663736666666665,0.6015930000000002,0.6015930000000002
2010-04-08 01:00:00,0.5177333333333334,0.3510533333333335,0.16667999999999988,0.16667999999999988
2010-04-08 02:00:00,0.3442666666666666,0.5053079999999999,-0.16104133333333326,0.16104133333333326
2010-04-08 03:00:00,0.3056333333333333,0.3898083333333333,-0.084175,0.084175
2010-04-08 04:00:00,0.3631333333333333,0.3757883333333333,-0.012654999999999972,0.012654999999999972
2010-04-08 05:00:00,0.6800333333333334,0.9986070960451977,-0.31857376271186433,0.31857376271186433
2010-04-08 06:00:00,2.0141,1.7748616666666663,0.23923833333333366,0.23923833333333366
2010-04-08 07:00:00,1.864866666666667,1.7344976666666663,0.13036900000000062,0.13036900000000062
2010-04-08 08:00:00,1.4587333333333334,1.4718040000000001,-0.013070666666666675,0.013070666666666675
2010-04-08 09:00:00,1.4527666666666663,1.3634743333333321,0.0892923333333342,0.0892923333333342
2010-04-08 10:00:00,1.4484333333333332,1.4455686666666663,0.0028646666666669596,0.0028646666666669596
2010-04-08 11:00:00,1.5700666666666665,1.3901759999999996,0.17989066666666687,0.17989066666666687
2010-04-08 12:00:00,1.5657,1.4586853333333325,0.10701466666666759,0.10701466666666759
2010-04-08 13:00:00,1.2318666666666669,1.4288746666666656,-0.19700799999999874,0.19700799999999874
2010-04-08 14:00:00,0.4037666666666666,0.47382661581920893,-0.07005994915254232,0.07005994915254232
2010-04-08 15:00:00,0.3568333333333333,0.4818543333333334,-0.1250210000000001,0.1250210000000001
2010-04-08 16:00:00,0.5580666666666667,0.5052936666666666,0.05277300000000007,0.05277300000000007
2010-04-08 17:00:00,0.8494666666666667,1.0276202988505747,-0.178153632183908,0.178153632183908
2010-04-08 18:00:00,1.5706,1.8218883333333327,-0.25128833333333267,0.25128833333333267
2010-04-08 19:00:00,2.6542666666666666,2.3201484567049793,0.3341182099616873,0.3341182099616873
2010-04-08 20:00:00,2.519433333333333,2.2749413333333344,0.24449199999999882,0.24449199999999882
2010-04-08 21:00:00,1.9635,1.9034474747506989,0.06005252524930116,0.06005252524930116
2010-04-08 22:00:00,0.4244333333333333,1.1222493333333334,-0.6978160000000002,0.6978160000000002
2010-04-08 23:00:00,0.3154333333333333,0.38178699999999993,-0.06635366666666664,0.06635366666666664
2010-04-09 00:00:00,0.3314666666666667,0.3760393333333333,-0.044572666666666594,0.044572666666666594
2010-04-09 01:00:00,0.2853666666666666,0.4953693333333337,-0.21000266666666711,0.21000266666666711
2010-04-09 02:00:00,0.3654,0.4025716666666667,-0.037171666666666714,0.037171666666666714
2010-04-09 03:00:00,0.3559666666666666,0.47756933333333335,-0.12160266666666675,0.12160266666666675
2010-04-09 04:00:00,0.3725,0.4422583333333335,-0.06975833333333348,0.06975833333333348
2010-04-09 05:00:00,0.8643333333333333,0.9557587627118643,-0.09142542937853104,0.09142542937853104
2010-04-09 06:00:00,2.0195333333333334,2.018332666666667,0.0012006666666661836,0.0012006666666661836
2010-04-09 07:00:00,2.094133333333333,1.7919320000000005,0.30220133333333266,0.30220133333333266
2010-04-09 08:00:00,1.9298333333333333,1.8052036666666664,0.12462966666666686,0.12462966666666686
2010-04-09 09:00:00,1.4441666666666668,1.610263666666666,-0.16609699999999927,0.16609699999999927
2010-04-09 10:00:00,1.4656999999999998,1.2336096666666667,0.23209033333333307,0.23209033333333307
2010-04-09 11:00:00,1.2059666666666666,1.3095343333333331,-0.1035676666666665,0.1035676666666665
2010-04-09 12:00:00,0.3365333333333333,0.6050145649717514,-0.26848123163841814,0.26848123163841814
2010-04-09 13:00:00,0.4758,0.5178836666666666,-0.04208366666666663,0.04208366666666663
2010-04-09 14:00:00,0.4388333333333333,0.8439536666666665,-0.4051203333333332,0.4051203333333332
2010-04-09 15:00:00,1.399066666666667,0.6337163333333334,0.7653503333333335,0.7653503333333335
2010-04-09 16:00:00,1.2937666666666667,1.1190382872316385,0.17472837943502828,0.17472837943502828
2010-04-09 17:00:00,0.4564333333333333,0.9743196666666666,-0.5178863333333332,0.5178863333333332
2010-04-09 18:00:00,0.5301333333333333,1.1621340000000002,-0.6320006666666669,0.6320006666666669
2010-04-09 19:00:00,0.4002,1.2982558735632188,-0.8980558735632188,0.8980558735632188
2010-04-09 20:00:00,0.5481999999999999,0.7561360000000001,-0.20793600000000023,0.20793600000000023
2010-04-09 21:00:00,1.1739666666666666,0.7733220000000003,0.4006446666666663,0.4006446666666663
2010-04-09 22:00:00,0.4531,0.832029333333333,-0.37892933333333295,0.37892933333333295
2010-04-09 23:00:00,0.4239,0.4808826666666668,-0.05698266666666679,0.05698266666666679
2010-04-10 00:00:00,0.3226333333333333,0.44313645333333335,-0.12050312000000002,0.12050312000000002
2010-04-10 01:00:00,0.3367333333333333,0.4836143333333333,-0.14688100000000004,0.14688100000000004
2010-04-10 02:00:00,0.2903666666666666,0.42150300000000007,-0.13113633333333347,0.13113633333333347
2010-04-10 03:00:00,0.3520333333333333,0.4153370000000001,-0.06330366666666681,0.06330366666666681
2010-04-10 04:00:00,0.8264333333333334,0.4858999999999999,0.34053333333333347,0.34053333333333347
2010-04-10 05:00:00,0.7959333333333334,0.4766393333333332,0.3192940000000002,0.3192940000000002
2010-04-10 06:00:00,2.013666666666667,1.2123033732821293,0.8013632933845376,0.8013632933845376
2010-04-10 07:00:00,1.4761333333333333,1.7113086666666666,-0.2351753333333333,0.2351753333333333
2010-04-10 08:00:00,1.3856,1.6682129999999997,-0.2826129999999998,0.2826129999999998
2010-04-10 09:00:00,1.5903333333333334,1.3284606158192092,0.2618727175141242,0.2618727175141242
2010-04-10 10:00:00,0.5234666666666666,1.9230019999999997,-1.3995353333333331,1.3995353333333331
2010-04-10 11:00:00,0.5199,1.0703434394586337,-0.5504434394586337,0.5504434394586337
2010-04-10 12:00:00,0.3998666666666667,1.3161677286226328,-0.9163010619559661,0.9163010619559661
2010-04-10 13:00:00,0.2967666666666667,0.7679410000000003,-0.47117433333333364,0.47117433333333364
2010-04-10 14:00:00,0.3648,0.4579053333333334,-0.09310533333333337,0.09310533333333337
2010-04-10 15:00:00,0.5153333333333333,0.6822610000000001,-0.1669276666666668,0.1669276666666668
2010-04-10 16:00:00,1.342566666666667,1.0855720691244242,0.25699459754224274,0.25699459754224274
2010-04-10 17:00:00,2.154233333333333,1.576522,0.577711333333333,0.577711333333333
2010-04-10 18:00:00,1.3529666666666669,2.6569233333333324,-1.3039566666666655,1.3039566666666655
2010-04-10 19:00:00,0.7757000000000001,1.4790780000000006,-0.7033780000000005,0.7033780000000005
2010-04-10 20:00:00,0.3561333333333333,1.5043192527188936,-1.1481859193855604,1.1481859193855604
2010-04-10 21:00:00,0.8430666666666667,0.8371560000000001,0.00591066666666662,0.00591066666666662
2010-04-10 22:00:00,0.5782333333333334,0.8705856281822839,-0.29235229484895053,0.29235229484895053
2010-04-10 23:00:00,1.3165,0.6057019493087559,0.7107980506912441,0.7107980506912441
2010-04-11 00:00:00,0.3274666666666667,0.6015036666666669,-0.2740370000000002,0.2740370000000002
2010-04-11 01:00:00,0.3193666666666666,0.4149676666666667,-0.0956010000000001,0.0956010000000001
2010-04-11 02:00:00,0.3242333333333333,0.41271666666666657,-0.08848333333333325,0.08848333333333325
2010-04-11 03:00:00,0.2939666666666667,0.439345649122807,-0.14537898245614028,0.14537898245614028
2010-04-11 04:00:00,0.3772,0.39891,-0.021710000000000007,0.021710000000000007
2010-04-11 05:00:00,0.3535,0.6428683333333335,-0.2893683333333335,0.2893683333333335
2010-04-11 06:00:00,0.3981333333333333,0.7375683333333329,-0.33943499999999965,0.33943499999999965
2010-04-11 07:00:00,0.6519999999999999,0.9034743333333339,-0.251474333333334,0.251474333333334
2010-04-11 08:00:00,2.0326,1.153611778156682,0.878988221843318,0.878988221843318
2010-04-11 09:00:00,1.159266666666667,1.8939433333333329,-0.734676666666666,0.734676666666666
2010-04-11 10:00:00,1.2858666666666667,1.4154821599999996,-0.1296154933333329,0.1296154933333329
2010-04-11 11:00:00,1.6204,1.0945093333333331,0.525890666666667,0.525890666666667
2010-04-11 12:00:00,1.5185333333333333,2.007266666666666,-0.4887333333333326,0.4887333333333326
2010-04-11 13:00:00,0.3952333333333333,1.5175936666666672,-1.1223603333333338,1.1223603333333338
2010-04-11 14:00:00,0.3291,0.7570437275985665,-0.4279437275985665,0.4279437275985665
2010-04-11 15:00:00,0.5385084745762712,0.4827413333333334,0.055767141242937746,0.055767141242937746
2010-04-11 16:00:00,0.4254666666666666,0.9807729556360179,-0.5553062889693512,0.5553062889693512
2010-04-11 17:00:00,1.7712666666666663,1.0123458763831394,0.7589207902835269,0.7589207902835269
2010-04-11 18:00:00,1.6739666666666666,2.3560719999999993,-0.6821053333333327,0.6821053333333327
2010-04-11 19:00:00,3.816133333333333,2.308101826666667,1.5080315066666663,1.5080315066666663
2010-04-11 20:00:00,3.883133333333333,2.729431666666666,1.153701666666667,1.153701666666667
2010-04-11 21:00:00,1.5665666666666669,2.008083333333334,-0.441516666666667,0.441516666666667
2010-04-11 22:00:00,0.3440666666666667,0.6657693333333333,-0.32170266666666664,0.32170266666666664
2010-04-11 23:00:00,0.3896666666666666,0.40555033333333346,-0.01588366666666685,0.01588366666666685
2010-04-12 00:00:00,0.3616333333333333,0.38076833333333326,-0.019134999999999958,0.019134999999999958
2010-04-12 01:00:00,0.3747666666666667,0.39576733333333336,-0.021000666666666667,0.021000666666666667
2010-04-12 02:00:00,0.7748,0.42904800000000004,0.345752,0.345752
2010-04-12 03:00:00,0.3863666666666666,0.3921919999999998,-0.005825333333333238,0.005825333333333238
2010-04-12 04:00:00,0.3044,0.41214766666666647,-0.10774766666666646,0.10774766666666646
2010-04-12 05:00:00,0.8105666666666667,1.1095696666666666,-0.2990029999999999,0.2990029999999999
2010-04-12 06:00:00,1.997,1.8837819999999994,0.11321800000000071,0.11321800000000071
2010-04-12 07:00:00,1.4841,1.711664666666666,-0.22756466666666597,0.22756466666666597
2010-04-12 08:00:00,1.405066666666667,1.4532300000000007,-0.04816333333333378,0.04816333333333378
2010-04-12 09:00:00,1.4629,1.411101,0.05179900000000015,0.05179900000000015
2010-04-12 10:00:00,1.7349,1.4806146666666657,0.25428533333333436,0.25428533333333436
2010-04-12 11:00:00,1.7339666666666669,1.4727583333333332,0.2612083333333337,0.2612083333333337
2010-04-12 12:00:00,1.4684333333333333,1.5326953333333324,-0.06426199999999915,0.06426199999999915
2010-04-12 13:00:00,1.3401333333333334,1.1587846666666668,0.1813486666666666,0.1813486666666666
2010-04-12 14:00:00,0.3314,0.6363713333333334,-0.3049713333333334,0.3049713333333334
2010-04-12 15:00:00,0.2936666666666667,0.45653600000000016,-0.16286933333333348,0.16286933333333348
2010-04-12 16:00:00,0.5500333333333334,0.4567816666666665,0.0932516666666669,0.0932516666666669
2010-04-12 17:00:00,0.7302,0.9736657931034476,-0.24346579310344763,0.24346579310344763
2010-04-12 18:00:00,1.4279333333333333,1.7345463333333333,-0.306613,0.306613
2010-04-12 19:00:00,2.2655000000000003,1.822532764971752,0.4429672350282483,0.4429672350282483
2010-04-12 20:00:00,1.3588999999999998,2.0425390000000005,-0.6836390000000008,0.6836390000000008
2010-04-12 21:00:00,0.6724,1.1819743333333326,-0.5095743333333326,0.5095743333333326
2010-04-12 22:00:00,0.3317,0.5799133333333333,-0.24821333333333329,0.24821333333333329
2010-04-12 23:00:00,0.9997666666666666,0.556493,0.44327366666666657,0.44327366666666657
2010-04-13 00:00:00,0.3071666666666666,0.3307606666666667,-0.023594000000000115,0.023594000000000115
2010-04-13 01:00:00,0.4012333333333334,0.36716633333333343,0.03406699999999996,0.03406699999999996
2010-04-13 02:00:00,0.3488666666666666,0.383597333333333,-0.03473066666666641,0.03473066666666641
2010-04-13 03:00:00,0.3176666666666667,0.4088076666666665,-0.0911409999999998,0.0911409999999998
2010-04-13 04:00:00,0.2788,0.399986,-0.12118600000000002,0.12118600000000002
2010-04-13 05:00:00,1.0050666666666668,1.048257,-0.04319033333333322,0.04319033333333322
2010-04-13 06:00:00,2.116,1.9553966666666667,0.16060333333333343,0.16060333333333343
2010-04-13 07:00:00,2.0842666666666667,1.6882273333333333,0.3960393333333334,0.3960393333333334
2010-04-13 08:00:00,1.4886666666666666,1.789203333333334,-0.30053666666666734,0.30053666666666734
2010-04-13 09:00:00,1.5477666666666667,1.4787376666666667,0.06902900000000001,0.06902900000000001
2010-04-13 10:00:00,1.7817666666666667,1.6520319999999993,0.12973466666666744,0.12973466666666744
2010-04-13 11:00:00,1.449633333333333,1.522306333333333,-0.07267299999999999,0.07267299999999999
2010-04-13 12:00:00,1.5696,1.4826856666666666,0.08691433333333354,0.08691433333333354
2010-04-13 13:00:00,0.8865999999999999,1.32191,-0.43531,0.43531
2010-04-13 14:00:00,0.4253666666666666,0.6165946666666667,-0.19122800000000012,0.19122800000000012
2010-04-13 15:00:00,1.0045,0.948881666666667,0.05561833333333299,0.05561833333333299
2010-04-13 16:00:00,0.9540333333333334,0.8825019513568866,0.07153138197644682,0.07153138197644682
2010-04-13 17:00:00,0.6030333333333334,1.0812175614336925,-0.4781842281003591,0.4781842281003591
2010-04-13 18:00:00,1.5782,1.3287646666666666,0.24943533333333345,0.24943533333333345
2010-04-13 19:00:00,1.3364666666666667,1.6937003333333345,-0.3572336666666678,0.3572336666666678
2010-04-13 20:00:00,1.7043666666666666,1.340816,0.3635506666666666,0.3635506666666666
2010-04-13 21:00:00,0.6781333333333334,1.4150426666666673,-0.736909333333334,0.736909333333334
2010-04-13 22:00:00,0.3447666666666666,0.539997333333333,-0.19523066666666639,0.19523066666666639
2010-04-13 23:00:00,0.3592666666666667,0.524772,-0.16550533333333334,0.16550533333333334
2010-04-14 00:00:00,0.3298333333333333,0.39842233333333354,-0.06858900000000023,0.06858900000000023
2010-04-14 01:00:00,0.2924333333333333,0.46282264912280696,-0.17038931578947364,0.17038931578947364
2010-04-14 02:00:00,0.3695333333333333,0.3999973333333333,-0.03046399999999999,0.03046399999999999
2010-04-14 03:00:00,0.3865666666666666,0.44487699999999997,-0.05831033333333335,0.05831033333333335
2010-04-14 04:00:00,1.0016666666666667,0.42305,0.5786166666666668,0.5786166666666668
2010-04-14 05:00:00,0.8946666666666666,0.909996,-0.015329333333333417,0.015329333333333417
2010-04-14 06:00:00,2.4942,1.9900723333333337,0.5041276666666665,0.5041276666666665
2010-04-14 07:00:00,1.4331333333333334,1.7976626666666657,-0.3645293333333324,0.3645293333333324
2010-04-14 08:00:00,1.4665666666666666,1.4555620000000002,0.01100466666666633,0.01100466666666633
2010-04-14 09:00:00,1.5498666666666667,1.5107589999999993,0.03910766666666743,0.03910766666666743
2010-04-14 10:00:00,2.185,1.5454313333333325,0.6395686666666676,0.6395686666666676
2010-04-14 11:00:00,0.4440666666666666,2.1598373333333334,-1.7157706666666668,1.7157706666666668
2010-04-14 12:00:00,2.3073,0.5960860000000001,1.711214,1.711214
2010-04-14 13:00:00,2.3629666666666664,1.425644666666666,0.9373220000000004,0.9373220000000004
2010-04-14 14:00:00,1.5040333333333331,1.1968526888888886,0.3071806444444445,0.3071806444444445
2010-04-14 15:00:00,0.4085666666666666,1.1381302444444443,-0.7295635777777778,0.7295635777777778
2010-04-14 16:00:00,0.3639,0.8679036666666665,-0.5040036666666665,0.5040036666666665
2010-04-14 17:00:00,0.3764666666666666,0.7835863333333333,-0.40711966666666666,0.40711966666666666
2010-04-14 18:00:00,1.1309333333333331,1.1497666666666664,-0.018833333333333258,0.018833333333333258
2010-04-14 19:00:00,2.422433333333333,1.3240006158192088,1.0984327175141244,1.0984327175141244
2010-04-14 20:00:00,1.7586000000000002,2.203942150870713,-0.4453421508707127,0.4453421508707127
2010-04-14 21:00:00,1.4196,1.4472806666666664,-0.027680666666666465,0.027680666666666465
2010-04-14 22:00:00,0.4111333333333333,0.6314860000000001,-0.2203526666666668,0.2203526666666668
2010-04-14 23:00:00,0.3945999999999999,0.4223046666666665,-0.0277046666666666,0.0277046666666666
2010-04-15 00:00:00,0.3522,0.37727399999999983,-0.02507399999999982,0.02507399999999982
2010-04-15 01:00:00,0.8861000000000001,0.4246716666666666,0.4614283333333335,0.4614283333333335
2010-04-15 02:00:00,0.4234666666666667,0.3430653333333334,0.08040133333333332,0.08040133333333332
2010-04-15 03:00:00,0.2987666666666667,0.41500199999999987,-0.11623533333333319,0.11623533333333319
2010-04-15 04:00:00,0.3627333333333333,0.40667533333333344,-0.04394200000000015,0.04394200000000015
2010-04-15 05:00:00,1.0069666666666666,0.8644956440677966,0.14247102259887,0.14247102259887
2010-04-15 06:00:00,1.9865,2.0327036666666674,-0.04620366666666742,0.04620366666666742
2010-04-15 07:00:00,1.8532,1.6896830000000012,0.1635169999999988,0.1635169999999988
2010-04-15 08:00:00,1.3820333333333332,1.4397106666666668,-0.05767733333333358,0.05767733333333358
2010-04-15 09:00:00,1.378,1.473178,-0.0951780000000002,0.0951780000000002
2010-04-15 10:00:00,1.3643666666666665,1.4492766666666657,-0.08490999999999915,0.08490999999999915
2010-04-15 11:00:00,1.5094,1.3469626666666665,0.16243733333333354,0.16243733333333354
2010-04-15 12:00:00,1.7104,1.3126009999999997,0.39779900000000024,0.39779900000000024
2010-04-15 13:00:00,1.6801666666666668,1.3720933333333332,0.30807333333333364,0.30807333333333364
2010-04-15 14:00:00,1.4267666666666663,1.261293666666667,0.16547299999999932,0.16547299999999932
2010-04-15 15:00:00,1.2857666666666667,1.16608,0.11968666666666672,0.11968666666666672
2010-04-15 16:00:00,0.9111,0.536368,0.37473200000000007,0.37473200000000007
2010-04-15 17:00:00,1.1346333333333334,1.2071570112647212,-0.07252367793138781,0.07252367793138781
2010-04-15 18:00:00,1.7718333333333334,2.1917596822988514,-0.41992634896551806,0.41992634896551806
2010-04-15 19:00:00,2.0857666666666668,2.361271755555556,-0.275505088888889,0.275505088888889
2010-04-15 20:00:00,3.0281666666666665,1.9380460000000002,1.0901206666666663,1.0901206666666663
2010-04-15 21:00:00,2.2938,1.8312981694430455,0.4625018305569546,0.4625018305569546
2010-04-15 22:00:00,0.6762333333333334,1.3415685175851026,-0.6653351842517693,0.6653351842517693
2010-04-15 23:00:00,0.3933333333333333,0.4618583333333332,-0.06852499999999989,0.06852499999999989
2010-04-16 00:00:00,0.3726333333333333,0.4179936666666669,-0.04536033333333356,0.04536033333333356
2010-04-16 01:00:00,0.3928666666666666,0.44509366666666705,-0.05222700000000047,0.05222700000000047
2010-04-16 02:00:00,0.4246666666666667,0.37676166666666666,0.04790500000000003,0.04790500000000003
2010-04-16 03:00:00,0.3111666666666667,0.4290333333333334,-0.11786666666666668,0.11786666666666668
2010-04-16 04:00:00,0.3560666666666667,0.4939016666666668,-0.1378350000000001,0.1378350000000001
2010-04-16 05:00:00,1.2841,1.0809848813559326,0.2031151186440674,0.2031151186440674
2010-04-16 06:00:00,2.072633333333333,1.8845843678160918,0.18804896551724126,0.18804896551724126
2010-04-16 07:00:00,1.8254,1.8532706666666672,-0.027870666666667265,0.027870666666667265
2010-04-16 08:00:00,2.3511666666666664,1.4919896666666668,0.8591769999999996,0.8591769999999996
2010-04-16 09:00:00,1.1840000000000002,1.8195276666666669,-0.6355276666666667,0.6355276666666667
2010-04-16 10:00:00,0.3980666666666667,0.5886431807909606,-0.19057651412429388,0.19057651412429388
2010-04-16 11:00:00,2.0859666666666667,0.5198636666666665,1.5661030000000002,1.5661030000000002
2010-04-16 12:00:00,1.4597666666666669,1.7202003333333336,-0.2604336666666667,0.2604336666666667
2010-04-16 13:00:00,0.81,1.2871826666666673,-0.4771826666666672,0.4771826666666672
2010-04-16 14:00:00,1.0939333333333332,0.9419666666666662,0.15196666666666703,0.15196666666666703
2010-04-16 15:00:00,1.5556333333333332,0.987444333333333,0.5681890000000002,0.5681890000000002
2010-04-16 16:00:00,1.4293,1.2038523333333335,0.2254476666666665,0.2254476666666665
2010-04-16 17:00:00,1.5908666666666669,1.4006725866666667,0.19019408000000015,0.19019408000000015
2010-04-16 18:00:00,2.0770666666666666,1.7810130000000015,0.2960536666666651,0.2960536666666651
2010-04-16 19:00:00,0.6919333333333333,2.0086280000000003,-1.316694666666667,1.316694666666667
2010-04-16 20:00:00,0.9129,1.5901769999999997,-0.6772769999999997,0.6772769999999997
2010-04-16 21:00:00,0.3702,0.9281727562314385,-0.5579727562314385,0.5579727562314385
2010-04-16 22:00:00,0.5907,0.47780599999999956,0.11289400000000044,0.11289400000000044
2010-04-16 23:00:00,0.3913666666666666,0.6814529462365593,-0.2900862795698927,0.2900862795698927
2010-04-17 00:00:00,0.3883,0.5257790000000002,-0.13747900000000024,0.13747900000000024
2010-04-17 01:00:00,0.8707666666666666,0.39633333333333326,0.4744333333333333,0.4744333333333333
2010-04-17 02:00:00,0.5308666666666667,0.47471266666666656,0.05615400000000015,0.05615400000000015
2010-04-17 03:00:00,0.3529666666666667,0.48122796000000007,-0.12826129333333336,0.12826129333333336
2010-04-17 04:00:00,0.3010666666666666,0.37747766666666654,-0.07641099999999995,0.07641099999999995
2010-04-17 05:00:00,0.6469666666666666,0.7682943333333337,-0.12132766666666717,0.12132766666666717
2010-04-17 06:00:00,2.041133333333333,1.7447133466666664,0.29641998666666636,0.29641998666666636
2010-04-17 07:00:00,1.7394333333333334,1.7003803333333332,0.039053000000000226,0.039053000000000226
2010-04-17 08:00:00,1.8058,1.8296093333333334,-0.02380933333333335,0.02380933333333335
2010-04-17 09:00:00,3.5854666666666666,1.8747396666666658,1.7107270000000008,1.7107270000000008
2010-04-17 10:00:00,1.221666666666667,2.2039293333333316,-0.9822626666666647,0.9822626666666647
2010-04-17 11:00:00,1.2541,1.4272780000000005,-0.1731780000000005,0.1731780000000005
2010-04-17 12:00:00,0.6005333333333333,1.6475553333333324,-1.0470219999999992,1.0470219999999992
2010-04-17 13:00:00,1.6070666666666669,1.1786278000000001,0.42843886666666675,0.42843886666666675
2010-04-17 14:00:00,1.6395000000000002,1.5104799999999994,0.1290200000000008,0.1290200000000008
2010-04-17 15:00:00,1.5345,1.5643480000000003,-0.02984800000000032,0.02984800000000032
2010-04-17 16:00:00,1.4811,1.3232146666666662,0.15788533333333388,0.15788533333333388
2010-04-17 17:00:00,1.4724,1.6422277066666664,-0.16982770666666647,0.16982770666666647
2010-04-17 18:00:00,0.7461333333333333,1.656510666666666,-0.9103773333333327,0.9103773333333327
2010-04-17 19:00:00,0.3707333333333333,1.26587953328213,-0.8951461999487966,0.8951461999487966
2010-04-17 20:00:00,0.3261,0.7795693333333336,-0.45346933333333356,0.45346933333333356
2010-04-17 21:00:00,0.3832,0.814832666666667,-0.431632666666667,0.431632666666667
2010-04-17 22:00:00,0.6707,0.643528,0.027171999999999974,0.027171999999999974
2010-04-17 23:00:00,0.6803333333333333,0.6324186666666667,0.04791466666666666,0.04791466666666666
2010-04-18 00:00:00,0.3280333333333333,0.5863338276702512,-0.25830049433691793,0.25830049433691793
2010-04-18 01:00:00,0.7702666666666667,0.44992200000000004,0.3203446666666666,0.3203446666666666
2010-04-18 02:00:00,0.8058,0.46534600000000004,0.3404539999999999,0.3404539999999999
2010-04-18 03:00:00,0.3649333333333333,0.3979976154633896,-0.0330642821300563,0.0330642821300563
2010-04-18 04:00:00,0.4153333333333334,0.39597666666666675,0.019356666666666633,0.019356666666666633
2010-04-18 05:00:00,0.3182666666666666,0.4579656666666667,-0.13969900000000013,0.13969900000000013
2010-04-18 06:00:00,0.5133666666666666,1.0235063333333327,-0.5101396666666661,0.5101396666666661
2010-04-18 07:00:00,0.4019333333333333,0.9441649999999998,-0.5422316666666664,0.5422316666666664
2010-04-18 08:00:00,0.4087333333333333,1.0112579999999995,-0.6025246666666663,0.6025246666666663
2010-04-18 09:00:00,2.0007666666666664,0.8738800000000001,1.1268866666666661,1.1268866666666661
2010-04-18 10:00:00,1.9001,1.9110510395480234,-0.010951039548023456,0.010951039548023456
2010-04-18 11:00:00,2.2806333333333333,1.8435299999999992,0.43710333333333407,0.43710333333333407
2010-04-18 12:00:00,1.4932,1.9099086666666663,-0.41670866666666617,0.41670866666666617
2010-04-18 13:00:00,1.4144666666666663,1.8154386666666655,-0.4009719999999992,0.4009719999999992
2010-04-18 14:00:00,1.1437,1.210064629152542,-0.06636462915254215,0.06636462915254215
2010-04-18 15:00:00,0.4060333333333333,0.9362069274576268,-0.5301735941242935,0.5301735941242935
2010-04-18 16:00:00,0.3947666666666666,0.8137802585034011,-0.4190135918367345,0.4190135918367345
2010-04-18 17:00:00,1.2476333333333334,1.1020807264096084,0.14555260692372496,0.14555260692372496
2010-04-18 18:00:00,1.6654000000000002,1.3538298983050847,0.3115701016949155,0.3115701016949155
2010-04-18 19:00:00,1.822566666666667,1.8458463733333332,-0.023279706666666344,0.023279706666666344
2010-04-18 20:00:00,2.1953,1.8949589999999998,0.3003410000000002,0.3003410000000002
2010-04-18 21:00:00,1.1287999999999998,1.6535699999999998,-0.52477,0.52477
2010-04-18 22:00:00,0.5014,0.538779,-0.03737900000000005,0.03737900000000005
2010-04-18 23:00:00,0.3788,0.4778556666666666,-0.0990556666666666,0.0990556666666666
2010-04-19 00:00:00,0.3616333333333333,0.4126756666666666,-0.0510423333333333,0.0510423333333333
2010-04-19 01:00:00,0.4412666666666666,0.4472640000000002,-0.005997333333333632,0.005997333333333632
2010-04-19 02:00:00,0.3892,0.4609673627752175,-0.0717673627752175,0.0717673627752175
2010-04-19 03:00:00,0.3544333333333333,0.5000922790578597,-0.14565894572452637,0.14565894572452637
2010-04-19 04:00:00,0.3192666666666666,0.42450733691756276,-0.10524067025089617,0.10524067025089617
2010-04-19 05:00:00,1.0650666666666666,1.058746,0.006320666666666641,0.006320666666666641
2010-04-19 06:00:00,0.5800333333333333,1.1280519491525425,-0.5480186158192092,0.5480186158192092
2010-04-19 07:00:00,0.3746333333333334,1.0679702488888885,-0.6933369155555551,0.6933369155555551
2010-04-19 08:00:00,1.0736,0.8126639741423457,0.2609360258576544,0.2609360258576544
2010-04-19 09:00:00,2.2938,0.6578096666666666,1.6359903333333334,1.6359903333333334
2010-04-19 10:00:00,1.798266666666667,2.1370333333333345,-0.33876666666666755,0.33876666666666755
2010-04-19 11:00:00,1.699733333333333,1.5429399999999986,0.15679333333333445,0.15679333333333445
2010-04-19 12:00:00,1.5137,1.421172333333333,0.09252766666666701,0.09252766666666701
2010-04-19 13:00:00,1.4145333333333334,1.24797,0.1665633333333334,0.1665633333333334
2010-04-19 14:00:00,1.4509666666666667,1.2571166666666669,0.19384999999999986,0.19384999999999986
2010-04-19 15:00:00,1.473666666666667,1.2196046666666671,0.2540619999999998,0.2540619999999998
2010-04-19 16:00:00,2.682733333333333,1.2778023333333335,1.4049309999999997,1.4049309999999997
2010-04-19 17:00:00,2.1485333333333334,1.8473884350282492,0.3011448983050842,0.3011448983050842
2010-04-19 18:00:00,2.1934666666666667,2.1662160409398354,0.027250625726831235,0.027250625726831235
2010-04-19 19:00:00,1.8416333333333328,1.7058610000000007,0.13577233333333205,0.13577233333333205
2010-04-19 20:00:00,1.6705,2.089320412429379,-0.41882041242937884,0.41882041242937884
2010-04-19 21:00:00,0.6129333333333332,1.6436042399999993,-1.030670906666666,1.030670906666666
2010-04-19 22:00:00,0.3441666666666666,0.4942445296979006,-0.150077863031234,0.150077863031234
2010-04-19 23:00:00,1.0682666666666667,0.5458306666666667,0.522436,0.522436
2010-04-20 00:00:00,0.4288666666666667,0.3576626666666668,0.07120399999999988,0.07120399999999988
2010-04-20 01:00:00,0.4137,0.40638533333333343,0.0073146666666665805,0.0073146666666665805
2010-04-20 02:00:00,0.3510333333333333,0.38974899999999985,-0.03871566666666654,0.03871566666666654
2010-04-20 03:00:00,0.3545,0.3703939824561403,-0.01589398245614032,0.01589398245614032
2010-04-20 04:00:00,0.3012666666666667,0.3952643622631849,-0.09399769559651822,0.09399769559651822
2010-04-20 05:00:00,0.4444333333333333,1.1692836666666664,-0.7248503333333332,0.7248503333333332
2010-04-20 06:00:00,1.7821,1.4125373333333335,0.3695626666666665,0.3695626666666665
2010-04-20 07:00:00,1.5909000000000002,1.4052236666666662,0.185676333333334,0.185676333333334
2010-04-20 08:00:00,1.8861333333333328,1.4403593333333333,0.44577399999999945,0.44577399999999945
2010-04-20 09:00:00,1.8644666666666665,1.6516596666666672,0.2128069999999993,0.2128069999999993
2010-04-20 10:00:00,1.5847666666666669,1.6177303333333324,-0.0329636666666655,0.0329636666666655
2010-04-20 11:00:00,1.5754666666666668,1.4301799999999993,0.14528666666666745,0.14528666666666745
2010-04-20 12:00:00,1.6598666666666666,1.372515,0.28735166666666667,0.28735166666666667
2010-04-20 13:00:00,1.4857333333333334,1.3754700000000002,0.11026333333333316,0.11026333333333316
2010-04-20 14:00:00,1.4511333333333334,1.3267046666666662,0.12442866666666719,0.12442866666666719
2010-04-20 15:00:00,1.5280333333333334,1.2766786666666665,0.25135466666666684,0.25135466666666684
2010-04-20 16:00:00,1.562533333333333,1.2569813333333337,0.3055519999999994,0.3055519999999994
2010-04-20 17:00:00,1.2556333333333332,1.3935366666666664,-0.13790333333333327,0.13790333333333327
2010-04-20 18:00:00,1.406,1.4563080000000002,-0.05030800000000024,0.05030800000000024
2010-04-20 19:00:00,2.4154,1.8691399866666665,0.5462600133333335,0.5462600133333335
2010-04-20 20:00:00,2.270566666666667,2.195712303413086,0.07485436325358075,0.07485436325358075
2010-04-20 21:00:00,1.4235333333333335,1.4882630000000001,-0.06472966666666657,0.06472966666666657
2010-04-20 22:00:00,0.4561333333333334,0.5406353333333332,-0.08450199999999986,0.08450199999999986
2010-04-20 23:00:00,0.9508333333333332,0.5183893333333333,0.43244399999999994,0.43244399999999994
2010-04-21 00:00:00,0.7458333333333333,0.6853206666666665,0.06051266666666688,0.06051266666666688
2010-04-21 01:00:00,0.3594666666666667,0.4037816666666667,-0.04431499999999999,0.04431499999999999
2010-04-21 02:00:00,0.3177,0.40204300000000004,-0.08434300000000006,0.08434300000000006
2010-04-21 03:00:00,0.4173333333333333,0.37251366666666663,0.04481966666666665,0.04481966666666665
2010-04-21 04:00:00,0.4200666666666667,0.4445099111111111,-0.0244432444444444,0.0244432444444444
2010-04-21 05:00:00,0.4727666666666666,0.9480796666666664,-0.4753129999999998,0.4753129999999998
2010-04-21 06:00:00,1.1233333333333335,1.5808923333333325,-0.45755899999999894,0.45755899999999894
2010-04-21 07:00:00,1.4977333333333334,1.482288615819209,0.015444717514124351,0.015444717514124351
2010-04-21 08:00:00,1.2514333333333334,1.4246240000000003,-0.17319066666666694,0.17319066666666694
2010-04-21 09:00:00,1.7870333333333333,1.1776929999999992,0.609340333333334,0.609340333333334
2010-04-21 10:00:00,1.7057,1.3875999999999993,0.3181000000000007,0.3181000000000007
2010-04-21 11:00:00,1.4616333333333331,1.3916493333333324,0.06998400000000071,0.06998400000000071
2010-04-21 12:00:00,1.4520666666666666,1.4163376666666658,0.03572900000000079,0.03572900000000079
2010-04-21 13:00:00,1.5217999999999998,1.5036309999999995,0.018169000000000324,0.018169000000000324
2010-04-21 14:00:00,0.9395,1.2919039333333333,-0.3524039333333333,0.3524039333333333
2010-04-21 15:00:00,0.4578333333333333,0.6280409999999997,-0.17020766666666642,0.17020766666666642
2010-04-21 16:00:00,1.2767333333333333,0.7135233333333335,0.5632099999999998,0.5632099999999998
2010-04-21 17:00:00,1.3145666666666669,0.925927333333333,0.3886393333333339,0.3886393333333339
2010-04-21 18:00:00,0.5893333333333334,1.0635306666666668,-0.47419733333333347,0.47419733333333347
2010-04-21 19:00:00,1.2491,1.1586386666666666,0.0904613333333335,0.0904613333333335
2010-04-21 20:00:00,1.6814666666666669,1.8467975411494253,-0.1653308744827584,0.1653308744827584
2010-04-21 21:00:00,1.5153333333333334,1.864428666666666,-0.34909533333333265,0.34909533333333265
2010-04-21 22:00:00,1.8233,1.148829619047619,0.6744703809523809,0.6744703809523809
2010-04-21 23:00:00,0.6506000000000001,0.8980223333333334,-0.2474223333333333,0.2474223333333333
2010-04-22 00:00:00,0.3697999999999999,0.563026,-0.19322600000000012,0.19322600000000012
2010-04-22 01:00:00,0.4421,0.49862811264720946,-0.05652811264720947,0.05652811264720947
2010-04-22 02:00:00,0.4169666666666666,0.40678133333333316,0.010185333333333435,0.010185333333333435
2010-04-22 03:00:00,0.9284333333333332,0.42444166666666644,0.5039916666666668,0.5039916666666668
2010-04-22 04:00:00,0.4116666666666667,0.36258466666666656,0.049082000000000126,0.049082000000000126
2010-04-22 05:00:00,0.3484,0.8069279999999998,-0.45852799999999977,0.45852799999999977
2010-04-22 06:00:00,0.4622,1.0668359999999997,-0.6046359999999997,0.6046359999999997
2010-04-22 07:00:00,0.8830666666666667,0.985017761187916,-0.10195109452124929,0.10195109452124929
2010-04-22 08:00:00,1.7109666666666667,1.1910103333333333,0.5199563333333335,0.5199563333333335
2010-04-22 09:00:00,1.8938,1.5058804222222226,0.3879195777777773,0.3879195777777773
2010-04-22 10:00:00,2.0479333333333334,1.6095226666666662,0.43841066666666717,0.43841066666666717
2010-04-22 11:00:00,2.2073,1.9333551379310336,0.2739448620689664,0.2739448620689664
2010-04-22 12:00:00,1.9411,1.851566666666667,0.08953333333333302,0.08953333333333302
2010-04-22 13:00:00,1.5782333333333334,1.8162570000000013,-0.23802366666666797,0.23802366666666797
2010-04-22 14:00:00,1.4151333333333334,1.2687666666666666,0.14636666666666676,0.14636666666666676
2010-04-22 15:00:00,1.465,1.228104333333333,0.23689566666666706,0.23689566666666706
2010-04-22 16:00:00,1.0300333333333334,1.2087550000000002,-0.1787216666666669,0.1787216666666669
2010-04-22 17:00:00,0.4885333333333334,0.9835836666666669,-0.4950503333333335,0.4950503333333335
2010-04-22 18:00:00,0.5151,1.4054485332821303,-0.8903485332821303,0.8903485332821303
2010-04-22 19:00:00,0.8746333333333334,1.1027891136712753,-0.22815578033794193,0.22815578033794193
2010-04-22 20:00:00,1.4799,1.6834323733333338,-0.20353237333333385,0.20353237333333385
2010-04-22 21:00:00,0.3690333333333333,1.370202,-1.0011686666666666,1.0011686666666666
2010-04-22 22:00:00,0.4184666666666666,0.4515876666666663,-0.03312099999999968,0.03312099999999968
2010-04-22 23:00:00,0.3996,0.42880433333333345,-0.029204333333333443,0.029204333333333443
2010-04-23 00:00:00,0.3092333333333333,0.40752533333333324,-0.09829199999999993,0.09829199999999993
2010-04-23 01:00:00,0.3478,0.4308469999999998,-0.08304699999999982,0.08304699999999982
2010-04-23 02:00:00,0.3451666666666667,0.44021933333333346,-0.09505266666666679,0.09505266666666679
2010-04-23 03:00:00,0.369,0.4519716666666664,-0.08297166666666639,0.08297166666666639
2010-04-23 04:00:00,0.3976,0.42671933333333334,-0.02911933333333333,0.02911933333333333
2010-04-23 05:00:00,1.3673333333333335,0.9288310960451983,0.4385022372881352,0.4385022372881352
2010-04-23 06:00:00,0.8757333333333333,1.818701,-0.9429676666666666,0.9429676666666666
2010-04-23 07:00:00,1.7224333333333337,1.2358929769482847,0.486540356385049,0.486540356385049
2010-04-23 08:00:00,1.5311666666666668,1.4575539999999996,0.07361266666666721,0.07361266666666721
2010-04-23 09:00:00,1.5628,1.424903333333332,0.1378966666666679,0.1378966666666679
2010-04-23 10:00:00,1.4343333333333337,1.3562666666666663,0.0780666666666674,0.0780666666666674
2010-04-23 11:00:00,1.4431666666666667,1.1241219999999996,0.3190446666666671,0.3190446666666671
2010-04-23 12:00:00,1.4595,1.378135666666666,0.08136433333333404,0.08136433333333404
2010-04-23 13:00:00,1.5598666666666667,1.4085106666666665,0.15135600000000027,0.15135600000000027
2010-04-23 14:00:00,0.7483333333333333,1.1672825999999998,-0.41894926666666654,0.41894926666666654
2010-04-23 15:00:00,0.4193,0.984980999999999,-0.565680999999999,0.565680999999999
2010-04-23 16:00:00,0.4064333333333333,0.8894806666666671,-0.48304733333333383,0.48304733333333383
2010-04-23 17:00:00,0.3511666666666667,0.719395333333333,-0.36822866666666637,0.36822866666666637
2010-04-23 18:00:00,0.8642000000000001,0.8977075302099338,-0.03350753020993369,0.03350753020993369
2010-04-23 19:00:00,0.6341,0.8596863333333336,-0.22558633333333356,0.22558633333333356
2010-04-23 20:00:00,0.4115999999999999,1.27123904,-0.85963904,0.85963904
2010-04-23 21:00:00,0.3639333333333333,0.5916693333333334,-0.2277360000000001,0.2277360000000001
2010-04-23 22:00:00,0.3518,0.5316116955965181,-0.1798116955965181,0.1798116955965181
2010-04-23 23:00:00,0.3025333333333334,0.48244933333333334,-0.17991599999999996,0.17991599999999996
2010-04-24 00:00:00,0.3926333333333333,0.38575366666666666,0.006879666666666617,0.006879666666666617
2010-04-24 01:00:00,0.4345666666666667,0.4073946666666665,0.027172000000000196,0.027172000000000196
2010-04-24 02:00:00,0.3771,0.48392878666666667,-0.10682878666666668,0.10682878666666668
2010-04-24 03:00:00,0.3519,0.41339666666666663,-0.061496666666666644,0.061496666666666644
2010-04-24 04:00:00,1.0910333333333333,0.4439289999999999,0.6471043333333334,0.6471043333333334
2010-04-24 05:00:00,0.3794666666666667,0.6319182824858758,-0.2524516158192091,0.2524516158192091
2010-04-24 06:00:00,0.4129666666666666,0.9986440133333335,-0.5856773466666669,0.5856773466666669
2010-04-24 07:00:00,0.3447666666666666,0.8685669600000001,-0.5238002933333334,0.5238002933333334
2010-04-24 08:00:00,0.3543333333333333,0.6306780000000001,-0.2763446666666668,0.2763446666666668
2010-04-24 09:00:00,0.3441,0.7171046666666667,-0.3730046666666667,0.3730046666666667
2010-04-24 10:00:00,0.3547666666666667,0.7674178640552993,-0.41265119738863265,0.41265119738863265
2010-04-24 11:00:00,0.5296333333333333,0.6440983333333336,-0.11446500000000026,0.11446500000000026
2010-04-24 12:00:00,0.6028,1.119442465161291,-0.5166424651612911,0.5166424651612911
2010-04-24 13:00:00,0.5429999999999999,1.0775465292165902,-0.5345465292165903,0.5345465292165903
2010-04-24 14:00:00,1.2421333333333335,1.0807043947772663,0.16142893855606721,0.16142893855606721
2010-04-24 15:00:00,0.6988,0.9648116933333335,-0.2660116933333335,0.2660116933333335
2010-04-24 16:00:00,1.6808333333333332,1.1360529319508448,0.5447804013824884,0.5447804013824884
2010-04-24 17:00:00,2.4453,2.2233391736346504,0.22196082636534964,0.22196082636534964
2010-04-24 18:00:00,2.4780666666666664,2.6123248587570624,-0.13425819209039602,0.13425819209039602
2010-04-24 19:00:00,2.0275000000000003,2.4018280000000005,-0.3743280000000002,0.3743280000000002
2010-04-24 20:00:00,3.143333333333333,2.232858333333333,0.9104749999999999,0.9104749999999999
2010-04-24 21:00:00,3.0312,2.157658333333332,0.873541666666668,0.873541666666668
2010-04-24 22:00:00,1.7442,2.179575999999999,-0.4353759999999991,0.4353759999999991
2010-04-24 23:00:00,1.6366333333333334,1.4785086666666667,0.1581246666666667,0.1581246666666667
2010-04-25 00:00:00,2.761133333333333,1.7393569733333325,1.0217763600000005,1.0217763600000005
2010-04-25 01:00:00,1.933533333333333,2.0230793630367088,-0.08954602970337566,0.08954602970337566
2010-04-25 02:00:00,1.6507333333333334,1.5851417317571184,0.06559160157621502,0.06559160157621502
2010-04-25 03:00:00,1.866,1.6993069066666664,0.1666930933333337,0.1666930933333337
2010-04-25 04:00:00,1.7733666666666668,1.6930740759322027,0.08029259073446404,0.08029259073446404
2010-04-25 05:00:00,0.4262666666666667,1.727742333333333,-1.3014756666666663,1.3014756666666663
2010-04-25 06:00:00,0.4166333333333333,1.0169129999999995,-0.6002796666666662,0.6002796666666662
2010-04-25 07:00:00,0.4210666666666666,0.8848879655172414,-0.46382129885057477,0.46382129885057477
2010-04-25 08:00:00,0.4200333333333333,0.9265999999999999,-0.5065666666666666,0.5065666666666666
2010-04-25 09:00:00,1.9056666666666664,0.9644626666666664,0.941204,0.941204
2010-04-25 10:00:00,1.8239333333333327,1.7291287796610177,0.094804553672315,0.094804553672315
2010-04-25 11:00:00,1.9839666666666669,1.873036059956185,0.11093060671048183,0.11093060671048183
2010-04-25 12:00:00,1.9141333333333328,1.9398033333333324,-0.025669999999999638,0.025669999999999638
2010-04-25 13:00:00,0.7066,1.771899435028248,-1.065299435028248,1.065299435028248
2010-04-25 14:00:00,0.4285333333333333,1.0714431544827585,-0.6429098211494252,0.6429098211494252
2010-04-25 15:00:00,0.4439333333333333,0.7470010000000002,-0.30306766666666696,0.30306766666666696
2010-04-25 16:00:00,0.3283,0.8731466223026847,-0.5448466223026847,0.5448466223026847
2010-04-25 17:00:00,0.3827666666666667,0.6605830000000001,-0.27781633333333344,0.27781633333333344
2010-04-25 18:00:00,0.4353666666666667,0.8620086666666666,-0.42664199999999997,0.42664199999999997
2010-04-25 19:00:00,0.3683333333333333,1.072225666666667,-0.7038923333333337,0.7038923333333337
2010-04-25 20:00:00,0.3678333333333333,0.7534323632872506,-0.3855990299539173,0.3855990299539173
2010-04-25 21:00:00,0.9214333333333332,0.7611986666666669,0.1602346666666663,0.1602346666666663
2010-04-25 22:00:00,0.3961666666666666,0.6548276666666665,-0.25866099999999986,0.25866099999999986
2010-04-25 23:00:00,0.4195,0.43988499999999997,-0.020384999999999986,0.020384999999999986
2010-04-26 00:00:00,0.3576,0.4301496666666668,-0.07254966666666685,0.07254966666666685
2010-04-26 01:00:00,0.3525,0.47332666666666673,-0.12082666666666675,0.12082666666666675
2010-04-26 02:00:00,0.3614666666666666,0.4548669457245264,-0.0934002790578598,0.0934002790578598
2010-04-26 03:00:00,0.3989333333333333,0.5543499106368072,-0.15541657730347386,0.15541657730347386
2010-04-26 04:00:00,0.3567,0.5041243333333335,-0.1474243333333335,0.1474243333333335
2010-04-26 05:00:00,0.3558333333333333,0.8465993268244425,-0.4907659934911092,0.4907659934911092
2010-04-26 06:00:00,0.3583333333333333,0.8482227433631009,-0.4898894100297676,0.4898894100297676
2010-04-26 07:00:00,1.1722333333333337,0.7405019387036026,0.4317313946297311,0.4317313946297311
2010-04-26 08:00:00,0.5755666666666667,0.8861278983050846,-0.310561231638418,0.310561231638418
2010-04-26 09:00:00,0.399,0.8849230888888886,-0.4859230888888886,0.4859230888888886
2010-04-26 10:00:00,0.5157666666666667,0.5547256666666665,-0.038958999999999744,0.038958999999999744
2010-04-26 11:00:00,0.4146666666666666,0.7115096666666664,-0.2968429999999998,0.2968429999999998
2010-04-26 12:00:00,0.5905666666666666,0.46845119636456717,0.1221154703020994,0.1221154703020994
2010-04-26 13:00:00,0.4247666666666667,0.8455516666666668,-0.42078500000000013,0.42078500000000013
2010-04-26 14:00:00,1.7113666666666667,0.924270361751152,0.7870963049155147,0.7870963049155147
2010-04-26 15:00:00,0.9776,1.2810738457699593,-0.3034738457699593,0.3034738457699593
2010-04-26 16:00:00,0.376,1.115215517006803,-0.739215517006803,0.739215517006803
2010-04-26 17:00:00,0.4851333333333333,0.7171412988505749,-0.23200796551724157,0.23200796551724157
2010-04-26 18:00:00,1.4830333333333334,0.8111036134152587,0.6719297199180747,0.6719297199180747
2010-04-26 19:00:00,1.4643000000000002,1.5835393333333336,-0.11923933333333347,0.11923933333333347
2010-04-26 20:00:00,1.4257666666666668,1.30758192,0.11818474666666678,0.11818474666666678
2010-04-26 21:00:00,2.184333333333333,1.2309426666666663,0.9533906666666667,0.9533906666666667
2010-04-26 22:00:00,0.8843,1.290065333333334,-0.4057653333333341,0.4057653333333341
2010-04-26 23:00:00,0.9056666666666668,0.5753790000000002,0.33028766666666665,0.33028766666666665
2010-04-27 00:00:00,0.8449333333333333,0.7006700325140808,0.14426330081925254,0.14426330081925254
2010-04-27 01:00:00,0.8372666666666666,0.7181958149001538,0.11907085176651278,0.11907085176651278
2010-04-27 02:00:00,0.7849333333333333,0.7410966479774704,0.043836685355862826,0.043836685355862826
2010-04-27 03:00:00,0.8844333333333334,0.9489546933333328,-0.06452135999999942,0.06452135999999942
2010-04-27 04:00:00,0.8394999999999999,0.8501028033794163,-0.010602803379416437,0.010602803379416437
2010-04-27 05:00:00,0.8296666666666667,1.3063158899743983,-0.47664922330773163,0.47664922330773163
2010-04-27 06:00:00,0.8049999999999999,1.6105798666154627,-0.8055798666154628,0.8055798666154628
2010-04-27 07:00:00,2.2631666666666663,1.0792220681003584,1.183944598566308,1.183944598566308
2010-04-27 08:00:00,1.5056666666666667,1.9746086666666682,-0.4689420000000015,0.4689420000000015
2010-04-27 09:00:00,1.4813,1.533508333333334,-0.052208333333333856,0.052208333333333856
2010-04-27 10:00:00,1.4488666666666667,1.5085909999999998,-0.059724333333333046,0.059724333333333046
2010-04-27 11:00:00,1.5308333333333333,1.4988066666666666,0.03202666666666665,0.03202666666666665
2010-04-27 12:00:00,1.0180333333333331,1.1991483333333341,-0.18111500000000103,0.18111500000000103
2010-04-27 13:00:00,0.5066,0.4982336666666669,0.008366333333333142,0.008366333333333142
2010-04-27 14:00:00,0.4452333333333333,0.5966309999999999,-0.1513976666666666,0.1513976666666666
2010-04-27 15:00:00,0.4316,0.6600013333333333,-0.22840133333333335,0.22840133333333335
2010-04-27 16:00:00,0.3381666666666666,0.6659203333333339,-0.3277536666666673,0.3277536666666673
2010-04-27 17:00:00,0.4135333333333333,0.5786973333333334,-0.1651640000000001,0.1651640000000001
2010-04-27 18:00:00,0.3387,1.1015341968766,-0.7628341968765999,0.7628341968765999
2010-04-27 19:00:00,0.4153,0.7057016666666666,-0.29040166666666656,0.29040166666666656
2010-04-27 20:00:00,0.3497,0.883029779825909,-0.533329779825909,0.533329779825909
2010-04-27 21:00:00,0.4431333333333333,0.6115586666666661,-0.16842533333333282,0.16842533333333282
2010-04-27 22:00:00,1.1877666666666669,0.6374272852022527,0.5503393814644142,0.5503393814644142
2010-04-27 23:00:00,0.4158333333333333,0.46621799999999985,-0.05038466666666658,0.05038466666666658
2010-04-28 00:00:00,0.3376666666666666,0.40680833333333316,-0.06914166666666655,0.06914166666666655
2010-04-28 01:00:00,0.351,0.47784100000000024,-0.12684100000000026,0.12684100000000026
2010-04-28 02:00:00,0.3227666666666666,0.40880166666666673,-0.08603500000000014,0.08603500000000014
2010-04-28 03:00:00,0.4040666666666667,0.43344766666666656,-0.02938099999999988,0.02938099999999988
2010-04-28 04:00:00,0.3438,0.47427499999999995,-0.13047499999999995,0.13047499999999995
2010-04-28 05:00:00,0.3529333333333333,0.8910348909370199,-0.5381015576036866,0.5381015576036866
2010-04-28 06:00:00,0.3698333333333333,1.0633047433631004,-0.6934714100297672,0.6934714100297672
2010-04-28 07:00:00,0.381,0.8529208813559324,-0.47192088135593235,0.47192088135593235
2010-04-28 08:00:00,0.7454333333333333,0.942126333333333,-0.19669299999999967,0.19669299999999967
2010-04-28 09:00:00,1.4462000000000002,0.9623686666666669,0.4838313333333333,0.4838313333333333
2010-04-28 10:00:00,1.0110333333333332,1.3074700000000001,-0.2964366666666669,0.2964366666666669
2010-04-28 11:00:00,0.4606666666666666,0.586793,-0.1261263333333334,0.1261263333333334
2010-04-28 12:00:00,0.3248666666666667,0.7326520000000001,-0.4077853333333334,0.4077853333333334
2010-04-28 13:00:00,0.3882333333333333,0.5503169999999998,-0.16208366666666651,0.16208366666666651
2010-04-28 14:00:00,0.3867333333333333,0.6495571963645672,-0.2628238630312339,0.2628238630312339
2010-04-28 15:00:00,0.4402333333333333,0.6456159999999999,-0.20538266666666655,0.20538266666666655
2010-04-28 16:00:00,0.3794333333333333,0.688513666666667,-0.30908033333333373,0.30908033333333373
2010-04-28 17:00:00,0.4744666666666666,0.7403759999999999,-0.26590933333333333,0.26590933333333333
2010-04-28 18:00:00,1.3490333333333335,0.8517548222222219,0.49727851111111165,0.49727851111111165
2010-04-28 19:00:00,1.8294666666666664,1.2848596666666672,0.5446069999999992,0.5446069999999992
2010-04-28 20:00:00,1.0706,1.8077133333333333,-0.7371133333333333,0.7371133333333333
2010-04-28 21:00:00,0.3947,0.9794773066666661,-0.5847773066666662,0.5847773066666662
2010-04-28 22:00:00,0.4843,0.47587659165386575,0.008423408346134253,0.008423408346134253
2010-04-28 23:00:00,1.5426,0.6915673458064517,0.8510326541935482,0.8510326541935482
2010-04-29 00:00:00,0.7933666666666668,0.9708829999999997,-0.17751633333333294,0.17751633333333294
2010-04-29 01:00:00,0.7035666666666667,0.5872185647721455,0.11634810189452116,0.11634810189452116
2010-04-29 02:00:00,0.7016333333333333,0.7023216154633897,-0.0006882821300563391,0.0006882821300563391
2010-04-29 03:00:00,0.7249333333333333,0.7034556474654379,0.021477685867895446,0.021477685867895446
2010-04-29 04:00:00,0.6062666666666666,0.8255934391193039,-0.21932677245263732,0.21932677245263732
2010-04-29 05:00:00,0.7924,0.8371025993036354,-0.044702599303635404,0.044702599303635404
2010-04-29 06:00:00,1.4452333333333334,1.3699977333333324,0.07523560000000096,0.07523560000000096
2010-04-29 07:00:00,1.6148333333333331,1.426881022222222,0.18795231111111121,0.18795231111111121
2010-04-29 08:00:00,1.8318,1.5467790000000006,0.2850209999999995,0.2850209999999995
2010-04-29 09:00:00,1.2689,1.482421,-0.21352100000000007,0.21352100000000007
2010-04-29 10:00:00,0.3536333333333333,0.7333356666666666,-0.3797023333333333,0.3797023333333333
2010-04-29 11:00:00,0.3387,0.4778303333333334,-0.1391303333333334,0.1391303333333334
2010-04-29 12:00:00,0.3834,0.4579386666666666,-0.07453866666666659,0.07453866666666659
2010-04-29 13:00:00,0.4287,0.4817003333333333,-0.05300033333333326,0.05300033333333326
2010-04-29 14:00:00,0.3749333333333333,0.5358753333333331,-0.16094199999999986,0.16094199999999986
2010-04-29 15:00:00,0.3500666666666667,0.44766200000000006,-0.09759533333333337,0.09759533333333337
2010-04-29 16:00:00,0.5626,0.6409796666666671,-0.07837966666666707,0.07837966666666707
2010-04-29 17:00:00,0.8042666666666667,0.9464104583040431,-0.14214379163737645,0.14214379163737645
2010-04-29 18:00:00,1.268333333333333,1.617721666666667,-0.34938833333333386,0.34938833333333386
2010-04-29 19:00:00,0.3785333333333333,1.3401369491525423,-0.9616036158192091,0.9616036158192091
2010-04-29 20:00:00,0.3472333333333333,1.0299746666666665,-0.6827413333333332,0.6827413333333332
2010-04-29 21:00:00,0.3579,0.615142333333333,-0.257242333333333,0.257242333333333
2010-04-29 22:00:00,0.4215666666666667,0.5571816666666666,-0.13561499999999987,0.13561499999999987
2010-04-29 23:00:00,0.4155666666666667,0.5282402795698925,-0.1126736129032258,0.1126736129032258
2010-04-30 00:00:00,0.3475,0.4146770000000001,-0.0671770000000001,0.0671770000000001
2010-04-30 01:00:00,0.3644666666666666,0.4580020000000002,-0.09353533333333358,0.09353533333333358
2010-04-30 02:00:00,0.35,0.48624733333333336,-0.1362473333333334,0.1362473333333334
2010-04-30 03:00:00,1.0403666666666669,0.4869738755490875,0.5533927911175793,0.5533927911175793
2010-04-30 04:00:00,0.5292666666666667,0.4518670000000002,0.07739966666666648,0.07739966666666648
2010-04-30 05:00:00,0.3448333333333334,0.6935079999999997,-0.3486746666666663,0.3486746666666663
2010-04-30 06:00:00,0.3304333333333333,0.8902355860215055,-0.5598022526881723,0.5598022526881723
2010-04-30 07:00:00,0.3597,0.7502153333333332,-0.3905153333333332,0.3905153333333332
2010-04-30 08:00:00,0.9388666666666666,0.7974376666666672,0.14142899999999947,0.14142899999999947
2010-04-30 09:00:00,1.2614333333333332,1.3167699120839733,-0.05533657875064013,0.05533657875064013
2010-04-30 10:00:00,0.6157666666666667,1.1845903333333334,-0.5688236666666667,0.5688236666666667
2010-04-30 11:00:00,1.9986,0.9311236666666669,1.067476333333333,1.067476333333333
2010-04-30 12:00:00,0.977,1.8819623333333322,-0.9049623333333322,0.9049623333333322
2010-04-30 13:00:00,1.4853333333333334,1.126804298023554,0.3585290353097794,0.3585290353097794
2010-04-30 14:00:00,0.8605333333333333,1.257928288888889,-0.3973949555555557,0.3973949555555557
2010-04-30 15:00:00,0.9906,0.7941332266666663,0.19646677333333373,0.19646677333333373
2010-04-30 16:00:00,2.843633333333333,0.7259483733333332,2.11768496,2.11768496
2010-04-30 17:00:00,0.7098333333333333,2.295025898305085,-1.5851925649717515,1.5851925649717515
2010-04-30 18:00:00,0.3636333333333333,1.5870316666666668,-1.2233983333333336,1.2233983333333336
2010-04-30 19:00:00,0.3505333333333333,0.8831637796610164,-0.5326304463276832,0.5326304463276832
2010-04-30 20:00:00,0.3513333333333333,0.735302333333333,-0.38396899999999967,0.38396899999999967
2010-04-30 21:00:00,0.4304666666666666,0.6899613333333331,-0.2594946666666665,0.2594946666666665
2010-04-30 22:00:00,0.3841,0.5199569999999999,-0.1358569999999999,0.1358569999999999
2010-04-30 23:00:00,0.3495999999999999,0.47714399999999985,-0.12754399999999994,0.12754399999999994
2010-05-01 00:00:00,0.4738,0.44789233333333356,0.02590766666666644,0.02590766666666644
2010-05-01 01:00:00,0.7753,0.6599676266666666,0.11533237333333335,0.11533237333333335
2010-05-01 02:00:00,0.3889333333333333,0.4622526666666669,-0.07331933333333363,0.07331933333333363
2010-05-01 03:00:00,0.3508333333333333,0.347763649122807,0.00306968421052628,0.00306968421052628
2010-05-01 04:00:00,0.3363,0.40806533333333334,-0.07176533333333335,0.07176533333333335
2010-05-01 05:00:00,0.3731666666666667,0.6269956666666663,-0.2538289999999996,0.2538289999999996
2010-05-01 06:00:00,0.4157333333333333,0.8553373333333333,-0.439604,0.439604
2010-05-01 07:00:00,0.3113333333333333,0.75318316,-0.44184982666666667,0.44184982666666667
2010-05-01 08:00:00,0.3417,0.59999,-0.25829,0.25829
2010-05-01 09:00:00,1.2088,0.6487896666666664,0.5600103333333337,0.5600103333333337
2010-05-01 10:00:00,2.6106,1.4943341407909603,1.1162658592090395,1.1162658592090395
2010-05-01 11:00:00,1.5781333333333334,1.8935656666666667,-0.3154323333333333,0.3154323333333333
2010-05-01 12:00:00,0.5086,1.7644933333333341,-1.2558933333333342,1.2558933333333342
2010-05-01 13:00:00,2.5501,1.1516922475166418,1.3984077524833582,1.3984077524833582
2010-05-01 14:00:00,1.1692333333333331,1.6824096666666655,-0.5131763333333323,0.5131763333333323
2010-05-01 15:00:00,0.5044333333333334,1.2588043333333332,-0.7543709999999998,0.7543709999999998
2010-05-01 16:00:00,0.4150999999999999,1.0346719585600601,-0.6195719585600602,0.6195719585600602
2010-05-01 17:00:00,0.3371,0.9043867316948284,-0.5672867316948285,0.5672867316948285
2010-05-01 18:00:00,0.5240333333333334,0.6992113841807911,-0.17517805084745774,0.17517805084745774
2010-05-01 19:00:00,0.8862333333333333,1.422285641379309,-0.5360523080459757,0.5360523080459757
2010-05-01 20:00:00,1.5693666666666668,0.6680007898207883,0.9013658768458785,0.9013658768458785
2010-05-01 21:00:00,2.5912333333333333,1.9329212142857148,0.6583121190476184,0.6583121190476184
2010-05-01 22:00:00,1.4329666666666665,1.2001139365872424,0.2328527300794241,0.2328527300794241
2010-05-01 23:00:00,0.3585666666666666,0.7577913333333335,-0.3992246666666669,0.3992246666666669
2010-05-02 00:00:00,0.3565333333333333,0.47174700000000014,-0.11521366666666683,0.11521366666666683
2010-05-02 01:00:00,0.3908333333333333,0.42364699999999983,-0.03281366666666652,0.03281366666666652
2010-05-02 02:00:00,0.3836,0.4300299999999999,-0.046429999999999916,0.046429999999999916
2010-05-02 03:00:00,0.3640333333333333,0.4426256666666666,-0.07859233333333326,0.07859233333333326
2010-05-02 04:00:00,0.3622666666666667,0.4599540000000001,-0.0976873333333334,0.0976873333333334
2010-05-02 05:00:00,0.3500333333333333,0.5474003333333333,-0.19736699999999996,0.19736699999999996
2010-05-02 06:00:00,1.518233333333333,0.5337826666666667,0.9844506666666664,0.9844506666666664
2010-05-02 07:00:00,1.5409666666666666,1.2364603333333337,0.3045063333333329,0.3045063333333329
2010-05-02 08:00:00,1.636,1.3175436666666667,0.31845633333333323,0.31845633333333323
2010-05-02 09:00:00,0.8335333333333333,1.581183333333334,-0.7476500000000007,0.7476500000000007
2010-05-02 10:00:00,1.6141666666666663,1.3646743333333335,0.24949233333333276,0.24949233333333276
2010-05-02 11:00:00,3.5630666666666664,1.948929666666666,1.6141370000000004,1.6141370000000004
2010-05-02 12:00:00,3.525233333333333,2.3609313333333324,1.1643020000000006,1.1643020000000006
2010-05-02 13:00:00,1.9146333333333327,2.133722465408806,-0.2190891320754731,0.2190891320754731
2010-05-02 14:00:00,2.280533333333333,2.0806713276836155,0.19986200564971757,0.19986200564971757
2010-05-02 15:00:00,1.7898333333333334,1.765096884410944,0.024736448922389354,0.024736448922389354
2010-05-02 16:00:00,1.7991333333333333,1.6980283333333341,0.10110499999999911,0.10110499999999911
2010-05-02 17:00:00,1.7934666666666668,1.656449039548022,0.13701762711864474,0.13701762711864474
2010-05-02 18:00:00,3.7739,1.7665426666666664,2.007357333333333,2.007357333333333
2010-05-02 19:00:00,2.5308,2.072277000000001,0.4585229999999991,0.4585229999999991
2010-05-02 20:00:00,2.776,2.588809409786195,0.1871905902138047,0.1871905902138047
2010-05-02 21:00:00,0.6179333333333333,1.465521497527078,-0.8475881641937447,0.8475881641937447
2010-05-02 22:00:00,0.3918666666666667,0.5412839999999999,-0.14941733333333318,0.14941733333333318
2010-05-02 23:00:00,0.4122333333333333,0.39851533333333344,0.013717999999999841,0.013717999999999841
2010-05-03 00:00:00,0.3749666666666666,0.3796326666666666,-0.0046660000000000035,0.0046660000000000035
2010-05-03 01:00:00,0.3439,0.4264393333333332,-0.08253933333333324,0.08253933333333324
2010-05-03 02:00:00,0.3406333333333333,0.4768353333333334,-0.1362020000000001,0.1362020000000001
2010-05-03 03:00:00,1.0999333333333332,0.4910843333333335,0.6088489999999998,0.6088489999999998
2010-05-03 04:00:00,0.3263,0.5097456666666667,-0.18344566666666667,0.18344566666666667
2010-05-03 05:00:00,0.7714333333333333,1.0372776666666672,-0.2658443333333339,0.2658443333333339
2010-05-03 06:00:00,2.0927,1.698148666666666,0.3945513333333337,0.3945513333333337
2010-05-03 07:00:00,1.4166999999999998,1.6304016666666667,-0.2137016666666669,0.2137016666666669
2010-05-03 08:00:00,1.3820333333333332,1.3963536666666658,-0.014320333333332602,0.014320333333332602
2010-05-03 09:00:00,1.3711666666666666,1.2259346666666666,0.14523200000000003,0.14523200000000003
2010-05-03 10:00:00,1.322633333333333,1.294923,0.02771033333333306,0.02771033333333306
2010-05-03 11:00:00,0.9827666666666668,0.9837970000000005,-0.0010303333333336884,0.0010303333333336884
2010-05-03 12:00:00,0.3752,0.5408126666666666,-0.16561266666666663,0.16561266666666663
2010-05-03 13:00:00,0.3417666666666666,0.418271,-0.0765043333333334,0.0765043333333334
2010-05-03 14:00:00,0.3299,0.5164216666666664,-0.18652166666666642,0.18652166666666642
2010-05-03 15:00:00,0.3529333333333333,0.4485427782898103,-0.095609444956477,0.095609444956477
2010-05-03 16:00:00,0.37,0.6076000000000001,-0.23760000000000014,0.23760000000000014
2010-05-03 17:00:00,0.5388999999999999,0.6820386666666662,-0.1431386666666663,0.1431386666666663
2010-05-03 18:00:00,2.156833333333333,1.3099587627118643,0.8468745706214689,0.8468745706214689
2010-05-03 19:00:00,2.6444666666666667,2.1397623333333327,0.5047043333333341,0.5047043333333341
2010-05-03 20:00:00,2.3928000000000003,2.3735664915399197,0.01923350846008054,0.01923350846008054
2010-05-03 21:00:00,1.4212,1.735333,-0.314133,0.314133
2010-05-03 22:00:00,0.3602999999999999,0.7403903333333333,-0.38009033333333336,0.38009033333333336
2010-05-03 23:00:00,0.3779,0.5413143333333331,-0.1634143333333331,0.1634143333333331
2010-05-04 00:00:00,0.3335333333333333,0.38526599999999994,-0.05173266666666665,0.05173266666666665
2010-05-04 01:00:00,0.3046,0.4956539999999998,-0.19105399999999984,0.19105399999999984
2010-05-04 02:00:00,0.3792666666666667,0.4239459999999998,-0.04467933333333313,0.04467933333333313
2010-05-04 03:00:00,0.3393333333333333,0.4349043333333332,-0.0955709999999999,0.0955709999999999
2010-05-04 04:00:00,0.2929333333333333,0.38718157777777795,-0.09424824444444463,0.09424824444444463
2010-05-04 05:00:00,0.8967666666666666,0.9927683333333337,-0.0960016666666671,0.0960016666666671
2010-05-04 06:00:00,1.1859,1.762799666666667,-0.576899666666667,0.576899666666667
2010-05-04 07:00:00,1.9222333333333328,1.4034560000000003,0.5187773333333325,0.5187773333333325
2010-05-04 08:00:00,1.937466666666667,1.7158496666666665,0.2216170000000004,0.2216170000000004
2010-05-04 09:00:00,1.8925333333333327,1.509136666666667,0.3833966666666657,0.3833966666666657
2010-05-04 10:00:00,1.4468333333333334,1.4886093333333341,-0.0417760000000007,0.0417760000000007
2010-05-04 11:00:00,1.3913000000000002,1.435992666666666,-0.044692666666665826,0.044692666666665826
2010-05-04 12:00:00,1.3236333333333334,1.505725666666667,-0.18209233333333352,0.18209233333333352
2010-05-04 13:00:00,1.3724,1.152256666666667,0.22014333333333314,0.22014333333333314
2010-05-04 14:00:00,1.3889666666666665,1.291094666666667,0.09787199999999951,0.09787199999999951
2010-05-04 15:00:00,0.7543333333333334,1.1448828112994343,-0.39054947796610084,0.39054947796610084
2010-05-04 16:00:00,0.5214,0.6898083333333332,-0.16840833333333327,0.16840833333333327
2010-05-04 17:00:00,0.7041000000000001,0.8176311609195404,-0.1135311609195403,0.1135311609195403
2010-05-04 18:00:00,1.3919666666666666,1.3242941999487974,0.0676724667178692,0.0676724667178692
2010-05-04 19:00:00,1.9786333333333328,1.5652282800000006,0.4134050533333322,0.4134050533333322
2010-05-04 20:00:00,1.403066666666667,1.771574444444444,-0.368507777777777,0.368507777777777
2010-05-04 21:00:00,1.1828666666666665,1.6958506428571432,-0.5129839761904766,0.5129839761904766
2010-05-04 22:00:00,0.5607000000000001,0.8664910000000003,-0.30579100000000026,0.30579100000000026
2010-05-04 23:00:00,0.3613333333333333,0.4777296666666665,-0.11639633333333321,0.11639633333333321
2010-05-05 00:00:00,0.2986333333333333,0.4039723333333334,-0.10533900000000007,0.10533900000000007
2010-05-05 01:00:00,0.3786333333333333,0.38449033333333327,-0.005856999999999946,0.005856999999999946
2010-05-05 02:00:00,0.8437666666666667,0.4289295291858676,0.4148371374807991,0.4148371374807991
2010-05-05 03:00:00,0.5700000000000001,0.4189129999999997,0.15108700000000036,0.15108700000000036
2010-05-05 04:00:00,0.2920333333333333,0.4164879333333335,-0.12445460000000019,0.12445460000000019
2010-05-05 05:00:00,0.6113666666666667,0.9874606666666669,-0.37609400000000015,0.37609400000000015
2010-05-05 06:00:00,1.5195333333333332,1.572121666666666,-0.05258833333333279,0.05258833333333279
2010-05-05 07:00:00,1.2416333333333334,1.4409056666666666,-0.19927233333333327,0.19927233333333327
2010-05-05 08:00:00,2.3683,1.0675082933333326,1.3007917066666674,1.3007917066666674
2010-05-05 09:00:00,2.1899666666666664,1.8838489999999997,0.30611766666666673,0.30611766666666673
2010-05-05 10:00:00,1.5189666666666668,1.8035853333333336,-0.2846186666666668,0.2846186666666668
2010-05-05 11:00:00,1.4798666666666669,1.531906666666667,-0.052040000000000086,0.052040000000000086
2010-05-05 12:00:00,1.4567666666666663,1.551040333333333,-0.09427366666666659,0.09427366666666659
2010-05-05 13:00:00,2.4275333333333333,1.3074733333333333,1.12006,1.12006
2010-05-05 14:00:00,1.9371,1.9249155082432083,0.012184491756791704,0.012184491756791704
2010-05-05 15:00:00,0.4544666666666667,1.6474865791032929,-1.1930199124366263,1.1930199124366263
2010-05-05 16:00:00,0.5845333333333333,0.7893143333333339,-0.20478100000000055,0.20478100000000055
2010-05-05 17:00:00,0.7685666666666666,1.0622906666666665,-0.2937239999999999,0.2937239999999999
2010-05-05 18:00:00,1.3298333333333334,1.4420376159754225,-0.11220428264208904,0.11220428264208904
2010-05-05 19:00:00,1.8826333333333327,1.6546443733333334,0.22798895999999935,0.22798895999999935
2010-05-05 20:00:00,3.1247,1.973338079096044,1.1513619209039558,1.1513619209039558
2010-05-05 21:00:00,1.8031666666666664,1.8777999999999997,-0.07463333333333333,0.07463333333333333
2010-05-05 22:00:00,0.6451333333333333,0.7783133333333331,-0.13317999999999974,0.13317999999999974
2010-05-05 23:00:00,0.3465,0.5789360000000001,-0.23243600000000014,0.23243600000000014
2010-05-06 00:00:00,0.3896666666666666,0.42189131578947375,-0.03222464912280715,0.03222464912280715
2010-05-06 01:00:00,0.3371,0.3786683333333331,-0.041568333333333096,0.041568333333333096
2010-05-06 02:00:00,0.6174999999999999,0.42608199999999974,0.1914180000000002,0.1914180000000002
2010-05-06 03:00:00,0.7809,0.6249156666666669,0.15598433333333317,0.15598433333333317
2010-05-06 04:00:00,0.3232666666666667,0.43920599999999993,-0.11593933333333323,0.11593933333333323
2010-05-06 05:00:00,0.5272,0.9468316666666671,-0.41963166666666707,0.41963166666666707
2010-05-06 06:00:00,1.2249333333333332,1.460871540229885,-0.23593820689655187,0.23593820689655187
2010-05-06 07:00:00,1.7262333333333333,1.5863609600000002,0.13987237333333313,0.13987237333333313
2010-05-06 08:00:00,1.393066666666667,1.492493,-0.09942633333333317,0.09942633333333317
2010-05-06 09:00:00,1.316466666666667,1.376539666666667,-0.06007300000000004,0.06007300000000004
2010-05-06 10:00:00,1.4319666666666668,1.1555016666666669,0.27646499999999996,0.27646499999999996
2010-05-06 11:00:00,1.4989333333333337,1.2987635999999991,0.20016973333333454,0.20016973333333454
2010-05-06 12:00:00,1.2481666666666666,1.4281183333333332,-0.1799516666666665,0.1799516666666665
2010-05-06 13:00:00,0.4554666666666666,0.7227560000000001,-0.2672893333333335,0.2672893333333335
2010-05-06 14:00:00,0.5316,0.6985390000000006,-0.16693900000000061,0.16693900000000061
2010-05-06 15:00:00,0.3471666666666666,0.6715379999999999,-0.32437133333333323,0.32437133333333323
2010-05-06 16:00:00,0.4518,0.4763219999999999,-0.024521999999999933,0.024521999999999933
2010-05-06 17:00:00,1.2337,0.941351666666666,0.292348333333334,0.292348333333334
2010-05-06 18:00:00,1.8178666666666667,1.6725992413793107,0.14526742528735603,0.14526742528735603
2010-05-06 19:00:00,1.4060666666666668,1.6856373333333332,-0.2795706666666664,0.2795706666666664
2010-05-06 20:00:00,0.9249333333333334,1.7092147333333336,-0.7842814000000002,0.7842814000000002
2010-05-06 21:00:00,0.8786666666666666,0.947571899129544,-0.06890523246287739,0.06890523246287739
2010-05-06 22:00:00,0.445,0.7141714266666667,-0.26917142666666666,0.26917142666666666
2010-05-06 23:00:00,0.3311,0.5126203333333333,-0.18152033333333334,0.18152033333333334
2010-05-07 00:00:00,0.3266666666666667,0.46075800000000017,-0.13409133333333345,0.13409133333333345
2010-05-07 01:00:00,0.3429,0.42480000000000007,-0.08190000000000008,0.08190000000000008
2010-05-07 02:00:00,0.3604666666666666,0.454306280701754,-0.0938396140350874,0.0938396140350874
2010-05-07 03:00:00,1.0356,0.47276392982456145,0.5628360701754387,0.5628360701754387
2010-05-07 04:00:00,0.3617333333333333,0.44642494915254255,-0.08469161581920925,0.08469161581920925
2010-05-07 05:00:00,1.2250666666666667,0.6672156666666664,0.5578510000000003,0.5578510000000003
2010-05-07 06:00:00,2.043266666666667,1.7068990000000006,0.3363676666666662,0.3363676666666662
2010-05-07 07:00:00,1.717666666666667,1.8812976666666672,-0.1636310000000003,0.1636310000000003
2010-05-07 08:00:00,1.863,1.5094143333333339,0.35358566666666613,0.35358566666666613
2010-05-07 09:00:00,1.3217666666666663,1.375897666666667,-0.054131000000000595,0.054131000000000595
2010-05-07 10:00:00,1.3786333333333334,1.3159473333333325,0.06268600000000091,0.06268600000000091
2010-05-07 11:00:00,1.6298333333333337,1.1234699999999993,0.5063633333333344,0.5063633333333344
2010-05-07 12:00:00,0.6733333333333333,1.5095056666666673,-0.836172333333334,0.836172333333334
2010-05-07 13:00:00,0.6678,0.90459,-0.23679000000000006,0.23679000000000006
2010-05-07 14:00:00,1.3448666666666669,0.8008592816180231,0.5440073850486438,0.5440073850486438
2010-05-07 15:00:00,0.9093666666666668,1.049575333333333,-0.14020866666666632,0.14020866666666632
2010-05-07 16:00:00,0.3696333333333333,0.8400289999999996,-0.47039566666666627,0.47039566666666627
2010-05-07 17:00:00,0.5626,0.8227659999999999,-0.2601659999999999,0.2601659999999999
2010-05-07 18:00:00,1.4755333333333334,1.0120193333333327,0.46351400000000065,0.46351400000000065
2010-05-07 19:00:00,2.290966666666667,1.6269612266666673,0.6640054399999995,0.6640054399999995
2010-05-07 20:00:00,2.2999666666666667,2.0299416666666663,0.2700250000000004,0.2700250000000004
2010-05-07 21:00:00,1.5582333333333334,1.7074383333333332,-0.1492049999999998,0.1492049999999998
2010-05-07 22:00:00,1.3100666666666667,0.9611742799999997,0.348892386666667,0.348892386666667
2010-05-07 23:00:00,1.0309333333333333,1.0571368571428572,-0.026203523809523954,0.026203523809523954
2010-05-08 00:00:00,2.1358333333333333,0.9279642133333336,1.2078691199999998,1.2078691199999998
2010-05-08 01:00:00,1.2079,1.138688,0.06921200000000005,0.06921200000000005
2010-05-08 02:00:00,0.9025,0.7000332399999998,0.2024667600000002,0.2024667600000002
2010-05-08 03:00:00,0.3192,0.5266686154633896,-0.20746861546338963,0.20746861546338963
2010-05-08 04:00:00,0.3907666666666667,0.4697106666666668,-0.07894400000000007,0.07894400000000007
2010-05-08 05:00:00,0.3336666666666666,0.6544634399999996,-0.32079677333333295,0.32079677333333295
2010-05-08 06:00:00,0.3592,0.7227163333333333,-0.3635163333333333,0.3635163333333333
2010-05-08 07:00:00,0.5013333333333333,1.027556666666667,-0.5262233333333336,0.5262233333333336
2010-05-08 08:00:00,2.422233333333333,1.091775333333333,1.3304579999999997,1.3304579999999997
2010-05-08 09:00:00,2.693766666666667,1.9921936666666664,0.7015730000000004,0.7015730000000004
2010-05-08 10:00:00,2.1389,1.8628179999999992,0.2760820000000008,0.2760820000000008
2010-05-08 11:00:00,1.4613,2.0534349999999986,-0.5921349999999985,0.5921349999999985
2010-05-08 12:00:00,1.4432666666666667,1.5209603333333328,-0.0776936666666661,0.0776936666666661
2010-05-08 13:00:00,1.4543,1.4128880399999995,0.04141196000000047,0.04141196000000047
2010-05-08 14:00:00,0.6082333333333333,1.2103658,-0.6021324666666666,0.6021324666666666
2010-05-08 15:00:00,0.3537333333333333,0.8276785599999998,-0.47394522666666655,0.47394522666666655
2010-05-08 16:00:00,0.3550666666666667,0.7009716666666665,-0.34590499999999985,0.34590499999999985
2010-05-08 17:00:00,0.3776,0.64586,-0.26826,0.26826
2010-05-08 18:00:00,0.3263666666666667,0.7365043333333334,-0.41013766666666673,0.41013766666666673
2010-05-08 19:00:00,0.4219,0.7069263333333337,-0.28502633333333366,0.28502633333333366
2010-05-08 20:00:00,3.273033333333333,1.003250029953917,2.2697833033794157,2.2697833033794157
2010-05-08 21:00:00,0.5932999999999999,1.9736923333333323,-1.3803923333333323,1.3803923333333323
2010-05-08 22:00:00,0.4527,0.6037670000000002,-0.15106700000000017,0.15106700000000017
2010-05-08 23:00:00,0.4184333333333333,0.49608633333333324,-0.07765299999999992,0.07765299999999992
2010-05-09 00:00:00,0.5043333333333333,0.43930512,0.0650282133333333,0.0650282133333333
2010-05-09 01:00:00,0.4051333333333333,0.5034868666666665,-0.09835353333333324,0.09835353333333324
2010-05-09 02:00:00,0.4043,0.48128011264720927,-0.07698011264720928,0.07698011264720928
2010-05-09 03:00:00,0.3339,0.45060731578947366,-0.11670731578947369,0.11670731578947369
2010-05-09 04:00:00,0.3413666666666666,0.4036666666666666,-0.06230000000000002,0.06230000000000002
2010-05-09 05:00:00,0.9118666666666668,0.4270666666666667,0.4848000000000001,0.4848000000000001
2010-05-09 06:00:00,0.5787,0.7115759466666666,-0.13287594666666658,0.13287594666666658
2010-05-09 07:00:00,0.4759,0.8027576133333334,-0.3268576133333334,0.3268576133333334
2010-05-09 08:00:00,0.7206333333333333,1.0730330000000003,-0.352399666666667,0.352399666666667
2010-05-09 09:00:00,2.589,1.6498793333333333,0.9391206666666667,0.9391206666666667
2010-05-09 10:00:00,2.0800666666666667,2.031090333333333,0.04897633333333351,0.04897633333333351
2010-05-09 11:00:00,1.5217,1.8764393333333333,-0.3547393333333333,0.3547393333333333
2010-05-09 12:00:00,1.5006,1.5649110000000008,-0.0643110000000009,0.0643110000000009
2010-05-09 13:00:00,1.6730333333333334,1.4517862533333337,0.2212470799999997,0.2212470799999997
2010-05-09 14:00:00,0.9791,1.7463056666666674,-0.7672056666666675,0.7672056666666675
2010-05-09 15:00:00,0.5596666666666666,1.1355616666666664,-0.5758949999999997,0.5758949999999997
2010-05-09 16:00:00,1.0072,0.9864090680272113,0.020790931972788806,0.020790931972788806
2010-05-09 17:00:00,0.9243666666666668,0.9015152800000003,0.02285138666666653,0.02285138666666653
2010-05-09 18:00:00,1.8075,1.6136614041350867,0.19383859586491337,0.19383859586491337
2010-05-09 19:00:00,2.4892,1.8378979999999998,0.651302,0.651302
2010-05-09 20:00:00,2.359266666666667,2.438784333333334,-0.07951766666666682,0.07951766666666682
2010-05-09 21:00:00,1.1152333333333333,1.7693333333333325,-0.6540999999999992,0.6540999999999992
2010-05-09 22:00:00,0.408,0.5011286666666667,-0.09312866666666669,0.09312866666666669
2010-05-09 23:00:00,0.4233,0.40400333333333344,0.019296666666666573,0.019296666666666573
2010-05-10 00:00:00,0.3498666666666666,0.39102933333333323,-0.041162666666666625,0.041162666666666625
2010-05-10 01:00:00,0.4104333333333333,0.42871300000000007,-0.01827966666666675,0.01827966666666675
2010-05-10 02:00:00,0.3747,0.5661756666666667,-0.19147566666666677,0.19147566666666677
2010-05-10 03:00:00,0.359,0.4613811432209554,-0.10238114322095543,0.10238114322095543
2010-05-10 04:00:00,0.8361999999999999,0.42750400000000005,0.4086959999999999,0.4086959999999999
2010-05-10 05:00:00,0.6329999999999999,1.0669593333333331,-0.43395933333333325,0.43395933333333325
2010-05-10 06:00:00,1.8666666666666667,1.5142878400000002,0.35237882666666653,0.35237882666666653
2010-05-10 07:00:00,1.4740666666666666,1.5195883333333327,-0.045521666666666016,0.045521666666666016
2010-05-10 08:00:00,1.3697,1.4216036666666667,-0.05190366666666679,0.05190366666666679
2010-05-10 09:00:00,1.4806,1.323137,0.1574629999999999,0.1574629999999999
2010-05-10 10:00:00,1.4476,1.2994979999999996,0.1481020000000004,0.1481020000000004
2010-05-10 11:00:00,1.1581333333333332,1.3489286666666664,-0.1907953333333332,0.1907953333333332
2010-05-10 12:00:00,0.3968333333333333,0.5580016158192089,-0.1611682824858756,0.1611682824858756
2010-05-10 13:00:00,0.6421666666666667,0.4458623157894737,0.19630435087719295,0.19630435087719295
2010-05-10 14:00:00,0.4062,0.6581649999999998,-0.2519649999999998,0.2519649999999998
2010-05-10 15:00:00,0.4270333333333333,0.5363443333333335,-0.10931100000000021,0.10931100000000021
2010-05-10 16:00:00,0.4197333333333333,0.6541693333333335,-0.2344360000000002,0.2344360000000002
2010-05-10 17:00:00,0.4310666666666666,0.6434866666666668,-0.21242000000000016,0.21242000000000016
2010-05-10 18:00:00,1.1695,0.8328888587570618,0.3366111412429382,0.3366111412429382
2010-05-10 19:00:00,2.4106666666666663,1.7347706666666676,0.6758959999999987,0.6758959999999987
2010-05-10 20:00:00,2.9157,2.468641970079753,0.44705802992024735,0.44705802992024735
2010-05-10 21:00:00,1.6507,1.8425783333333328,-0.1918783333333327,0.1918783333333327
2010-05-10 22:00:00,1.412,0.9476520000000004,0.46434799999999954,0.46434799999999954
2010-05-10 23:00:00,1.4787666666666666,1.0898586666666663,0.38890800000000025,0.38890800000000025
2010-05-11 00:00:00,1.447633333333333,1.0896569999999997,0.35797633333333345,0.35797633333333345
2010-05-11 01:00:00,1.4576666666666669,1.193838333333333,0.263828333333334,0.263828333333334
2010-05-11 02:00:00,0.3954,1.103068333333333,-0.7076683333333331,0.7076683333333331
2010-05-11 03:00:00,0.4070333333333333,0.39098364912280703,0.01604968421052627,0.01604968421052627
2010-05-11 04:00:00,0.3084,0.46448800000000007,-0.15608800000000006,0.15608800000000006
2010-05-11 05:00:00,0.7299333333333333,1.0172300000000005,-0.2872966666666672,0.2872966666666672
2010-05-11 06:00:00,2.1199,1.7643969999999998,0.3555030000000001,0.3555030000000001
2010-05-11 07:00:00,2.2432,1.7830376666666672,0.4601623333333327,0.4601623333333327
2010-05-11 08:00:00,1.5963666666666667,1.7447896666666671,-0.14842300000000042,0.14842300000000042
2010-05-11 09:00:00,1.6475,1.4916693333333335,0.15583066666666645,0.15583066666666645
2010-05-11 10:00:00,1.6040666666666668,1.443051333333334,0.16101533333333284,0.16101533333333284
2010-05-11 11:00:00,1.2644,1.4192909999999999,-0.1548909999999999,0.1548909999999999
2010-05-11 12:00:00,1.0311,0.9562646666666668,0.07483533333333314,0.07483533333333314
2010-05-11 13:00:00,0.4691333333333333,1.0176088666666667,-0.5484755333333334,0.5484755333333334
2010-05-11 14:00:00,0.4855,0.5670853333333337,-0.08158533333333368,0.08158533333333368
2010-05-11 15:00:00,0.7601666666666667,0.6707973333333338,0.08936933333333286,0.08936933333333286
2010-05-11 16:00:00,0.8795000000000001,0.8060253333333333,0.0734746666666668,0.0734746666666668
2010-05-11 17:00:00,1.1376333333333333,0.9924219866666673,0.14521134666666602,0.14521134666666602
2010-05-11 18:00:00,2.0624333333333333,1.5604568956321838,0.5019764377011495,0.5019764377011495
2010-05-11 19:00:00,1.0880666666666667,1.6604062799999995,-0.5723396133333327,0.5723396133333327
2010-05-11 20:00:00,0.5558666666666666,1.644141733333334,-1.0882750666666672,1.0882750666666672
2010-05-11 21:00:00,0.4442,1.0285216666666663,-0.5843216666666664,0.5843216666666664
2010-05-11 22:00:00,0.5756,0.4822936666666663,0.09330633333333371,0.09330633333333371
2010-05-11 23:00:00,0.3263999999999999,0.6523263333333333,-0.32592633333333343,0.32592633333333343
2010-05-12 00:00:00,0.9861666666666667,0.3926626666666669,0.5935039999999998,0.5935039999999998
2010-05-12 01:00:00,0.5014666666666667,0.35050299999999984,0.15096366666666688,0.15096366666666688
2010-05-12 02:00:00,0.3509,0.4368416666666666,-0.08594166666666658,0.08594166666666658
2010-05-12 03:00:00,0.3148999999999999,0.4049040000000001,-0.0900040000000002,0.0900040000000002
2010-05-12 04:00:00,0.3197666666666666,0.43717200000000017,-0.11740533333333358,0.11740533333333358
2010-05-12 05:00:00,0.9449666666666666,1.0967148813559318,-0.15174821468926514,0.15174821468926514
2010-05-12 06:00:00,2.4613333333333336,1.6621565200000006,0.799176813333333,0.799176813333333
2010-05-12 07:00:00,2.1047,1.8098103333333333,0.2948896666666665,0.2948896666666665
2010-05-12 08:00:00,1.6658000000000002,1.8435336666666668,-0.17773366666666668,0.17773366666666668
2010-05-12 09:00:00,1.5169666666666666,1.5415479999999997,-0.024581333333333122,0.024581333333333122
2010-05-12 10:00:00,1.9225666666666668,1.2855256666666666,0.6370410000000002,0.6370410000000002
2010-05-12 11:00:00,1.8470333333333333,1.6054726666666677,0.24156066666666565,0.24156066666666565
2010-05-12 12:00:00,1.4408333333333334,1.5840506666666665,-0.14321733333333309,0.14321733333333309
2010-05-12 13:00:00,2.9855333333333336,1.4130913333333333,1.5724420000000003,1.5724420000000003
2010-05-12 14:00:00,1.8542,2.18361956710372,-0.3294195671037201,0.3294195671037201
2010-05-12 15:00:00,1.4608666666666668,1.620246333333333,-0.15937966666666625,0.15937966666666625
2010-05-12 16:00:00,3.0760666666666667,1.2165395866666668,1.8595270799999999,1.8595270799999999
2010-05-12 17:00:00,0.6869333333333334,2.076659073446328,-1.3897257401129945,1.3897257401129945
2010-05-12 18:00:00,0.5411666666666667,1.2502010000000003,-0.7090343333333337,0.7090343333333337
2010-05-12 19:00:00,1.7231333333333334,1.1937233333333332,0.5294100000000002,0.5294100000000002
2010-05-12 20:00:00,1.7869,1.9570836666666667,-0.17018366666666673,0.17018366666666673
2010-05-12 21:00:00,1.561,1.5110993333333342,0.049900666666665705,0.049900666666665705
2010-05-12 22:00:00,1.5440333333333334,1.2575266666666662,0.28650666666666713,0.28650666666666713
2010-05-12 23:00:00,0.3472,0.8601195199999997,-0.5129195199999996,0.5129195199999996
2010-05-13 00:00:00,0.3643,0.37611000000000006,-0.011810000000000043,0.011810000000000043
2010-05-13 01:00:00,0.3389,0.412018,-0.07311800000000002,0.07311800000000002
2010-05-13 02:00:00,0.3558,0.41941799999999996,-0.06361799999999995,0.06361799999999995
2010-05-13 03:00:00,0.3498666666666666,0.43283531578947376,-0.08296864912280716,0.08296864912280716
2010-05-13 04:00:00,0.3187,0.4538886666666668,-0.1351886666666668,0.1351886666666668
2010-05-13 05:00:00,0.3694666666666666,1.1634052146892655,-0.7939385480225989,0.7939385480225989
2010-05-13 06:00:00,0.3028666666666667,1.1555799774011297,-0.8527133107344631,0.8527133107344631
2010-05-13 07:00:00,1.4711333333333334,1.2384856666666666,0.2326476666666668,0.2326476666666668
2010-05-13 08:00:00,0.3661666666666666,1.3219490000000005,-0.955782333333334,0.955782333333334
2010-05-13 09:00:00,1.4741,0.5455303333333332,0.9285696666666667,0.9285696666666667
2010-05-13 10:00:00,1.9577666666666669,1.2188143333333334,0.7389523333333334,0.7389523333333334
2010-05-13 11:00:00,1.9802,1.448413666666667,0.531786333333333,0.531786333333333
2010-05-13 12:00:00,1.4075666666666666,1.5328370000000004,-0.12527033333333382,0.12527033333333382
2010-05-13 13:00:00,1.4837333333333331,1.3557176666666668,0.1280156666666663,0.1280156666666663
2010-05-13 14:00:00,1.0083333333333333,1.212089,-0.20375566666666667,0.20375566666666667
2010-05-13 15:00:00,0.6708,0.5163309999999995,0.1544690000000004,0.1544690000000004
2010-05-13 16:00:00,0.8897333333333334,0.8820780000000003,0.007655333333333125,0.007655333333333125
2010-05-13 17:00:00,2.979233333333333,1.0830616044444445,1.8961717288888886,1.8961717288888886
2010-05-13 18:00:00,1.3617333333333332,2.4010726217147895,-1.0393392883814563,1.0393392883814563
2010-05-13 19:00:00,1.8061,1.4372632799999996,0.36883672000000045,0.36883672000000045
2010-05-13 20:00:00,1.8756949152542373,1.8611850611494254,0.01450985410481187,0.01450985410481187
2010-05-13 21:00:00,2.018133333333333,1.4762903333333333,0.5418429999999999,0.5418429999999999
2010-05-13 22:00:00,0.4086666666666667,0.9357636666666669,-0.5270970000000001,0.5270970000000001
2010-05-13 23:00:00,0.3762999999999999,0.39386833333333326,-0.017568333333333352,0.017568333333333352
2010-05-14 00:00:00,0.3972333333333333,0.3853913333333332,0.01184200000000013,0.01184200000000013
2010-05-14 01:00:00,0.3822333333333333,0.38364966666666694,-0.0014163333333336303,0.0014163333333336303
2010-05-14 02:00:00,0.385,0.39702866666666664,-0.012028666666666632,0.012028666666666632
2010-05-14 03:00:00,0.3795333333333333,0.41861257333333335,-0.03907924000000007,0.03907924000000007
2010-05-14 04:00:00,0.3363666666666666,0.4747483333333334,-0.1383816666666668,0.1383816666666668
2010-05-14 05:00:00,1.0338,1.1686465480225992,-0.1348465480225991,0.1348465480225991
2010-05-14 06:00:00,1.6064333333333332,1.2381326666666665,0.3683006666666666,0.3683006666666666
2010-05-14 07:00:00,2.3067,1.5323755466666666,0.7743244533333336,0.7743244533333336
2010-05-14 08:00:00,2.398033333333333,1.8850785632183902,0.5129547701149426,0.5129547701149426
2010-05-14 09:00:00,1.4895666666666665,1.865922666666666,-0.37635599999999947,0.37635599999999947
2010-05-14 10:00:00,1.5108666666666666,1.367879,0.1429876666666665,0.1429876666666665
2010-05-14 11:00:00,1.6402666666666663,1.287519333333333,0.3527473333333333,0.3527473333333333
2010-05-14 12:00:00,1.5645,1.3762740000000002,0.18822599999999978,0.18822599999999978
2010-05-14 13:00:00,1.5472,1.3226696666666669,0.22453033333333305,0.22453033333333305
2010-05-14 14:00:00,1.5001666666666666,1.252025666666667,0.24814099999999972,0.24814099999999972
2010-05-14 15:00:00,1.5976,1.1329253333333338,0.4646746666666661,0.4646746666666661
2010-05-14 16:00:00,1.5977333333333334,1.3522163333333332,0.2455170000000002,0.2455170000000002
2010-05-14 17:00:00,1.7295666666666667,1.7589848079096047,-0.029418141242937956,0.029418141242937956
2010-05-14 18:00:00,1.8975666666666664,1.7352863333333348,0.16228033333333158,0.16228033333333158
2010-05-14 19:00:00,1.6372666666666666,1.820729,-0.1834623333333334,0.1834623333333334
2010-05-14 20:00:00,0.6121333333333333,1.5765043333333333,-0.964371,0.964371
2010-05-14 21:00:00,0.3832666666666666,1.093013,-0.7097463333333334,0.7097463333333334
2010-05-14 22:00:00,0.3930999999999999,0.5322656666666665,-0.13916566666666663,0.13916566666666663
2010-05-14 23:00:00,0.3943333333333333,0.43729033333333334,-0.04295700000000002,0.04295700000000002
2010-05-15 00:00:00,0.354,0.5266373333333333,-0.1726373333333333,0.1726373333333333
2010-05-15 01:00:00,0.3796333333333333,0.3907926666666667,-0.011159333333333354,0.011159333333333354
2010-05-15 02:00:00,0.3458666666666666,0.4427590000000001,-0.09689233333333352,0.09689233333333352
2010-05-15 03:00:00,0.3608,0.4135020000000001,-0.05270200000000008,0.05270200000000008
2010-05-15 04:00:00,1.1044333333333332,0.4286079824561405,0.6758253508771926,0.6758253508771926
2010-05-15 05:00:00,0.6398333333333334,0.6987279491525424,-0.05889461581920907,0.05889461581920907
2010-05-15 06:00:00,1.9829333333333328,1.144944495819209,0.8379888375141238,0.8379888375141238
2010-05-15 07:00:00,1.8605,1.6941986666666669,0.1663013333333332,0.1663013333333332
2010-05-15 08:00:00,2.0170666666666666,1.4894273333333334,0.5276393333333331,0.5276393333333331
2010-05-15 09:00:00,1.2804333333333335,1.7090466666666666,-0.42861333333333307,0.42861333333333307
2010-05-15 10:00:00,0.5046333333333333,0.9952106666666671,-0.49057733333333386,0.49057733333333386
2010-05-15 11:00:00,0.7856333333333333,1.1800243609039551,-0.39439102757062183,0.39439102757062183
2010-05-15 12:00:00,1.6464666666666663,1.5652171733333324,0.08124949333333387,0.08124949333333387
2010-05-15 13:00:00,0.8854666666666666,1.5584016666666667,-0.6729350000000001,0.6729350000000001
2010-05-15 14:00:00,0.5612333333333334,0.9317916671274956,-0.37055833379416225,0.37055833379416225
2010-05-15 15:00:00,0.5042666666666666,1.1872474165986397,-0.6829807499319731,0.6829807499319731
2010-05-15 16:00:00,0.5530666666666667,1.0161039472606255,-0.46303728059395877,0.46303728059395877
2010-05-15 17:00:00,0.8153,0.9999990476190476,-0.18469904761904754,0.18469904761904754
2010-05-15 18:00:00,1.9753,1.2963315066666663,0.6789684933333338,0.6789684933333338
2010-05-15 19:00:00,3.084166666666667,1.7211623333333332,1.3630043333333337,1.3630043333333337
2010-05-15 20:00:00,3.7895666666666665,2.4916510282485858,1.2979156384180808,1.2979156384180808
2010-05-15 21:00:00,2.7681,2.0503599999999995,0.7177400000000005,0.7177400000000005
2010-05-15 22:00:00,3.819833333333333,1.9652799999999992,1.8545533333333337,1.8545533333333337
2010-05-15 23:00:00,1.8755333333333333,1.786778333333332,0.08875500000000125,0.08875500000000125
2010-05-16 00:00:00,1.7676666666666667,1.7712656666666664,-0.003598999999999686,0.003598999999999686
2010-05-16 01:00:00,1.9566666666666668,1.7328218799999993,0.22384478666666752,0.22384478666666752
2010-05-16 02:00:00,1.4462000000000002,1.2862203333333333,0.15997966666666685,0.15997966666666685
2010-05-16 03:00:00,0.3499333333333333,0.794465333333333,-0.4445319999999997,0.4445319999999997
2010-05-16 04:00:00,0.4307666666666667,0.536964,-0.10619733333333331,0.10619733333333331
2010-05-16 05:00:00,0.3432666666666666,0.5232653333333335,-0.17999866666666686,0.17999866666666686
2010-05-16 06:00:00,0.3752666666666666,0.9716756666666663,-0.5964089999999997,0.5964089999999997
2010-05-16 07:00:00,0.4897,0.9913790000000006,-0.5016790000000005,0.5016790000000005
2010-05-16 08:00:00,1.7532,1.201091333333334,0.5521086666666661,0.5521086666666661
2010-05-16 09:00:00,1.4902333333333333,1.4118313333333332,0.07840200000000008,0.07840200000000008
2010-05-16 10:00:00,0.6514666666666666,1.7695336933333337,-1.118067026666667,1.118067026666667
2010-05-16 11:00:00,0.6923333333333334,0.9933222420700005,-0.30098890873666717,0.30098890873666717
2010-05-16 12:00:00,1.9094666666666664,1.0490297146441367,0.8604369520225297,0.8604369520225297
2010-05-16 13:00:00,3.486166666666666,1.6109519999999997,1.8752146666666665,1.8752146666666665
2010-05-16 14:00:00,1.1775,1.739823485875705,-0.5623234858757049,0.5623234858757049
2010-05-16 15:00:00,0.4786,1.0456171977401127,-0.5670171977401127,0.5670171977401127
2010-05-16 16:00:00,0.5519666666666667,0.8571689556360182,-0.30520228896935153,0.30520228896935153
2010-05-16 17:00:00,1.0913,1.1590040000000001,-0.06770400000000021,0.06770400000000021
2010-05-16 18:00:00,3.1688666666666667,1.6778261599999995,1.4910405066666672,1.4910405066666672
2010-05-16 19:00:00,2.5771666666666664,2.803537666666667,-0.22637100000000077,0.22637100000000077
2010-05-16 20:00:00,2.7816,2.651771,0.12982899999999997,0.12982899999999997
2010-05-16 21:00:00,2.5823,1.9132655027763783,0.6690344972236217,0.6690344972236217
2010-05-16 22:00:00,1.5799333333333334,1.4921786666666668,0.08775466666666665,0.08775466666666665
2010-05-16 23:00:00,0.9766,1.1799906666666666,-0.2033906666666666,0.2033906666666666
2010-05-17 00:00:00,0.3819,0.38294999999999996,-0.0010499999999999399,0.0010499999999999399
2010-05-17 01:00:00,0.4126,0.37624933333333355,0.036350666666666476,0.036350666666666476
2010-05-17 02:00:00,0.3350666666666667,0.5415983333333333,-0.2065316666666666,0.2065316666666666
2010-05-17 03:00:00,0.4157,0.45139166666666675,-0.03569166666666673,0.03569166666666673
2010-05-17 04:00:00,0.3313333333333333,0.465082333333333,-0.13374899999999967,0.13374899999999967
2010-05-17 05:00:00,0.8424333333333334,1.0615166666666669,-0.21908333333333352,0.21908333333333352
2010-05-17 06:00:00,1.9666,1.7660526666666663,0.20054733333333363,0.20054733333333363
2010-05-17 07:00:00,1.4820666666666666,1.5864206666666656,-0.10435399999999895,0.10435399999999895
2010-05-17 08:00:00,1.485766666666667,1.4361119999999994,0.04965466666666751,0.04965466666666751
2010-05-17 09:00:00,1.522166666666667,1.3881693333333331,0.13399733333333375,0.13399733333333375
2010-05-17 10:00:00,1.4601333333333335,1.3360069999999995,0.124126333333334,0.124126333333334
2010-05-17 11:00:00,1.5701,1.285305,0.28479500000000013,0.28479500000000013
2010-05-17 12:00:00,1.4874,1.3096563333333324,0.17774366666666763,0.17774366666666763
2010-05-17 13:00:00,1.415,1.134623333333333,0.28037666666666694,0.28037666666666694
2010-05-17 14:00:00,1.4703333333333333,1.2424416666666669,0.22789166666666638,0.22789166666666638
2010-05-17 15:00:00,1.6582333333333332,1.0999336666666668,0.5582996666666664,0.5582996666666664
2010-05-17 16:00:00,1.6084666666666665,1.4891207062146898,0.11934596045197665,0.11934596045197665
2010-05-17 17:00:00,0.6601333333333332,1.3670523333333335,-0.7069190000000003,0.7069190000000003
2010-05-17 18:00:00,0.8043666666666667,1.2641586666666669,-0.4597920000000002,0.4597920000000002
2010-05-17 19:00:00,1.5936,1.6287046666666674,-0.03510466666666745,0.03510466666666745
2010-05-17 20:00:00,1.7509333333333332,1.9448066316384183,-0.19387329830508504,0.19387329830508504
2010-05-17 21:00:00,1.0803,1.385507186666668,-0.3052071866666679,0.3052071866666679
2010-05-17 22:00:00,0.4251333333333333,0.6555266666666668,-0.2303933333333335,0.2303933333333335
2010-05-17 23:00:00,0.3448,0.41531466666666644,-0.07051466666666645,0.07051466666666645
2010-05-18 00:00:00,0.4057,0.40671766666666653,-0.001017666666666528,0.001017666666666528
2010-05-18 01:00:00,0.3416666666666667,0.44842866666666675,-0.10676200000000008,0.10676200000000008
2010-05-18 02:00:00,0.4090666666666667,0.44991733333333345,-0.04085066666666676,0.04085066666666676
2010-05-18 03:00:00,0.9974,0.49386633333333324,0.5035336666666668,0.5035336666666668
2010-05-18 04:00:00,0.4423,0.40005933333333354,0.04224066666666648,0.04224066666666648
2010-05-18 05:00:00,0.8207333333333333,0.7485893333333337,0.07214399999999965,0.07214399999999965
2010-05-18 06:00:00,1.8852,1.8192776666666677,0.0659223333333323,0.0659223333333323
2010-05-18 07:00:00,1.4528666666666663,1.5864513333333332,-0.1335846666666669,0.1335846666666669
2010-05-18 08:00:00,1.4544,1.516633333333334,-0.06223333333333403,0.06223333333333403
2010-05-18 09:00:00,1.5289,1.3018539999999996,0.2270460000000003,0.2270460000000003
2010-05-18 10:00:00,1.5529,1.460557,0.09234299999999984,0.09234299999999984
2010-05-18 11:00:00,1.4756,1.4282966666666663,0.0473033333333337,0.0473033333333337
2010-05-18 12:00:00,1.467666666666667,1.3990493333333334,0.06861733333333353,0.06861733333333353
2010-05-18 13:00:00,1.1408999999999998,1.2710956666666662,-0.13019566666666638,0.13019566666666638
2010-05-18 14:00:00,0.6998333333333334,0.7846393333333332,-0.08480599999999983,0.08480599999999983
2010-05-18 15:00:00,0.7251333333333334,0.8344104444444443,-0.10927711111111094,0.10927711111111094
2010-05-18 16:00:00,0.6493,0.8371723333333334,-0.18787233333333342,0.18787233333333342
2010-05-18 17:00:00,0.6107333333333334,1.0367223333333333,-0.42598899999999995,0.42598899999999995
2010-05-18 18:00:00,0.856,1.0520039999999997,-0.19600399999999973,0.19600399999999973
2010-05-18 19:00:00,1.9862666666666664,1.8480613733333338,0.13820529333333265,0.13820529333333265
2010-05-18 20:00:00,1.1104999999999998,1.8044851902071557,-0.6939851902071559,0.6939851902071559
2010-05-18 21:00:00,0.7884333333333333,1.1817158058956914,-0.39328247256235804,0.39328247256235804
2010-05-18 22:00:00,0.5401,0.6190503988735278,-0.07895039887352773,0.07895039887352773
2010-05-18 23:00:00,0.5312,0.5532383333333334,-0.022038333333333382,0.022038333333333382
2010-05-19 00:00:00,0.8956999999999999,0.49859681333333333,0.3971031866666666,0.3971031866666666
2010-05-19 01:00:00,0.7556666666666667,0.4493590000000002,0.30630766666666653,0.30630766666666653
2010-05-19 02:00:00,0.4910333333333333,0.5763716666666664,-0.08533833333333307,0.08533833333333307
2010-05-19 03:00:00,0.4583666666666666,0.5208656586687145,-0.06249899200204789,0.06249899200204789
2010-05-19 04:00:00,0.4892,0.5220347227752177,-0.03283472277521765,0.03283472277521765
2010-05-19 05:00:00,0.5987666666666667,1.0501003466666665,-0.45133367999999985,0.45133367999999985
2010-05-19 06:00:00,1.2334,1.3412353333333331,-0.10783533333333306,0.10783533333333306
2010-05-19 07:00:00,1.7,1.6512455066666663,0.048754493333333704,0.048754493333333704
2010-05-19 08:00:00,1.822466666666667,1.5661626666666666,0.2563040000000003,0.2563040000000003
2010-05-19 09:00:00,1.4854666666666667,1.639721999999999,-0.1542553333333323,0.1542553333333323
2010-05-19 10:00:00,1.7189666666666668,1.3975296666666663,0.3214370000000004,0.3214370000000004
2010-05-19 11:00:00,1.5488333333333335,1.5297159999999996,0.019117333333333875,0.019117333333333875
2010-05-19 12:00:00,0.3450333333333333,1.5289146666666662,-1.183881333333333,1.183881333333333
2010-05-19 13:00:00,0.9004333333333334,0.6246050000000003,0.2758283333333331,0.2758283333333331
2010-05-19 14:00:00,0.9435333333333332,0.7663546666666666,0.1771786666666666,0.1771786666666666
2010-05-19 15:00:00,0.3992,0.8276076666666667,-0.42840766666666674,0.42840766666666674
2010-05-19 16:00:00,0.412,0.8444876666666664,-0.43248766666666644,0.43248766666666644
2010-05-19 17:00:00,0.5127333333333334,0.8590053333333336,-0.34627200000000025,0.34627200000000025
2010-05-19 18:00:00,1.0709666666666666,1.0915383333333328,-0.02057166666666621,0.02057166666666621
2010-05-19 19:00:00,2.3201,1.0760479999999997,1.2440520000000004,1.2440520000000004
2010-05-19 20:00:00,1.1143666666666665,2.1089674599419768,-0.9946007932753103,0.9946007932753103
2010-05-19 21:00:00,0.7745,1.2202616428571424,-0.4457616428571425,0.4457616428571425
2010-05-19 22:00:00,1.2572666666666668,0.637093732206861,0.6201729344598057,0.6201729344598057
2010-05-19 23:00:00,0.4038666666666666,0.42617833333333316,-0.022311666666666563,0.022311666666666563
2010-05-20 00:00:00,0.4395333333333333,0.39990533333333356,0.03962799999999972,0.03962799999999972
2010-05-20 01:00:00,0.3904333333333333,0.40797866666666677,-0.017545333333333468,0.017545333333333468
2010-05-20 02:00:00,0.4205666666666667,0.45045233333333334,-0.029885666666666644,0.029885666666666644
2010-05-20 03:00:00,0.3288333333333333,0.40358156023391806,-0.07474822690058475,0.07474822690058475
2010-05-20 04:00:00,0.4045666666666667,0.4494763333333334,-0.04490966666666674,0.04490966666666674
2010-05-20 05:00:00,0.602,1.030849333333333,-0.4288493333333331,0.4288493333333331
2010-05-20 06:00:00,1.7003666666666668,1.430309746666667,0.2700569199999998,0.2700569199999998
2010-05-20 07:00:00,1.7837999999999998,1.5012420000000006,0.2825579999999992,0.2825579999999992
2010-05-20 08:00:00,1.4224333333333334,1.4987020000000002,-0.07626866666666676,0.07626866666666676
2010-05-20 09:00:00,1.4856333333333334,1.4398616666666664,0.04577166666666699,0.04577166666666699
2010-05-20 10:00:00,1.445633333333333,1.2785703333333327,0.1670630000000004,0.1670630000000004
2010-05-20 11:00:00,1.433266666666667,1.3039739999999997,0.12929266666666717,0.12929266666666717
2010-05-20 12:00:00,0.8744333333333334,1.1437026666666663,-0.2692693333333329,0.2692693333333329
2010-05-20 13:00:00,0.6854,0.39137733333333324,0.29402266666666677,0.29402266666666677
2010-05-20 14:00:00,0.3669666666666666,0.8358459999999995,-0.4688793333333329,0.4688793333333329
2010-05-20 15:00:00,0.4586666666666666,0.485803,-0.027136333333333373,0.027136333333333373
2010-05-20 16:00:00,0.4168666666666666,0.6167526666666668,-0.19988600000000023,0.19988600000000023
2010-05-20 17:00:00,1.4747333333333332,0.7333733333333334,0.7413599999999998,0.7413599999999998
2010-05-20 18:00:00,0.8403666666666666,1.4222566666666665,-0.5818899999999999,0.5818899999999999
2010-05-20 19:00:00,0.4433666666666667,1.0583177333333338,-0.6149510666666671,0.6149510666666671
2010-05-20 20:00:00,0.4269,0.7638170000000005,-0.3369170000000005,0.3369170000000005
2010-05-20 21:00:00,0.4138666666666666,0.6221625296979006,-0.20829586303123404,0.20829586303123404
2010-05-20 22:00:00,0.5691333333333334,0.5428693927291345,0.0262639406041989,0.0262639406041989
2010-05-20 23:00:00,0.4106333333333333,0.6556566933333332,-0.2450233599999999,0.2450233599999999
2010-05-21 00:00:00,0.8209333333333333,0.4438288749923193,0.37710445834101397,0.37710445834101397
2010-05-21 01:00:00,0.6970333333333334,0.4470903333333333,0.24994300000000008,0.24994300000000008
2010-05-21 02:00:00,0.4191,0.4436616666666665,-0.024561666666666537,0.024561666666666537
2010-05-21 03:00:00,0.3431666666666667,0.36796400000000007,-0.024797333333333393,0.024797333333333393
2010-05-21 04:00:00,0.4114666666666666,0.40351336226318507,0.00795330440348152,0.00795330440348152
2010-05-21 05:00:00,0.408,0.8961619999999999,-0.48816199999999993,0.48816199999999993
2010-05-21 06:00:00,1.4021,1.2061677333333334,0.19593226666666652,0.19593226666666652
2010-05-21 07:00:00,2.0987,1.4548543446327684,0.6438456553672316,0.6438456553672316
2010-05-21 08:00:00,2.0111,1.8204143333333327,0.1906856666666672,0.1906856666666672
2010-05-21 09:00:00,1.5535333333333334,1.5862,-0.03266666666666662,0.03266666666666662
2010-05-21 10:00:00,1.549,1.5155536666666662,0.03344633333333369,0.03344633333333369
2010-05-21 11:00:00,0.8231666666666667,1.3293956666666669,-0.5062290000000002,0.5062290000000002
2010-05-21 12:00:00,0.3903333333333333,0.9345289999999998,-0.5441956666666665,0.5441956666666665
2010-05-21 13:00:00,0.6574000000000001,0.7535316666666665,-0.0961316666666664,0.0961316666666664
2010-05-21 14:00:00,1.3532,1.017573426666666,0.3356265733333339,0.3356265733333339
2010-05-21 15:00:00,0.5370333333333334,0.8633530338983048,-0.3263197005649714,0.3263197005649714
2010-05-21 16:00:00,0.3586,0.854037925170068,-0.49543792517006807,0.49543792517006807
2010-05-21 17:00:00,0.4476333333333333,0.6420101129943504,-0.19437677966101707,0.19437677966101707
2010-05-21 18:00:00,0.8801,0.9838374293785305,-0.10373742937853048,0.10373742937853048
2010-05-21 19:00:00,1.7375666666666667,1.296382683154122,0.4411839835125446,0.4411839835125446
2010-05-21 20:00:00,0.9084333333333332,1.6037976666666673,-0.6953643333333341,0.6953643333333341
2010-05-21 21:00:00,0.909,0.9249927590885815,-0.015992759088581443,0.015992759088581443
2010-05-21 22:00:00,0.4460333333333333,0.7447559493087553,-0.29872261597542205,0.29872261597542205
2010-05-21 23:00:00,0.4557333333333334,0.44347466666666674,0.01225866666666664,0.01225866666666664
2010-05-22 00:00:00,0.4961333333333333,0.5422835066666667,-0.04615017333333338,0.04615017333333338
2010-05-22 01:00:00,0.9549,0.4778761200000002,0.4770238799999998,0.4770238799999998
2010-05-22 02:00:00,0.5759666666666666,0.4162746666666665,0.1596920000000001,0.1596920000000001
2010-05-22 03:00:00,0.4634666666666666,0.4790647466666664,-0.015598079999999792,0.015598079999999792
2010-05-22 04:00:00,0.4250666666666667,0.5800984666666666,-0.15503179999999994,0.15503179999999994
2010-05-22 05:00:00,0.8622333333333334,0.6754778267485915,0.18675550658474194,0.18675550658474194
2010-05-22 06:00:00,1.8893333333333333,1.5089659558115722,0.3803673775217611,0.3803673775217611
2010-05-22 07:00:00,2.1137666666666663,1.7149411428571428,0.3988255238095235,0.3988255238095235
2010-05-22 08:00:00,2.0202,1.6033910229885058,0.4168089770114942,0.4168089770114942
2010-05-22 09:00:00,2.1044333333333336,1.5863799999999997,0.5180533333333339,0.5180533333333339
2010-05-22 10:00:00,2.9777333333333336,1.74796,1.2297733333333336,1.2297733333333336
2010-05-22 11:00:00,2.9287,2.2090836666666673,0.7196163333333327,0.7196163333333327
2010-05-22 12:00:00,1.3232333333333337,2.1957260000000005,-0.8724926666666668,0.8724926666666668
2010-05-22 13:00:00,1.7196333333333331,1.4087493466666665,0.3108839866666666,0.3108839866666666
2010-05-22 14:00:00,1.7081666666666666,1.7774630000000005,-0.06929633333333385,0.06929633333333385
2010-05-22 15:00:00,1.6239666666666668,1.6089563333333337,0.015010333333333126,0.015010333333333126
2010-05-22 16:00:00,1.3736666666666666,1.584412844444445,-0.21074617777777838,0.21074617777777838
2010-05-22 17:00:00,0.5486,1.2445172933333335,-0.6959172933333335,0.6959172933333335
2010-05-22 18:00:00,1.6358666666666666,1.1043607199999996,0.531505946666667,0.531505946666667
2010-05-22 19:00:00,2.604766666666667,1.7763790395480228,0.8283876271186441,0.8283876271186441
2010-05-22 20:00:00,1.8646333333333327,2.657441666666667,-0.7928083333333344,0.7928083333333344
2010-05-22 21:00:00,1.6266333333333334,1.7017119999999994,-0.07507866666666607,0.07507866666666607
2010-05-22 22:00:00,0.6326999999999999,0.9752819999999995,-0.3425819999999996,0.3425819999999996
2010-05-22 23:00:00,0.6506000000000001,0.5114980000000001,0.13910199999999995,0.13910199999999995
2010-05-23 00:00:00,0.5380666666666667,0.5419633333333335,-0.0038966666666667704,0.0038966666666667704
2010-05-23 01:00:00,0.3660333333333333,0.47558366666666685,-0.10955033333333353,0.10955033333333353
2010-05-23 02:00:00,0.4388333333333333,0.4352453333333331,0.003588000000000202,0.003588000000000202
2010-05-23 03:00:00,0.3905333333333333,0.5460833333333333,-0.15554999999999997,0.15554999999999997
2010-05-23 04:00:00,1.0787,0.4528123333333333,0.6258876666666666,0.6258876666666666
2010-05-23 05:00:00,0.4126333333333333,0.7139346158192091,-0.30130128248587584,0.30130128248587584
2010-05-23 06:00:00,0.5722,0.6569626666666664,-0.08476266666666632,0.08476266666666632
2010-05-23 07:00:00,0.5780333333333334,0.8453712114977519,-0.26733787816441845,0.26733787816441845
2010-05-23 08:00:00,2.038066666666667,1.1689548926553677,0.8691117740112992,0.8691117740112992
2010-05-23 09:00:00,1.419166666666667,1.6838096666666664,-0.2646429999999995,0.2646429999999995
2010-05-23 10:00:00,1.3234,1.604033719999999,-0.2806337199999991,0.2806337199999991
2010-05-23 11:00:00,0.6875,1.3747776142372883,-0.6872776142372883,0.6872776142372883
2010-05-23 12:00:00,1.4910666666666663,1.3624246799999988,0.12864198666666748,0.12864198666666748
2010-05-23 13:00:00,1.8497333333333328,1.3094879999999995,0.5402453333333332,0.5402453333333332
2010-05-23 14:00:00,1.7885666666666666,1.7153809999999998,0.07318566666666682,0.07318566666666682
2010-05-23 15:00:00,1.7826333333333333,1.656064,0.1265693333333333,0.1265693333333333
2010-05-23 16:00:00,0.9132666666666668,1.773865757062147,-0.8605990903954802,0.8605990903954802
2010-05-23 17:00:00,0.6145666666666667,1.1507687834101388,-0.5362021167434721,0.5362021167434721
2010-05-23 18:00:00,0.6609666666666667,1.435345896487455,-0.7743792298207883,0.7743792298207883
2010-05-23 19:00:00,0.7431333333333333,1.5769200875576026,-0.8337867542242693,0.8337867542242693
2010-05-23 20:00:00,1.9589333333333327,1.5086019512339988,0.450331382099334,0.450331382099334
2010-05-23 21:00:00,1.5712000000000002,1.3067159999999998,0.2644840000000004,0.2644840000000004
2010-05-23 22:00:00,0.9247666666666668,0.8561058933333334,0.06866077333333342,0.06866077333333342
2010-05-23 23:00:00,0.4747666666666666,0.57564088,-0.1008742133333334,0.1008742133333334
2010-05-24 00:00:00,0.4730333333333333,0.49182299999999984,-0.018789666666666538,0.018789666666666538
2010-05-24 01:00:00,0.4633666666666666,0.5188509866666666,-0.05548432000000003,0.05548432000000003
2010-05-24 02:00:00,0.4299666666666666,0.5162179866666666,-0.08625132000000002,0.08625132000000002
2010-05-24 03:00:00,0.3994,0.4874843333333334,-0.08808433333333343,0.08808433333333343
2010-05-24 04:00:00,0.4326,0.43158067805265854,0.001019321947341445,0.001019321947341445
2010-05-24 05:00:00,1.044533333333333,0.9037936666666667,0.14073966666666637,0.14073966666666637
2010-05-24 06:00:00,0.5814666666666667,1.2619166666666668,-0.6804500000000001,0.6804500000000001
2010-05-24 07:00:00,0.8345333333333333,1.0135429377777778,-0.17900960444444447,0.17900960444444447
2010-05-24 08:00:00,0.6686,1.1036912222222226,-0.43509122222222263,0.43509122222222263
2010-05-24 09:00:00,1.2894666666666663,0.9572342933333335,0.3322323733333328,0.3322323733333328
2010-05-24 10:00:00,0.5929,1.2151253653483987,-0.6222253653483987,0.6222253653483987
2010-05-24 11:00:00,1.4928666666666668,0.6756613333333331,0.8172053333333337,0.8172053333333337
2010-05-24 12:00:00,0.4771666666666666,1.1668926666666664,-0.6897259999999998,0.6897259999999998
2010-05-24 13:00:00,0.4527666666666666,0.6533413333333334,-0.20057466666666685,0.20057466666666685
2010-05-24 14:00:00,0.4005333333333333,0.5493006666666669,-0.14876733333333358,0.14876733333333358
2010-05-24 15:00:00,0.9590333333333334,0.4854639999999998,0.4735693333333336,0.4735693333333336
2010-05-24 16:00:00,1.6942666666666668,1.4436230344827587,0.25064363218390806,0.25064363218390806
2010-05-24 17:00:00,1.705833333333333,1.3825516451977404,0.32328168813559266,0.32328168813559266
2010-05-24 18:00:00,1.3048,1.6827563066666678,-0.3779563066666678,0.3779563066666678
2010-05-24 19:00:00,2.253833333333333,1.1922116666666671,1.061621666666666,1.061621666666666
2010-05-24 20:00:00,2.447,1.9801380000000004,0.46686199999999967,0.46686199999999967
2010-05-24 21:00:00,1.1054666666666668,1.512167,-0.4067003333333332,0.4067003333333332
2010-05-24 22:00:00,0.3773333333333333,0.47541233333333316,-0.09807899999999986,0.09807899999999986
2010-05-24 23:00:00,0.3273333333333333,0.36475900000000006,-0.037425666666666746,0.037425666666666746
2010-05-25 00:00:00,0.3826333333333333,0.3677943157894738,0.014839017543859523,0.014839017543859523
2010-05-25 01:00:00,0.3298,0.3490463333333333,-0.01924633333333331,0.01924633333333331
2010-05-25 02:00:00,0.3657333333333333,0.42181429824561406,-0.05608096491228076,0.05608096491228076
2010-05-25 03:00:00,0.3440333333333333,0.4000269824561405,-0.05599364912280719,0.05599364912280719
2010-05-25 04:00:00,0.3430333333333333,0.3765279824561404,-0.033494649122807085,0.033494649122807085
2010-05-25 05:00:00,0.5341,0.9307482146892658,-0.3966482146892658,0.3966482146892658
2010-05-25 06:00:00,1.6887333333333332,1.5358209999999999,0.15291233333333332,0.15291233333333332
2010-05-25 07:00:00,1.7139666666666666,1.518970666666667,0.19499599999999973,0.19499599999999973
2010-05-25 08:00:00,1.5015666666666665,1.479427666666666,0.022139000000000575,0.022139000000000575
2010-05-25 09:00:00,1.5305333333333333,1.3686693333333326,0.16186400000000067,0.16186400000000067
2010-05-25 10:00:00,1.4275666666666669,1.4448776666666663,-0.01731099999999941,0.01731099999999941
2010-05-25 11:00:00,0.7964666666666667,1.1516540000000002,-0.3551873333333335,0.3551873333333335
2010-05-25 12:00:00,0.3499,0.37607633333333346,-0.026176333333333468,0.026176333333333468
2010-05-25 13:00:00,0.3369999999999999,0.5176123333333335,-0.18061233333333354,0.18061233333333354
2010-05-25 14:00:00,0.3472,0.43710066666666675,-0.08990066666666674,0.08990066666666674
2010-05-25 15:00:00,0.4753,0.4520643333333336,0.023235666666666377,0.023235666666666377
2010-05-25 16:00:00,0.5867666666666668,0.7720490000000001,-0.18528233333333333,0.18528233333333333
2010-05-25 17:00:00,0.4913333333333333,1.135319666666667,-0.6439863333333337,0.6439863333333337
2010-05-25 18:00:00,1.3298666666666668,1.0710449999999994,0.2588216666666674,0.2588216666666674
2010-05-25 19:00:00,1.9245,1.6767737066666668,0.2477262933333333,0.2477262933333333
2010-05-25 20:00:00,1.8886,1.7167733333333328,0.17182666666666724,0.17182666666666724
2010-05-25 21:00:00,0.5967333333333333,1.4639376666666672,-0.8672043333333339,0.8672043333333339
2010-05-25 22:00:00,0.3644,0.4330176666666666,-0.06861766666666658,0.06861766666666658
2010-05-25 23:00:00,0.3423,0.407132333333333,-0.06483233333333299,0.06483233333333299
2010-05-26 00:00:00,0.3364666666666666,0.35459833333333324,-0.018131666666666657,0.018131666666666657
2010-05-26 01:00:00,0.3501,0.39659166102083143,-0.04649166102083141,0.04649166102083141
2010-05-26 02:00:00,0.3263,0.40563331578947365,-0.07933331578947367,0.07933331578947367
2010-05-26 03:00:00,0.3391333333333333,0.410004947368421,-0.07087161403508774,0.07087161403508774
2010-05-26 04:00:00,0.3362666666666666,0.409724,-0.07345733333333337,0.07345733333333337
2010-05-26 05:00:00,0.8395333333333334,0.930020112135177,-0.09048677880184364,0.09048677880184364
2010-05-26 06:00:00,1.5743666666666667,1.6061769999999997,-0.03181033333333305,0.03181033333333305
2010-05-26 07:00:00,2.3483,1.6730513333333332,0.6752486666666668,0.6752486666666668
2010-05-26 08:00:00,2.3270666666666666,1.8058607499999995,0.5212059166666672,0.5212059166666672
2010-05-26 09:00:00,1.6331666666666669,1.8387054166666679,-0.205538750000001,0.205538750000001
2010-05-26 10:00:00,1.6315,1.4552239999999992,0.17627600000000077,0.17627600000000077
2010-05-26 11:00:00,0.7616666666666667,1.2729570000000001,-0.5112903333333334,0.5112903333333334
2010-05-26 12:00:00,1.4149,0.7897963333333334,0.6251036666666666,0.6251036666666666
2010-05-26 13:00:00,0.3886333333333333,1.146144066666667,-0.7575107333333336,0.7575107333333336
2010-05-26 14:00:00,0.3882666666666666,0.5089946666666666,-0.120728,0.120728
2010-05-26 15:00:00,0.3389666666666667,0.5234313333333329,-0.18446466666666622,0.18446466666666622
2010-05-26 16:00:00,0.4154,0.600306029953917,-0.18490602995391703,0.18490602995391703
2010-05-26 17:00:00,0.5874,1.0129429999999997,-0.42554299999999967,0.42554299999999967
2010-05-26 18:00:00,2.6902,1.0393549999999994,1.6508450000000006,1.6508450000000006
2010-05-26 19:00:00,2.1698,2.091369,0.07843100000000014,0.07843100000000014
2010-05-26 20:00:00,0.7276,2.0411417570621464,-1.3135417570621464,1.3135417570621464
2010-05-26 21:00:00,0.5349333333333333,1.2268393333333336,-0.6919060000000004,0.6919060000000004
2010-05-26 22:00:00,0.3291333333333333,0.5627096666666668,-0.2335763333333335,0.2335763333333335
2010-05-26 23:00:00,0.3127666666666667,0.35349533333333355,-0.04072866666666686,0.04072866666666686
2010-05-27 00:00:00,0.3091666666666667,0.39933699999999994,-0.09017033333333324,0.09017033333333324
2010-05-27 01:00:00,0.3158,0.3240973333333333,-0.008297333333333268,0.008297333333333268
2010-05-27 02:00:00,0.6246666666666666,0.35292166666666674,0.27174499999999985,0.27174499999999985
2010-05-27 03:00:00,0.6682,0.5442110000000003,0.12398899999999968,0.12398899999999968
2010-05-27 04:00:00,0.2779333333333333,0.4651863333333332,-0.1872529999999999,0.1872529999999999
2010-05-27 05:00:00,0.5009666666666667,0.9265560000000002,-0.4255893333333335,0.4255893333333335
2010-05-27 06:00:00,1.0825,1.3745626666666668,-0.2920626666666668,0.2920626666666668
2010-05-27 07:00:00,1.6715666666666666,1.4297903333333335,0.24177633333333315,0.24177633333333315
2010-05-27 08:00:00,1.6833333333333331,1.3939899999999994,0.28934333333333373,0.28934333333333373
2010-05-27 09:00:00,1.3379666666666667,1.4853630888888887,-0.14739642222222193,0.14739642222222193
2010-05-27 10:00:00,1.355033333333333,1.2577606666666659,0.09727266666666723,0.09727266666666723
2010-05-27 11:00:00,1.5419333333333334,1.208524333333333,0.3334090000000003,0.3334090000000003
2010-05-27 12:00:00,1.7148333333333334,1.3164113333333336,0.39842199999999983,0.39842199999999983
2010-05-27 13:00:00,0.4535333333333333,1.5174060000000003,-1.063872666666667,1.063872666666667
2010-05-27 14:00:00,0.7421,0.6859843333333333,0.056115666666666675,0.056115666666666675
2010-05-27 15:00:00,0.3142,0.8855969999999996,-0.5713969999999997,0.5713969999999997
2010-05-27 16:00:00,0.4721333333333333,0.5470796666666665,-0.07494633333333323,0.07494633333333323
2010-05-27 17:00:00,0.6200666666666667,0.9388282988505753,-0.3187616321839086,0.3187616321839086
2010-05-27 18:00:00,1.0631666666666666,1.1920441136712747,-0.12887744700460813,0.12887744700460813
2010-05-27 19:00:00,1.8888,1.7651133333333333,0.12368666666666672,0.12368666666666672
2010-05-27 20:00:00,1.4042333333333334,1.918019,-0.5137856666666665,0.5137856666666665
2010-05-27 21:00:00,0.8867333333333334,1.3570399523809524,-0.47030661904761906,0.47030661904761906
2010-05-27 22:00:00,0.8140666666666667,0.6355086666666667,0.178558,0.178558
2010-05-27 23:00:00,0.5976,0.42706999999999984,0.17053000000000018,0.17053000000000018
2010-05-28 00:00:00,0.3832333333333333,0.45151899999999984,-0.06828566666666652,0.06828566666666652
2010-05-28 01:00:00,0.307,0.38613211264720926,-0.07913211264720926,0.07913211264720926
2010-05-28 02:00:00,0.3154,0.31944933333333336,-0.004049333333333349,0.004049333333333349
2010-05-28 03:00:00,0.2555333333333333,0.39500064912280713,-0.13946731578947386,0.13946731578947386
2010-05-28 04:00:00,0.2720333333333333,0.3939223333333333,-0.12188900000000003,0.12188900000000003
2010-05-28 05:00:00,0.9972666666666666,0.9015646666666666,0.09570200000000006,0.09570200000000006
2010-05-28 06:00:00,1.3094,1.342919666666666,-0.03351966666666617,0.03351966666666617
2010-05-28 07:00:00,1.5994333333333333,1.2090350000000003,0.39039833333333296,0.39039833333333296
2010-05-28 08:00:00,1.8097333333333327,1.5731183333333343,0.23661499999999847,0.23661499999999847
2010-05-28 09:00:00,1.5336,1.5628936666666664,-0.02929366666666633,0.02929366666666633
2010-05-28 10:00:00,1.2612333333333334,1.350072333333334,-0.08883900000000056,0.08883900000000056
2010-05-28 11:00:00,0.7979,1.0638923333333328,-0.2659923333333327,0.2659923333333327
2010-05-28 12:00:00,0.7848333333333333,0.9580223466666666,-0.17318901333333336,0.17318901333333336
2010-05-28 13:00:00,0.9882333333333332,0.9787373653353817,0.009495967997951493,0.009495967997951493
2010-05-28 14:00:00,1.3665,0.926956850340136,0.4395431496598641,0.4395431496598641
2010-05-28 15:00:00,1.4591333333333334,0.9213367005649715,0.5377966327683619,0.5377966327683619
2010-05-28 16:00:00,1.3106666666666666,1.1793709200000009,0.13129574666666577,0.13129574666666577
2010-05-28 17:00:00,0.8873666666666666,1.115584,-0.22821733333333327,0.22821733333333327
2010-05-28 18:00:00,0.7254333333333334,1.1334517347670254,-0.40801840143369206,0.40801840143369206
2010-05-28 19:00:00,0.6027666666666666,1.2756194831029177,-0.6728528164362512,0.6728528164362512
2010-05-28 20:00:00,0.8782333333333333,1.2349079999999997,-0.35667466666666636,0.35667466666666636
2010-05-28 21:00:00,1.5304,1.0084950362314389,0.5219049637685611,0.5219049637685611
2010-05-28 22:00:00,1.3298,0.8045283333333331,0.525271666666667,0.525271666666667
2010-05-28 23:00:00,0.5915,0.7980390000000004,-0.20653900000000036,0.20653900000000036
2010-05-29 00:00:00,0.4802,0.531847026666667,-0.05164702666666704,0.05164702666666704
2010-05-29 01:00:00,0.3274,0.5083517200000001,-0.18095172000000004,0.18095172000000004
2010-05-29 02:00:00,0.3001666666666667,0.37236800000000003,-0.07220133333333334,0.07220133333333334
2010-05-29 03:00:00,0.2338666666666666,0.36736766666666654,-0.13350099999999993,0.13350099999999993
2010-05-29 04:00:00,0.3094666666666666,0.402743,-0.0932763333333334,0.0932763333333334
2010-05-29 05:00:00,0.5893666666666667,0.7262003333333333,-0.13683366666666663,0.13683366666666663
2010-05-29 06:00:00,1.8147333333333333,1.4924181358192086,0.32231519751412474,0.32231519751412474
2010-05-29 07:00:00,1.426,1.7270316896551718,-0.3010316896551719,0.3010316896551719
2010-05-29 08:00:00,1.3294333333333337,1.458898,-0.12946466666666634,0.12946466666666634
2010-05-29 09:00:00,2.6568666666666667,1.180304935819209,1.4765617308474577,1.4765617308474577
2010-05-29 10:00:00,1.0861333333333334,1.8709323333333336,-0.7847990000000002,0.7847990000000002
2010-05-29 11:00:00,2.0979666666666668,1.3332812,0.7646854666666667,0.7646854666666667
2010-05-29 12:00:00,1.6629666666666667,1.9556193333333343,-0.29265266666666756,0.29265266666666756
2010-05-29 13:00:00,2.031033333333333,1.6926039999999998,0.338429333333333,0.338429333333333
2010-05-29 14:00:00,1.0608,1.7181630000000008,-0.6573630000000008,0.6573630000000008
2010-05-29 15:00:00,0.8701000000000001,1.2607088174603174,-0.3906088174603173,0.3906088174603173
2010-05-29 16:00:00,1.2503666666666668,1.0215321441372254,0.22883452252944148,0.22883452252944148
2010-05-29 17:00:00,3.412,1.616093413333334,1.795906586666666,1.795906586666666
2010-05-29 18:00:00,2.405466666666667,2.370561,0.034905666666666946,0.034905666666666946
2010-05-29 19:00:00,1.6508666666666667,2.3416313333333316,-0.6907646666666649,0.6907646666666649
2010-05-29 20:00:00,2.2383,1.5195289999999997,0.7187710000000005,0.7187710000000005
2010-05-29 21:00:00,2.0489,1.8925161016949161,0.15638389830508403,0.15638389830508403
2010-05-29 22:00:00,2.2895666666666665,1.4482135632183912,0.8413531034482753,0.8413531034482753
2010-05-29 23:00:00,0.878,1.4295525604195052,-0.5515525604195052,0.5515525604195052
2010-05-30 00:00:00,1.4239,0.7051309999999998,0.7187690000000001,0.7187690000000001
2010-05-30 01:00:00,0.525,1.3580723333333333,-0.8330723333333333,0.8330723333333333
2010-05-30 02:00:00,0.4649666666666666,0.41974666666666677,0.045219999999999816,0.045219999999999816
2010-05-30 03:00:00,0.4492,0.5068380266666667,-0.057638026666666675,0.057638026666666675
2010-05-30 04:00:00,0.4757666666666666,0.5185523333333335,-0.04278566666666689,0.04278566666666689
2010-05-30 05:00:00,0.4659,0.7311333349513568,-0.2652333349513568,0.2652333349513568
2010-05-30 06:00:00,0.7262666666666667,0.7437756666666664,-0.017508999999999664,0.017508999999999664
2010-05-30 07:00:00,1.3738666666666668,1.0063663333333337,0.3675003333333331,0.3675003333333331
2010-05-30 08:00:00,0.6325666666666667,1.1140373333333329,-0.48147066666666616,0.48147066666666616
2010-05-30 09:00:00,1.6635666666666666,1.2038133673835119,0.4597532992831548,0.4597532992831548
2010-05-30 10:00:00,1.3511333333333333,1.7179129999999996,-0.3667796666666663,0.3667796666666663
2010-05-30 11:00:00,0.8259000000000001,1.4185235466666664,-0.5926235466666663,0.5926235466666663
2010-05-30 12:00:00,0.7817333333333333,1.3849386484895034,-0.6032053151561702,0.6032053151561702
2010-05-30 13:00:00,0.4062666666666666,1.6696057816385048,-1.2633391149718383,1.2633391149718383
2010-05-30 14:00:00,1.6644666666666663,0.7907756666666675,0.8736909999999988,0.8736909999999988
2010-05-30 15:00:00,1.0025,1.5747026666666668,-0.5722026666666669,0.5722026666666669
2010-05-30 16:00:00,2.586,1.1487515699227415,1.4372484300772583,1.4372484300772583
2010-05-30 17:00:00,1.8243666666666667,2.3368027062146894,-0.5124360395480227,0.5124360395480227
2010-05-30 18:00:00,2.1343,1.76341602259887,0.3708839774011301,0.3708839774011301
2010-05-30 19:00:00,3.004366666666667,2.011126666666666,0.993240000000001,0.993240000000001
2010-05-30 20:00:00,2.281966666666667,2.502535,-0.22056833333333303,0.22056833333333303
2010-05-30 21:00:00,0.4955666666666667,1.6534949999999995,-1.1579283333333328,1.1579283333333328
2010-05-30 22:00:00,0.3241,0.5321819999999997,-0.2080819999999997,0.2080819999999997
2010-05-30 23:00:00,0.2886666666666667,0.39250900000000016,-0.10384233333333348,0.10384233333333348
2010-05-31 00:00:00,0.2657,0.3933846666666667,-0.12768466666666672,0.12768466666666672
2010-05-31 01:00:00,0.2944,0.3483029999999999,-0.05390299999999992,0.05390299999999992
2010-05-31 02:00:00,0.2641666666666666,0.4377366666666668,-0.17357000000000017,0.17357000000000017
2010-05-31 03:00:00,0.2815333333333333,0.34925266666666643,-0.06771933333333313,0.06771933333333313
2010-05-31 04:00:00,0.2660333333333333,0.3787953333333335,-0.1127620000000002,0.1127620000000002
2010-05-31 05:00:00,1.2971333333333337,1.0282503333333337,0.268883,0.268883
2010-05-31 06:00:00,1.8049666666666664,1.712544949152543,0.09242171751412331,0.09242171751412331
2010-05-31 07:00:00,1.8329333333333333,1.5379443333333334,0.29498899999999995,0.29498899999999995
2010-05-31 08:00:00,1.3662,1.385786666666667,-0.019586666666666863,0.019586666666666863
2010-05-31 09:00:00,1.3382333333333334,1.382032333333333,-0.0437989999999997,0.0437989999999997
2010-05-31 10:00:00,1.3549666666666669,1.196508666666666,0.15845800000000088,0.15845800000000088
2010-05-31 11:00:00,1.0731666666666666,1.244782893333333,-0.17161622666666632,0.17161622666666632
2010-05-31 12:00:00,0.3288666666666666,0.5442440000000004,-0.2153773333333338,0.2153773333333338
2010-05-31 13:00:00,0.2738666666666666,0.4029403333333336,-0.12907366666666703,0.12907366666666703
2010-05-31 14:00:00,0.4859333333333333,0.39453899999999975,0.09139433333333352,0.09139433333333352
2010-05-31 15:00:00,1.585,0.5927326666666669,0.9922673333333331,0.9922673333333331
2010-05-31 16:00:00,1.1943333333333332,1.5581443333333338,-0.36381100000000055,0.36381100000000055
2010-05-31 17:00:00,1.7174333333333331,1.4967660399999998,0.22066729333333335,0.22066729333333335
2010-05-31 18:00:00,1.2718,1.7852556000000002,-0.5134556000000001,0.5134556000000001
2010-05-31 19:00:00,0.6001333333333334,1.577619474576271,-0.9774861412429376,0.9774861412429376
2010-05-31 20:00:00,1.2517333333333334,1.5394143333333326,-0.2876809999999992,0.2876809999999992
2010-05-31 21:00:00,1.4027,1.6259673333333333,-0.22326733333333326,0.22326733333333326
2010-05-31 22:00:00,0.5011333333333333,0.9054949466666663,-0.404361613333333,0.404361613333333
2010-05-31 23:00:00,0.3003333333333333,0.5931123333333334,-0.29277900000000007,0.29277900000000007
2010-06-01 00:00:00,0.3133666666666667,0.40143766666666664,-0.08807099999999995,0.08807099999999995
2010-06-01 01:00:00,0.2521666666666666,0.3360339999999999,-0.0838673333333333,0.0838673333333333
2010-06-01 02:00:00,0.3104666666666666,0.3758083333333332,-0.06534166666666658,0.06534166666666658
2010-06-01 03:00:00,0.2316,0.2979176666666667,-0.06631766666666669,0.06631766666666669
2010-06-01 04:00:00,0.3000333333333333,0.3805383333333333,-0.080505,0.080505
2010-06-01 05:00:00,0.6143666666666667,1.1079886666666672,-0.49362200000000045,0.49362200000000045
2010-06-01 06:00:00,1.6050333333333335,1.6016065066666665,0.003426826666667049,0.003426826666667049
2010-06-01 07:00:00,1.9330666666666667,1.767839,0.16522766666666677,0.16522766666666677
2010-06-01 08:00:00,1.9972666666666667,1.7923716666666665,0.20489500000000027,0.20489500000000027
2010-06-01 09:00:00,1.3527333333333331,1.474745999999999,-0.12201266666666588,0.12201266666666588
2010-06-01 10:00:00,1.3441666666666667,1.3750869999999995,-0.030920333333332772,0.030920333333332772
2010-06-01 11:00:00,1.6768666666666665,1.2247673333333333,0.4520993333333332,0.4520993333333332
2010-06-01 12:00:00,1.6020666666666663,1.3952906666666665,0.20677599999999985,0.20677599999999985
2010-06-01 13:00:00,1.445366666666667,1.2002566666666667,0.24511000000000016,0.24511000000000016
2010-06-01 14:00:00,1.4784666666666666,1.2094553333333338,0.2690113333333328,0.2690113333333328
2010-06-01 15:00:00,0.9093333333333332,1.350256333333334,-0.44092300000000073,0.44092300000000073
2010-06-01 16:00:00,0.3416,0.7167560000000002,-0.37515600000000016,0.37515600000000016
2010-06-01 17:00:00,0.3523333333333333,0.7335440000000001,-0.3812106666666668,0.3812106666666668
2010-06-01 18:00:00,0.3855,1.0542086666666668,-0.6687086666666668,0.6687086666666668
2010-06-01 19:00:00,0.5894999999999999,0.7895945254237282,-0.2000945254237283,0.2000945254237283
2010-06-01 20:00:00,0.5218333333333333,1.3366285402298856,-0.8147952068965524,0.8147952068965524
2010-06-01 21:00:00,0.6503,0.9202840000000003,-0.26998400000000033,0.26998400000000033
2010-06-01 22:00:00,0.6416333333333333,0.7621303333333336,-0.1204970000000003,0.1204970000000003
2010-06-01 23:00:00,0.3203,0.6405660000000001,-0.3202660000000001,0.3202660000000001
2010-06-02 00:00:00,0.7598,0.46738199999999996,0.29241800000000007,0.29241800000000007
2010-06-02 01:00:00,1.1001666666666667,0.7432426991807475,0.35692396748591926,0.35692396748591926
2010-06-02 02:00:00,0.2494333333333333,0.3850423333333333,-0.135609,0.135609
2010-06-02 03:00:00,0.2802666666666666,0.3652743333333334,-0.08500766666666681,0.08500766666666681
2010-06-02 04:00:00,0.2608,0.37904066666666686,-0.11824066666666688,0.11824066666666688
2010-06-02 05:00:00,0.6466,0.9249816666666666,-0.27838166666666664,0.27838166666666664
2010-06-02 06:00:00,1.7422333333333335,1.607670666666667,0.1345626666666666,0.1345626666666666
2010-06-02 07:00:00,1.3471333333333333,1.5074335999999995,-0.1603002666666662,0.1603002666666662
2010-06-02 08:00:00,1.3300333333333334,1.3105619999999993,0.019471333333334062,0.019471333333334062
2010-06-02 09:00:00,1.137,1.2450939999999997,-0.10809399999999969,0.10809399999999969
2010-06-02 10:00:00,0.7223333333333334,0.5303578983050848,0.19197543502824854,0.19197543502824854
2010-06-02 11:00:00,0.4135666666666667,0.7096013333333334,-0.2960346666666667,0.2960346666666667
2010-06-02 12:00:00,0.4407,0.8165650000000005,-0.37586500000000056,0.37586500000000056
2010-06-02 13:00:00,0.2714333333333333,0.7101323333333334,-0.43869900000000006,0.43869900000000006
2010-06-02 14:00:00,1.062366666666667,0.4042203333333334,0.6581463333333335,0.6581463333333335
2010-06-02 15:00:00,0.3022666666666666,0.7511253333333334,-0.44885866666666685,0.44885866666666685
2010-06-02 16:00:00,0.3100333333333333,0.6529340000000002,-0.3429006666666669,0.3429006666666669
2010-06-02 17:00:00,0.2800333333333333,0.5529646666666663,-0.272931333333333,0.272931333333333
2010-06-02 18:00:00,0.3494333333333334,0.9576044293785312,-0.6081710960451978,0.6081710960451978
2010-06-02 19:00:00,0.9114333333333332,0.7188940960451977,0.1925392372881355,0.1925392372881355
2010-06-02 20:00:00,1.2373,1.2337455066666672,0.0035544933333329087,0.0035544933333329087
2010-06-02 21:00:00,0.6118333333333333,1.2651123333333327,-0.6532789999999994,0.6532789999999994
2010-06-02 22:00:00,0.2618,0.5171643333333331,-0.25536433333333314,0.25536433333333314
2010-06-02 23:00:00,0.5234666666666666,0.3734903333333335,0.14997633333333316,0.14997633333333316
2010-06-03 00:00:00,0.2558666666666667,0.5229143866666663,-0.26704771999999966,0.26704771999999966
2010-06-03 01:00:00,0.3059,0.4145399999999999,-0.1086399999999999,0.1086399999999999
2010-06-03 02:00:00,1.0056333333333334,0.3862029999999999,0.6194303333333335,0.6194303333333335
2010-06-03 03:00:00,0.2176999999999999,0.3547233333333334,-0.1370233333333335,0.1370233333333335
2010-06-03 04:00:00,0.3088666666666667,0.41469266666666693,-0.10582600000000025,0.10582600000000025
2010-06-03 05:00:00,0.9371333333333334,0.7456529999999993,0.19148033333333403,0.19148033333333403
2010-06-03 06:00:00,1.7112333333333334,1.4103566666666663,0.3008766666666671,0.3008766666666671
2010-06-03 07:00:00,2.2531000000000003,1.6167449999999999,0.6363550000000004,0.6363550000000004
2010-06-03 08:00:00,1.8671,1.8723586666666663,-0.005258666666666301,0.005258666666666301
2010-06-03 09:00:00,1.3756,1.3406359999999995,0.03496400000000044,0.03496400000000044
2010-06-03 10:00:00,1.3288666666666666,1.3685353555555557,-0.03966868888888908,0.03966868888888908
2010-06-03 11:00:00,1.9338333333333333,1.2032296666666666,0.7306036666666667,0.7306036666666667
2010-06-03 12:00:00,2.3048,1.673997666666666,0.6308023333333341,0.6308023333333341
2010-06-03 13:00:00,1.3756333333333333,1.9698563333333337,-0.5942230000000004,0.5942230000000004
2010-06-03 14:00:00,1.3578666666666668,1.2538589999999998,0.10400766666666694,0.10400766666666694
2010-06-03 15:00:00,0.2958333333333333,1.1982346666666663,-0.9024013333333331,0.9024013333333331
2010-06-03 16:00:00,0.3085666666666666,0.7234409999999998,-0.4148743333333332,0.4148743333333332
2010-06-03 17:00:00,0.3989666666666666,0.7680987796610175,-0.3691321129943509,0.3691321129943509
2010-06-03 18:00:00,1.2475666666666667,1.2428389999999998,0.004727666666666908,0.004727666666666908
2010-06-03 19:00:00,0.3955333333333333,1.8373678266666678,-1.4418344933333345,1.4418344933333345
2010-06-03 20:00:00,0.6004,0.9878586666666674,-0.3874586666666674,0.3874586666666674
2010-06-03 21:00:00,0.5785666666666667,0.8499253333333339,-0.2713586666666672,0.2713586666666672
2010-06-03 22:00:00,0.3484,0.6254399999999998,-0.2770399999999998,0.2770399999999998
2010-06-03 23:00:00,0.3002,0.5091903333333329,-0.20899033333333283,0.20899033333333283
2010-06-04 00:00:00,1.3538333333333334,0.41047533333333325,0.9433580000000001,0.9433580000000001
2010-06-04 01:00:00,0.3077333333333333,0.709266,-0.40153266666666665,0.40153266666666665
2010-06-04 02:00:00,0.2564333333333333,0.4182353333333335,-0.16180200000000022,0.16180200000000022
2010-06-04 03:00:00,0.2801333333333333,0.38118199999999985,-0.10104866666666656,0.10104866666666656
2010-06-04 04:00:00,0.3345666666666667,0.35460666666666674,-0.020040000000000058,0.020040000000000058
2010-06-04 05:00:00,1.2161666666666666,1.124543333333333,0.09162333333333361,0.09162333333333361
2010-06-04 06:00:00,1.6454333333333333,1.7625889491525435,-0.11715561581921019,0.11715561581921019
2010-06-04 07:00:00,1.570633333333333,1.4688116666666666,0.10182166666666648,0.10182166666666648
2010-06-04 08:00:00,1.8476333333333328,1.567906666666667,0.2797266666666658,0.2797266666666658
2010-06-04 09:00:00,1.3328666666666666,1.2516186666666667,0.08124799999999999,0.08124799999999999
2010-06-04 10:00:00,1.1925,1.3075629999999996,-0.1150629999999997,0.1150629999999997
2010-06-04 11:00:00,0.5806333333333333,0.49327589830508456,0.08735743502824878,0.08735743502824878
2010-06-04 12:00:00,0.9876333333333334,0.7725673333333336,0.21506599999999976,0.21506599999999976
2010-06-04 13:00:00,1.0285333333333333,1.3420836666666662,-0.31355033333333293,0.31355033333333293
2010-06-04 14:00:00,1.3963666666666663,0.8145936666666667,0.5817729999999997,0.5817729999999997
2010-06-04 15:00:00,1.4777,1.0513556666666661,0.4263443333333339,0.4263443333333339
2010-06-04 16:00:00,0.8026,1.1660670399999995,-0.3634670399999995,0.3634670399999995
2010-06-04 17:00:00,0.4960333333333333,0.88814816,-0.39211482666666664,0.39211482666666664
2010-06-04 18:00:00,0.3717333333333333,1.0579726666666665,-0.6862393333333332,0.6862393333333332
2010-06-04 19:00:00,0.4455,0.7453496666666669,-0.2998496666666669,0.2998496666666669
2010-06-04 20:00:00,1.8008333333333333,0.9590520299539174,0.8417813033794159,0.8417813033794159
2010-06-04 21:00:00,1.3293333333333337,1.513606666666666,-0.1842733333333324,0.1842733333333324
2010-06-04 22:00:00,1.3208666666666666,1.1579903333333332,0.1628763333333334,0.1628763333333334
2010-06-04 23:00:00,1.981933333333333,1.0440533333333328,0.9378800000000003,0.9378800000000003
2010-06-05 00:00:00,0.9362,1.1426503984237861,-0.2064503984237861,0.2064503984237861
2010-06-05 01:00:00,0.3565666666666666,0.5843403333333331,-0.22777366666666654,0.22777366666666654
2010-06-05 02:00:00,0.2694333333333333,0.3618519066666668,-0.09241857333333348,0.09241857333333348
2010-06-05 03:00:00,0.3643,0.38449466666666665,-0.02019466666666664,0.02019466666666664
2010-06-05 04:00:00,0.3178666666666666,0.424313,-0.10644633333333342,0.10644633333333342
2010-06-05 05:00:00,0.6622666666666667,0.7812917199999998,-0.11902505333333313,0.11902505333333313
2010-06-05 06:00:00,1.5862333333333334,1.6049984824858763,-0.018765149152542904,0.018765149152542904
2010-06-05 07:00:00,1.4944,1.4017100000000002,0.09268999999999972,0.09268999999999972
2010-06-05 08:00:00,1.4394,1.3194009999999998,0.11999900000000019,0.11999900000000019
2010-06-05 09:00:00,1.1425666666666667,1.1273686666666656,0.015198000000001155,0.015198000000001155
2010-06-05 10:00:00,1.6338,1.3003928533333329,0.33340714666666704,0.33340714666666704
2010-06-05 11:00:00,2.3738666666666663,1.6389701777777774,0.7348964888888889,0.7348964888888889
2010-06-05 12:00:00,0.9036,1.809960174909875,-0.9063601749098751,0.9063601749098751
2010-06-05 13:00:00,1.3759,1.4210702542372884,-0.04517025423728849,0.04517025423728849
2010-06-05 14:00:00,1.2071666666666665,1.5737677466666662,-0.3666010799999997,0.3666010799999997
2010-06-05 15:00:00,2.0770666666666666,1.269124941501211,0.8079417251654557,0.8079417251654557
2010-06-05 16:00:00,0.9001666666666667,1.74666104,-0.8464943733333333,0.8464943733333333
2010-06-05 17:00:00,2.0113,1.2354924846902202,0.7758075153097796,0.7758075153097796
2010-06-05 18:00:00,1.8069,2.0678386666666673,-0.2609386666666673,0.2609386666666673
2010-06-05 19:00:00,1.7313,1.7051400395480238,0.026159960451976216,0.026159960451976216
2010-06-05 20:00:00,0.6489333333333334,1.446068666666666,-0.7971353333333326,0.7971353333333326
2010-06-05 21:00:00,3.0245666666666664,1.4962836666666675,1.528282999999999,1.528282999999999
2010-06-05 22:00:00,3.248333333333333,1.9034293333333339,1.3449039999999992,1.3449039999999992
2010-06-05 23:00:00,2.7726,1.890593333333333,0.8820066666666673,0.8820066666666673
2010-06-06 00:00:00,1.397233333333333,1.7194366312795901,-0.322203297946257,0.322203297946257
2010-06-06 01:00:00,0.4164,1.1887319999999995,-0.7723319999999995,0.7723319999999995
2010-06-06 02:00:00,0.4262333333333333,0.45148808,-0.025254746666666716,0.025254746666666716
2010-06-06 03:00:00,0.3810333333333334,0.49472672,-0.11369338666666662,0.11369338666666662
2010-06-06 04:00:00,0.4037666666666666,0.44500360000000017,-0.04123693333333356,0.04123693333333356
2010-06-06 05:00:00,0.3208,0.5238857199999998,-0.2030857199999998,0.2030857199999998
2010-06-06 06:00:00,0.4410666666666666,0.4782149999999998,-0.03714833333333317,0.03714833333333317
2010-06-06 07:00:00,0.4225666666666666,0.9293297199999998,-0.5067630533333332,0.5067630533333332
2010-06-06 08:00:00,1.3165333333333331,0.98140608,0.33512725333333315,0.33512725333333315
2010-06-06 09:00:00,0.7921,1.2713612000000003,-0.4792612000000003,0.4792612000000003
2010-06-06 10:00:00,0.3429,1.3412794022988508,-0.9983794022988508,0.9983794022988508
2010-06-06 11:00:00,2.4814333333333334,0.7705716666666664,1.710861666666667,1.710861666666667
2010-06-06 12:00:00,1.9768,2.075441333333332,-0.09864133333333225,0.09864133333333225
2010-06-06 13:00:00,1.5261333333333331,1.6680983333333341,-0.141965000000001,0.141965000000001
2010-06-06 14:00:00,1.4523,1.4267663466666665,0.02553365333333346,0.02553365333333346
2010-06-06 15:00:00,2.7384,1.2862237866666664,1.4521762133333336,1.4521762133333336
2010-06-06 16:00:00,2.608033333333333,2.389473666666667,0.21855966666666626,0.21855966666666626
2010-06-06 17:00:00,0.5265333333333333,2.2979531581920907,-1.7714198248587574,1.7714198248587574
2010-06-06 18:00:00,0.4087333333333333,1.4857455845648602,-1.077012251231527,1.077012251231527
2010-06-06 19:00:00,0.4997,0.8810554449917899,-0.3813554449917899,0.3813554449917899
2010-06-06 20:00:00,2.1411666666666664,0.9541455878489326,1.1870210788177338,1.1870210788177338
2010-06-06 21:00:00,2.5723,1.387472333333333,1.1848276666666668,1.1848276666666668
2010-06-06 22:00:00,0.7484333333333333,1.2156266666666669,-0.46719333333333357,0.46719333333333357
2010-06-06 23:00:00,0.2673666666666667,0.5055703333333335,-0.23820366666666676,0.23820366666666676
2010-06-07 00:00:00,0.3768,0.3535420000000001,0.023257999999999945,0.023257999999999945
2010-06-07 01:00:00,0.3132333333333333,0.30982699999999985,0.0034063333333334556,0.0034063333333334556
2010-06-07 02:00:00,0.3662666666666666,0.3736313333333332,-0.0073646666666666305,0.0073646666666666305
2010-06-07 03:00:00,0.3106333333333333,0.39576300000000003,-0.08512966666666671,0.08512966666666671
2010-06-07 04:00:00,0.2809333333333333,0.34920100000000004,-0.06826766666666673,0.06826766666666673
2010-06-07 05:00:00,0.7907666666666666,1.0847036666666663,-0.29393699999999967,0.29393699999999967
2010-06-07 06:00:00,1.7549,1.7268026666666672,0.028097333333332752,0.028097333333332752
2010-06-07 07:00:00,1.7765,1.8765433333333328,-0.10004333333333282,0.10004333333333282
2010-06-07 08:00:00,1.8903666666666663,1.5202816666666672,0.3700849999999991,0.3700849999999991
2010-06-07 09:00:00,0.8000333333333334,1.374167333333333,-0.5741339999999997,0.5741339999999997
2010-06-07 10:00:00,0.3516666666666667,0.5006473333333333,-0.14898066666666665,0.14898066666666665
2010-06-07 11:00:00,0.4172666666666667,0.36238033333333325,0.054886333333333426,0.054886333333333426
2010-06-07 12:00:00,0.4156,0.5969300000000001,-0.18133000000000005,0.18133000000000005
2010-06-07 13:00:00,0.2988666666666666,0.4474106666666666,-0.148544,0.148544
2010-06-07 14:00:00,0.3490333333333333,0.4101470000000001,-0.06111366666666679,0.06111366666666679
2010-06-07 15:00:00,0.3284,0.407954,-0.07955399999999996,0.07955399999999996
2010-06-07 16:00:00,1.0391,0.6303016666666665,0.4087983333333334,0.4087983333333334
2010-06-07 17:00:00,0.6155666666666666,0.816648,-0.20108133333333345,0.20108133333333345
2010-06-07 18:00:00,0.9401333333333334,1.7888879066666667,-0.8487545733333334,0.8487545733333334
2010-06-07 19:00:00,1.068,1.592566076923078,-0.524566076923078,0.524566076923078
2010-06-07 20:00:00,0.9030666666666666,1.7696985199999997,-0.8666318533333331,0.8666318533333331
2010-06-07 21:00:00,0.8330000000000001,1.2842358933333335,-0.45123589333333347,0.45123589333333347
2010-06-07 22:00:00,0.3805333333333333,0.6618796261034307,-0.2813462927700974,0.2813462927700974
2010-06-07 23:00:00,0.6259,0.3341809999999999,0.2917190000000001,0.2917190000000001
2010-06-08 00:00:00,0.8197,0.5596916666666668,0.2600083333333332,0.2600083333333332
2010-06-08 01:00:00,0.2473,0.4163496666666669,-0.1690496666666669,0.1690496666666669
2010-06-08 02:00:00,0.3353666666666666,0.35840699999999975,-0.023040333333333163,0.023040333333333163
2010-06-08 03:00:00,0.3112333333333333,0.33823998245614034,-0.027006649122807036,0.027006649122807036
2010-06-08 04:00:00,0.3416333333333333,0.3191466666666665,0.022486666666666766,0.022486666666666766
2010-06-08 05:00:00,0.4868666666666666,0.9272446666666663,-0.44037799999999966,0.44037799999999966
2010-06-08 06:00:00,1.8495666666666668,1.3608160133333336,0.48875065333333323,0.48875065333333323
2010-06-08 07:00:00,2.2103333333333333,1.698077,0.5122563333333332,0.5122563333333332
2010-06-08 08:00:00,1.9911666666666668,1.8643286666666672,0.12683799999999956,0.12683799999999956
2010-06-08 09:00:00,1.4520666666666666,1.510982999999999,-0.05891633333333246,0.05891633333333246
2010-06-08 10:00:00,1.4518666666666666,1.453979333333333,-0.0021126666666664295,0.0021126666666664295
2010-06-08 11:00:00,1.3902,1.2770126666666664,0.11318733333333375,0.11318733333333375
2010-06-08 12:00:00,1.4037666666666666,1.3482413333333327,0.05552533333333387,0.05552533333333387
2010-06-08 13:00:00,0.3217666666666667,0.9932986666666662,-0.6715319999999996,0.6715319999999996
2010-06-08 14:00:00,0.4450333333333333,0.4259933333333335,0.01903999999999978,0.01903999999999978
2010-06-08 15:00:00,0.5609333333333333,0.602201,-0.0412676666666667,0.0412676666666667
2010-06-08 16:00:00,0.6243666666666667,0.774452266666667,-0.15008560000000026,0.15008560000000026
2010-06-08 17:00:00,0.7281666666666666,0.9626679999999996,-0.234501333333333,0.234501333333333
2010-06-08 18:00:00,1.4203666666666666,1.44155128,-0.021184613333333546,0.021184613333333546
2010-06-08 19:00:00,1.0441,1.5184323333333336,-0.4743323333333336,0.4743323333333336
2010-06-08 20:00:00,1.4155000000000002,1.0645143333333331,0.3509856666666671,0.3509856666666671
2010-06-08 21:00:00,0.5681999999999999,1.315605642857143,-0.7474056428571431,0.7474056428571431
2010-06-08 22:00:00,0.6551666666666667,0.4881476666666666,0.16701900000000008,0.16701900000000008
2010-06-08 23:00:00,0.3537666666666667,0.5314437333333334,-0.17767706666666672,0.17767706666666672
2010-06-09 00:00:00,0.3973,0.366296,0.031003999999999976,0.031003999999999976
2010-06-09 01:00:00,0.2605333333333333,0.3611059999999999,-0.10057266666666664,0.10057266666666664
2010-06-09 02:00:00,0.3733333333333333,0.3968676666666668,-0.02353433333333349,0.02353433333333349
2010-06-09 03:00:00,0.3201666666666666,0.3434309999999997,-0.02326433333333311,0.02326433333333311
2010-06-09 04:00:00,0.3842666666666667,0.43535966666666676,-0.051093000000000055,0.051093000000000055
2010-06-09 05:00:00,0.8931666666666668,1.0615576666666664,-0.16839099999999962,0.16839099999999962
2010-06-09 06:00:00,1.9536,1.6110952800000007,0.3425047199999993,0.3425047199999993
2010-06-09 07:00:00,1.3556333333333332,1.6819800229885065,-0.3263466896551732,0.3263466896551732
2010-06-09 08:00:00,1.401333333333333,1.3807549999999995,0.020578333333333587,0.020578333333333587
2010-06-09 09:00:00,1.6439,1.1884463333333328,0.4554536666666671,0.4554536666666671
2010-06-09 10:00:00,1.6741,1.6119216666666671,0.06217833333333278,0.06217833333333278
2010-06-09 11:00:00,0.5093333333333333,1.4136152666666664,-0.9042819333333331,0.9042819333333331
2010-06-09 12:00:00,2.4124,0.7491663333333334,1.6632336666666665,1.6632336666666665
2010-06-09 13:00:00,0.8645333333333334,1.4666070000000002,-0.6020736666666668,0.6020736666666668
2010-06-09 14:00:00,0.9440333333333334,0.9167686666666666,0.027264666666666826,0.027264666666666826
2010-06-09 15:00:00,0.3622333333333333,1.1142659022222217,-0.7520325688888884,0.7520325688888884
2010-06-09 16:00:00,1.4379666666666668,0.6400046666666667,0.7979620000000002,0.7979620000000002
2010-06-09 17:00:00,1.5563333333333331,1.0628557066666666,0.4934776266666665,0.4934776266666665
2010-06-09 18:00:00,1.2358333333333331,1.2471694933333333,-0.01133616000000015,0.01133616000000015
2010-06-09 19:00:00,1.9178666666666664,1.4292754933333338,0.4885911733333326,0.4885911733333326
2010-06-09 20:00:00,1.513966666666667,1.6678303333333335,-0.15386366666666662,0.15386366666666662
2010-06-09 21:00:00,1.1477666666666666,1.3699988533333332,-0.22223218666666655,0.22223218666666655
2010-06-09 22:00:00,0.6646666666666667,0.7671716666666666,-0.10250499999999985,0.10250499999999985
2010-06-09 23:00:00,0.4042666666666666,0.5022573333333331,-0.0979906666666665,0.0979906666666665
2010-06-10 00:00:00,0.3268666666666666,0.36810899999999996,-0.04124233333333338,0.04124233333333338
2010-06-10 01:00:00,0.3173666666666666,0.37665299999999996,-0.059286333333333385,0.059286333333333385
2010-06-10 02:00:00,0.3237333333333333,0.3533083333333332,-0.029574999999999907,0.029574999999999907
2010-06-10 03:00:00,0.75,0.4135603333333332,0.3364396666666668,0.3364396666666668
2010-06-10 04:00:00,0.6821666666666667,0.4694780000000002,0.21268866666666653,0.21268866666666653
2010-06-10 05:00:00,0.5538333333333333,1.0324987511111114,-0.47866541777777816,0.47866541777777816
2010-06-10 06:00:00,1.4263,1.1662913066666667,0.2600086933333332,0.2600086933333332
2010-06-10 07:00:00,1.7923333333333331,1.555870333333334,0.2364629999999992,0.2364629999999992
2010-06-10 08:00:00,1.3549666666666669,1.525324333333334,-0.17035766666666707,0.17035766666666707
2010-06-10 09:00:00,1.4777999999999998,1.426696333333333,0.05110366666666688,0.05110366666666688
2010-06-10 10:00:00,1.3937,1.1429053333333332,0.2507946666666667,0.2507946666666667
2010-06-10 11:00:00,1.4353333333333331,1.3062146666666665,0.1291186666666666,0.1291186666666666
2010-06-10 12:00:00,1.1014333333333333,0.9490143333333336,0.15241899999999964,0.15241899999999964
2010-06-10 13:00:00,0.3748333333333333,0.5691646158192091,-0.19433128248587578,0.19433128248587578
2010-06-10 14:00:00,0.3243666666666666,0.4954596666666664,-0.17109299999999983,0.17109299999999983
2010-06-10 15:00:00,0.3791333333333334,0.3652929999999999,0.013840333333333454,0.013840333333333454
2010-06-10 16:00:00,0.4402333333333333,0.5658220000000004,-0.12558866666666707,0.12558866666666707
2010-06-10 17:00:00,0.6838666666666666,0.926014666666667,-0.24214800000000036,0.24214800000000036
2010-06-10 18:00:00,1.0551666666666668,1.1622305600000002,-0.10706389333333344,0.10706389333333344
2010-06-10 19:00:00,1.7362333333333335,1.5457995895238101,0.19043374380952338,0.19043374380952338
2010-06-10 20:00:00,1.0708666666666666,1.530654333333334,-0.45978766666666737,0.45978766666666737
2010-06-10 21:00:00,0.5249333333333334,1.026414586666666,-0.5014812533333327,0.5014812533333327
2010-06-10 22:00:00,0.3234333333333333,0.4725169999999997,-0.1490836666666664,0.1490836666666664
2010-06-10 23:00:00,0.3402,0.388929,-0.04872900000000002,0.04872900000000002
2010-06-11 00:00:00,0.3791,0.33824466666666675,0.040855333333333244,0.040855333333333244
2010-06-11 01:00:00,0.3162333333333333,0.4219416666666668,-0.10570833333333352,0.10570833333333352
2010-06-11 02:00:00,0.3017,0.40465966666666675,-0.10295966666666673,0.10295966666666673
2010-06-11 03:00:00,0.3320333333333333,0.38625599999999993,-0.05422266666666664,0.05422266666666664
2010-06-11 04:00:00,0.2518666666666667,0.37263766666666664,-0.12077099999999996,0.12077099999999996
2010-06-11 05:00:00,1.6246666666666667,0.7991249999999996,0.8255416666666671,0.8255416666666671
2010-06-11 06:00:00,1.8760333333333328,1.6223763333333323,0.25365700000000047,0.25365700000000047
2010-06-11 07:00:00,2.0137,1.6877346666666666,0.32596533333333344,0.32596533333333344
2010-06-11 08:00:00,1.8483,1.6927360000000005,0.1555639999999996,0.1555639999999996
2010-06-11 09:00:00,1.4251333333333334,1.5052953333333332,-0.08016199999999984,0.08016199999999984
2010-06-11 10:00:00,1.4143,1.2390156666666663,0.1752843333333336,0.1752843333333336
2010-06-11 11:00:00,1.7594333333333334,1.243360333333333,0.5160730000000004,0.5160730000000004
2010-06-11 12:00:00,1.3205333333333331,1.3598926666666662,-0.03935933333333308,0.03935933333333308
2010-06-11 13:00:00,0.4647,1.4840969466666676,-1.0193969466666677,1.0193969466666677
2010-06-11 14:00:00,1.0055333333333334,0.7686746666666663,0.2368586666666671,0.2368586666666671
2010-06-11 15:00:00,1.1049333333333335,0.6732222824858755,0.4317110508474581,0.4317110508474581
2010-06-11 16:00:00,0.5202333333333333,0.9145058983050847,-0.39427256497175134,0.39427256497175134
2010-06-11 17:00:00,0.4730666666666667,1.069215639802956,-0.5961489731362892,0.5961489731362892
2010-06-11 18:00:00,1.7516666666666665,1.1094582799999995,0.642208386666667,0.642208386666667
2010-06-11 19:00:00,0.5838,1.810740666666667,-1.2269406666666671,1.2269406666666671
2010-06-11 20:00:00,1.1657,1.341148,-0.17544800000000005,0.17544800000000005
2010-06-11 21:00:00,1.0965333333333334,1.029914898305084,0.06661843502824927,0.06661843502824927
2010-06-11 22:00:00,1.1418,0.8471669999999996,0.29463300000000037,0.29463300000000037
2010-06-11 23:00:00,0.9745333333333334,0.8730837466666661,0.10144958666666726,0.10144958666666726
2010-06-12 00:00:00,0.4235666666666667,0.6182938799999997,-0.19472721333333304,0.19472721333333304
2010-06-12 01:00:00,0.8025333333333333,0.43620447999999984,0.3663288533333335,0.3663288533333335
2010-06-12 02:00:00,0.3185666666666666,0.36759766666666666,-0.04903100000000005,0.04903100000000005
2010-06-12 03:00:00,0.3424333333333333,0.33658766666666656,0.005845666666666749,0.005845666666666749
2010-06-12 04:00:00,0.3234,0.3442783333333333,-0.020878333333333277,0.020878333333333277
2010-06-12 05:00:00,0.6063666666666666,0.5815777733333334,0.02478889333333323,0.02478889333333323
2010-06-12 06:00:00,1.691466666666667,1.4990241866666663,0.19244248000000064,0.19244248000000064
2010-06-12 07:00:00,1.7133333333333334,1.7850833333333336,-0.0717500000000002,0.0717500000000002
2010-06-12 08:00:00,1.3865,1.5813586666666668,-0.19485866666666674,0.19485866666666674
2010-06-12 09:00:00,1.3559,1.3896966424858754,-0.03379664248587533,0.03379664248587533
2010-06-12 10:00:00,0.921,1.11911456,-0.19811456000000005,0.19811456000000005
2010-06-12 11:00:00,2.1129333333333333,1.2653669481003593,0.847566385232974,0.847566385232974
2010-06-12 12:00:00,1.5753666666666668,1.9337533333333332,-0.3583866666666664,0.3583866666666664
2010-06-12 13:00:00,0.9934333333333334,1.6138026666666658,-0.6203693333333324,0.6203693333333324
2010-06-12 14:00:00,1.7003666666666668,1.1840194767620444,0.5163471899046224,0.5163471899046224
2010-06-12 15:00:00,1.687633333333333,1.6544419999999993,0.033191333333333795,0.033191333333333795
2010-06-12 16:00:00,1.7315593220338985,1.6991460000000007,0.032413322033897796,0.032413322033897796
2010-06-12 17:00:00,2.114733333333333,1.6500811466666665,0.46465218666666663,0.46465218666666663
2010-06-12 18:00:00,2.5192,2.159941745762712,0.3592582542372882,0.3592582542372882
2010-06-12 19:00:00,1.6606,2.3457037683615827,-0.6851037683615826,0.6851037683615826
2010-06-12 20:00:00,1.8441,1.6991354266666667,0.14496457333333335,0.14496457333333335
2010-06-12 21:00:00,2.3567666666666667,1.7599015200000006,0.5968651466666661,0.5968651466666661
2010-06-12 22:00:00,1.7577,1.4766566666666672,0.28104333333333287,0.28104333333333287
2010-06-12 23:00:00,1.2083333333333333,1.3633668933333334,-0.15503356000000013,0.15503356000000013
2010-06-13 00:00:00,0.3083666666666666,1.0319046666666676,-0.7235380000000009,0.7235380000000009
2010-06-13 01:00:00,0.6055333333333334,0.3470990000000001,0.25843433333333327,0.25843433333333327
2010-06-13 02:00:00,0.4873666666666666,0.5089380800000002,-0.021571413333333567,0.021571413333333567
2010-06-13 03:00:00,0.8913,0.4810052533333334,0.4102947466666666,0.4102947466666666
2010-06-13 04:00:00,0.2724,0.41797066666666643,-0.14557066666666646,0.14557066666666646
2010-06-13 05:00:00,0.3261333333333333,0.3492013333333336,-0.02306800000000031,0.02306800000000031
2010-06-13 06:00:00,0.5486,0.48972733333333307,0.058872666666666906,0.058872666666666906
2010-06-13 07:00:00,0.4347333333333333,0.8204903333333339,-0.38575700000000057,0.38575700000000057
2010-06-13 08:00:00,0.5858666666666666,0.9233613333333333,-0.3374946666666666,0.3374946666666666
2010-06-13 09:00:00,2.933266666666667,1.1356841066666667,1.7975825600000002,1.7975825600000002
2010-06-13 10:00:00,2.7022,2.1856296666666664,0.5165703333333336,0.5165703333333336
2010-06-13 11:00:00,0.9603666666666668,1.8307306666666663,-0.8703639999999995,0.8703639999999995
2010-06-13 12:00:00,2.159766666666667,1.5741861436734692,0.5855805229931978,0.5855805229931978
2010-06-13 13:00:00,2.0390666666666664,1.929970333333334,0.10909633333333235,0.10909633333333235
2010-06-13 14:00:00,0.6412,1.5811383333333346,-0.9399383333333347,0.9399383333333347
2010-06-13 15:00:00,0.4927,1.19315076,-0.70045076,0.70045076
2010-06-13 16:00:00,1.1057333333333332,0.934498850340136,0.1712344829931972,0.1712344829931972
2010-06-13 17:00:00,1.1539333333333337,1.725041066666667,-0.5711077333333332,0.5711077333333332
2010-06-13 18:00:00,2.030266666666667,1.5668903866666666,0.4633762800000003,0.4633762800000003
2010-06-13 19:00:00,1.2484,1.9485136289265552,-0.7001136289265553,0.7001136289265553
2010-06-13 20:00:00,2.564333333333333,1.6932235733333336,0.8711097599999993,0.8711097599999993
2010-06-13 21:00:00,1.6214000000000002,1.856118808084033,-0.23471880808403278,0.23471880808403278
2010-06-13 22:00:00,0.5846666666666667,0.9798276666666665,-0.3951609999999999,0.3951609999999999
2010-06-13 23:00:00,0.6394666666666667,0.5316699999999998,0.10779666666666698,0.10779666666666698
2010-06-14 00:00:00,0.3470666666666666,0.5357134533333331,-0.1886467866666665,0.1886467866666665
2010-06-14 01:00:00,0.8650666666666668,0.37768733333333315,0.4873793333333336,0.4873793333333336
2010-06-14 02:00:00,0.3326333333333333,0.36616099999999996,-0.03352766666666668,0.03352766666666668
2010-06-14 03:00:00,0.3246,0.41358533333333297,-0.08898533333333297,0.08898533333333297
2010-06-14 04:00:00,0.2909333333333333,0.3815793333333333,-0.090646,0.090646
2010-06-14 05:00:00,0.5817666666666667,0.948750666666667,-0.3669840000000003,0.3669840000000003
2010-06-14 06:00:00,1.5130666666666668,1.6444233333333331,-0.13135666666666634,0.13135666666666634
2010-06-14 07:00:00,1.4300666666666666,1.4173093446327676,0.01275732203389901,0.01275732203389901
2010-06-14 08:00:00,1.4076666666666666,1.2693173333333332,0.13834933333333344,0.13834933333333344
2010-06-14 09:00:00,1.3794,1.1966546666666666,0.18274533333333332,0.18274533333333332
2010-06-14 10:00:00,1.3752333333333333,1.1417248933333333,0.23350844000000004,0.23350844000000004
2010-06-14 11:00:00,1.8709666666666669,1.1660386666666667,0.7049280000000002,0.7049280000000002
2010-06-14 12:00:00,1.0939666666666668,1.5156121733333334,-0.42164550666666667,0.42164550666666667
2010-06-14 13:00:00,0.3831666666666667,0.689228666666667,-0.30606200000000033,0.30606200000000033
2010-06-14 14:00:00,0.2915333333333333,0.516256,-0.22472266666666674,0.22472266666666674
2010-06-14 15:00:00,0.3348333333333333,0.39007633333333336,-0.05524300000000004,0.05524300000000004
2010-06-14 16:00:00,0.2478666666666666,0.49232566666666683,-0.24445900000000023,0.24445900000000023
2010-06-14 17:00:00,0.3869999999999999,0.7524264463276835,-0.3654264463276836,0.3654264463276836
2010-06-14 18:00:00,0.7758333333333333,1.1090171920903946,-0.33318385875706136,0.33318385875706136
2010-06-14 19:00:00,1.6178333333333332,1.8193446666666666,-0.20151133333333338,0.20151133333333338
2010-06-14 20:00:00,1.3603333333333334,1.5716383333333337,-0.2113050000000003,0.2113050000000003
2010-06-14 21:00:00,0.8282,1.4172319999999998,-0.5890319999999998,0.5890319999999998
2010-06-14 22:00:00,0.6212333333333333,0.49464000000000025,0.12659333333333306,0.12659333333333306
2010-06-14 23:00:00,0.4109333333333333,0.6282903333333334,-0.21735700000000008,0.21735700000000008
2010-06-15 00:00:00,0.2860333333333333,0.3370143333333332,-0.05098099999999989,0.05098099999999989
2010-06-15 01:00:00,0.2961333333333333,0.36960633333333315,-0.07347299999999984,0.07347299999999984
2010-06-15 02:00:00,0.2891333333333333,0.33993166666666674,-0.050798333333333445,0.050798333333333445
2010-06-15 03:00:00,0.7506666666666667,0.32920933333333324,0.42145733333333346,0.42145733333333346
2010-06-15 04:00:00,0.6535666666666666,0.5104853333333333,0.14308133333333328,0.14308133333333328
2010-06-15 05:00:00,0.6048666666666667,1.0846083333333334,-0.47974166666666673,0.47974166666666673
2010-06-15 06:00:00,0.8026666666666666,1.3618128399999996,-0.5591461733333329,0.5591461733333329
2010-06-15 07:00:00,1.330733333333333,1.3836623333333335,-0.05292900000000045,0.05292900000000045
2010-06-15 08:00:00,1.4201666666666666,1.164297,0.25586966666666666,0.25586966666666666
2010-06-15 09:00:00,0.7739333333333334,1.2068196779661013,-0.432886344632768,0.432886344632768
2010-06-15 10:00:00,1.2811666666666668,0.486556333333333,0.7946103333333339,0.7946103333333339
2010-06-15 11:00:00,1.1593000000000002,1.073840444444444,0.08545955555555618,0.08545955555555618
2010-06-15 12:00:00,1.5242666666666669,0.5991659491525425,0.9251007175141244,0.9251007175141244
2010-06-15 13:00:00,1.3928666666666667,1.1650976888888889,0.22776897777777783,0.22776897777777783
2010-06-15 14:00:00,0.6715333333333333,1.26762816,-0.5960948266666666,0.5960948266666666
2010-06-15 15:00:00,0.2944333333333333,0.5696003333333333,-0.27516699999999994,0.27516699999999994
2010-06-15 16:00:00,0.3504333333333333,0.48097666666666616,-0.13054333333333284,0.13054333333333284
2010-06-15 17:00:00,0.3067333333333333,0.9980836666666671,-0.6913503333333338,0.6913503333333338
2010-06-15 18:00:00,0.7601333333333333,1.0506096666666669,-0.29047633333333356,0.29047633333333356
2010-06-15 19:00:00,1.6182666666666667,1.3819887333333336,0.23627793333333313,0.23627793333333313
2010-06-15 20:00:00,1.2554333333333334,1.5691550266666678,-0.31372169333333444,0.31372169333333444
2010-06-15 21:00:00,1.2378,1.4088606533333328,-0.17106065333333276,0.17106065333333276
2010-06-15 22:00:00,0.9282333333333334,0.9177302400000004,0.010503093333332991,0.010503093333332991
2010-06-15 23:00:00,0.9155333333333334,0.5375431641781873,0.37799016915514616,0.37799016915514616
2010-06-16 00:00:00,0.8949666666666667,0.7471988783614952,0.14776778830517145,0.14776778830517145
2010-06-16 01:00:00,1.3116333333333334,0.7472563658474141,0.5643769674859194,0.5643769674859194
2010-06-16 02:00:00,0.7983666666666667,0.7611843333333336,0.037182333333333095,0.037182333333333095
2010-06-16 03:00:00,0.7678666666666667,0.6867692821300561,0.08109738453661064,0.08109738453661064
2010-06-16 04:00:00,0.7974,0.9480026226318481,-0.1506026226318481,0.1506026226318481
2010-06-16 05:00:00,0.7928333333333334,1.2262478218740402,-0.43341448854070685,0.43341448854070685
2010-06-16 06:00:00,0.7041333333333333,1.558667669636456,-0.8545343363031228,0.8545343363031228
2010-06-16 07:00:00,1.957566666666667,1.4533958444444444,0.5041708222222225,0.5041708222222225
2010-06-16 08:00:00,1.933633333333333,1.861654333333333,0.07197900000000002,0.07197900000000002
2010-06-16 09:00:00,1.5199666666666665,1.5378789999999993,-0.017912333333332864,0.017912333333332864
2010-06-16 10:00:00,1.3837000000000002,1.368775333333334,0.014924666666666253,0.014924666666666253
2010-06-16 11:00:00,1.419533333333333,1.4590053333333328,-0.03947199999999973,0.03947199999999973
2010-06-16 12:00:00,1.6327333333333334,1.0903446666666667,0.5423886666666666,0.5423886666666666
2010-06-16 13:00:00,0.8742,1.3892686666666663,-0.5150686666666663,0.5150686666666663
2010-06-16 14:00:00,1.5512666666666666,0.8473846666666662,0.7038820000000003,0.7038820000000003
2010-06-16 15:00:00,1.4775666666666667,1.4351496755555555,0.04241699111111119,0.04241699111111119
2010-06-16 16:00:00,1.3177333333333332,1.121473488888889,0.1962598444444441,0.1962598444444441
2010-06-16 17:00:00,1.3527333333333331,1.0995637011494255,0.25316963218390764,0.25316963218390764
2010-06-16 18:00:00,0.3427666666666666,1.3753123333333332,-1.0325456666666666,1.0325456666666666
2010-06-16 19:00:00,0.8107000000000001,0.8618509999999998,-0.051150999999999724,0.051150999999999724
2010-06-16 20:00:00,2.2539666666666665,1.55063156,0.7033351066666664,0.7033351066666664
2010-06-16 21:00:00,1.8435,1.396857000000001,0.446642999999999,0.446642999999999
2010-06-16 22:00:00,0.8139000000000001,0.8594629999999998,-0.04556299999999969,0.04556299999999969
2010-06-16 23:00:00,0.3634666666666666,0.5607282133333333,-0.19726154666666673,0.19726154666666673
2010-06-17 00:00:00,0.362,0.33670966666666674,0.025290333333333248,0.025290333333333248
2010-06-17 01:00:00,0.3459333333333333,0.3612177866666667,-0.015284453333333392,0.015284453333333392
2010-06-17 02:00:00,0.2851666666666667,0.3925680000000002,-0.10740133333333352,0.10740133333333352
2010-06-17 03:00:00,0.3514666666666667,0.4103196666666667,-0.05885299999999999,0.05885299999999999
2010-06-17 04:00:00,0.3326666666666666,0.47420033333333317,-0.14153366666666656,0.14153366666666656
2010-06-17 05:00:00,1.4129,1.019641310734463,0.393258689265537,0.393258689265537
2010-06-17 06:00:00,0.8750333333333333,1.602930333333334,-0.7278970000000007,0.7278970000000007
2010-06-17 07:00:00,0.8910666666666667,1.3122472758620694,-0.4211806091954027,0.4211806091954027
2010-06-17 08:00:00,0.3007333333333333,0.7154786666666664,-0.4147453333333331,0.4147453333333331
2010-06-17 09:00:00,0.8371666666666666,0.42519233333333345,0.41197433333333316,0.41197433333333316
2010-06-17 10:00:00,1.4385,0.7904679999999997,0.6480320000000002,0.6480320000000002
2010-06-17 11:00:00,1.3938,1.1263733333333332,0.2674266666666667,0.2674266666666667
2010-06-17 12:00:00,1.6693333333333331,1.2146233333333332,0.45470999999999995,0.45470999999999995
2010-06-17 13:00:00,0.6107666666666667,1.3276921466666667,-0.71692548,0.71692548
2010-06-17 14:00:00,0.3497666666666666,0.6057226666666665,-0.2559559999999999,0.2559559999999999
2010-06-17 15:00:00,0.3118999999999999,0.4245406666666667,-0.11264066666666678,0.11264066666666678
2010-06-17 16:00:00,0.2847666666666666,0.5230923333333333,-0.23832566666666666,0.23832566666666666
2010-06-17 17:00:00,0.3186333333333333,0.7753724463276837,-0.4567391129943503,0.4567391129943503
2010-06-17 18:00:00,0.3109333333333333,0.9415975254237289,-0.6306641920903956,0.6306641920903956
2010-06-17 19:00:00,1.755866666666667,0.8202303333333332,0.9356363333333337,0.9356363333333337
2010-06-17 20:00:00,0.8603333333333333,1.3190483333333334,-0.4587150000000001,0.4587150000000001
2010-06-17 21:00:00,0.7944666666666667,0.91350944,-0.11904277333333335,0.11904277333333335
2010-06-17 22:00:00,0.6769666666666667,0.639477042642089,0.03748962402457767,0.03748962402457767
2010-06-17 23:00:00,0.6461333333333333,0.5292683333333335,0.11686499999999989,0.11686499999999989
2010-06-18 00:00:00,0.7263333333333333,0.4336397866666666,0.2926935466666667,0.2926935466666667
2010-06-18 01:00:00,0.2578,0.4178466666666668,-0.16004666666666684,0.16004666666666684
2010-06-18 02:00:00,0.3257333333333333,0.34179699999999996,-0.016063666666666643,0.016063666666666643
2010-06-18 03:00:00,0.2423,0.4305186491228069,-0.18821864912280692,0.18821864912280692
2010-06-18 04:00:00,0.3099,0.4060423333333331,-0.09614233333333311,0.09614233333333311
2010-06-18 05:00:00,0.5345,1.0440359999999993,-0.5095359999999993,0.5095359999999993
2010-06-18 06:00:00,1.2368,1.4642919600000013,-0.22749196000000138,0.22749196000000138
2010-06-18 07:00:00,1.9224333333333328,1.519598,0.40283533333333277,0.40283533333333277
2010-06-18 08:00:00,1.5577666666666663,1.8608099999999994,-0.3030433333333331,0.3030433333333331
2010-06-18 09:00:00,1.8108666666666664,1.576660333333333,0.2342063333333333,0.2342063333333333
2010-06-18 10:00:00,1.699466666666667,1.1068030000000004,0.5926636666666665,0.5926636666666665
2010-06-18 11:00:00,1.4279000000000002,1.4183806000000008,0.0095193999999994,0.0095193999999994
2010-06-18 12:00:00,1.4851333333333334,1.3433469999999996,0.1417863333333338,0.1417863333333338
2010-06-18 13:00:00,1.0346,1.118936333333333,-0.08433633333333312,0.08433633333333312
2010-06-18 14:00:00,0.2730333333333333,1.2427436666666662,-0.969710333333333,0.969710333333333
2010-06-18 15:00:00,0.4523333333333333,0.4545940000000001,-0.0022606666666667996,0.0022606666666667996
2010-06-18 16:00:00,0.9873666666666666,0.8233213333333339,0.1640453333333327,0.1640453333333327
2010-06-18 17:00:00,0.4953666666666666,0.6613089999999999,-0.1659423333333333,0.1659423333333333
2010-06-18 18:00:00,0.6390666666666667,1.024957666666666,-0.3858909999999993,0.3858909999999993
2010-06-18 19:00:00,1.7505666666666668,1.2969473333333332,0.4536193333333336,0.4536193333333336
2010-06-18 20:00:00,1.0089,1.438555666666666,-0.429655666666666,0.429655666666666
2010-06-18 21:00:00,0.9618,0.9354692799999998,0.02633072000000014,0.02633072000000014
2010-06-18 22:00:00,0.4191666666666666,0.8061063733333335,-0.3869397066666669,0.3869397066666669
2010-06-18 23:00:00,0.6301,0.39552233333333325,0.23457766666666674,0.23457766666666674
2010-06-19 00:00:00,0.8099000000000001,0.612269106666667,0.19763089333333306,0.19763089333333306
2010-06-19 01:00:00,0.4997666666666667,0.4349660000000001,0.06480066666666662,0.06480066666666662
2010-06-19 02:00:00,0.3682333333333333,0.4810226800000001,-0.11278934666666679,0.11278934666666679
2010-06-19 03:00:00,0.2795333333333333,0.3660343333333332,-0.08650099999999988,0.08650099999999988
2010-06-19 04:00:00,0.3581333333333333,0.4304049999999998,-0.07227166666666651,0.07227166666666651
2010-06-19 05:00:00,0.3412666666666666,0.6319733333333333,-0.29070666666666667,0.29070666666666667
2010-06-19 06:00:00,0.4784666666666666,0.9006886666666662,-0.42222199999999965,0.42222199999999965
2010-06-19 07:00:00,0.8383,0.9255686133333336,-0.08726861333333358,0.08726861333333358
2010-06-19 08:00:00,1.6233333333333335,1.0298182533333324,0.5935150800000011,0.5935150800000011
2010-06-19 09:00:00,1.8915666666666664,1.5150219999999999,0.3765446666666665,0.3765446666666665
2010-06-19 10:00:00,1.8121666666666667,1.6213493333333326,0.19081733333333406,0.19081733333333406
2010-06-19 11:00:00,0.5093333333333334,1.5349506666666664,-1.025617333333333,1.025617333333333
2010-06-19 12:00:00,1.6337,1.181478081355932,0.4522219186440679,0.4522219186440679
2010-06-19 13:00:00,0.8814333333333334,1.6363673333333333,-0.7549339999999999,0.7549339999999999
2010-06-19 14:00:00,0.5696,0.9767403466666665,-0.40714034666666654,0.40714034666666654
2010-06-19 15:00:00,1.764066666666667,1.1621164266666675,0.6019502399999994,0.6019502399999994
2010-06-19 16:00:00,1.0338666666666667,1.494911,-0.4610443333333334,0.4610443333333334
2010-06-19 17:00:00,0.3908333333333333,0.9906915466666674,-0.5998582133333341,0.5998582133333341
2010-06-19 18:00:00,0.3772666666666666,0.7889362799999998,-0.41166961333333324,0.41166961333333324
2010-06-19 19:00:00,0.6906666666666667,0.7699312068965513,-0.0792645402298846,0.0792645402298846
2010-06-19 20:00:00,2.2919666666666667,1.194284391756272,1.0976822749103947,1.0976822749103947
2010-06-19 21:00:00,2.4079333333333333,1.8688122857142853,0.539121047619048,0.539121047619048
2010-06-19 22:00:00,1.1222333333333334,1.5631850351702041,-0.4409517018368707,0.4409517018368707
2010-06-19 23:00:00,0.5733666666666667,0.608150333333333,-0.034783666666666324,0.034783666666666324
2010-06-20 00:00:00,0.3768333333333333,0.42639200000000044,-0.04955866666666714,0.04955866666666714
2010-06-20 01:00:00,0.2544666666666667,0.34444166666666653,-0.08997499999999986,0.08997499999999986
2010-06-20 02:00:00,0.3604333333333333,0.4146643333333334,-0.05423100000000014,0.05423100000000014
2010-06-20 03:00:00,0.2309999999999999,0.3735023333333332,-0.14250233333333331,0.14250233333333331
2010-06-20 04:00:00,0.3521333333333333,0.4287796666666668,-0.07664633333333348,0.07664633333333348
2010-06-20 05:00:00,0.2305666666666666,0.5145103333333333,-0.2839436666666667,0.2839436666666667
2010-06-20 06:00:00,0.3374666666666667,0.5288076666666665,-0.19134099999999976,0.19134099999999976
2010-06-20 07:00:00,0.9848666666666668,0.7106326666666668,0.274234,0.274234
2010-06-20 08:00:00,1.0292666666666668,1.0687306180235527,-0.03946395135688596,0.03946395135688596
2010-06-20 09:00:00,1.4976333333333334,1.2647755466666661,0.23285778666666723,0.23285778666666723
2010-06-20 10:00:00,1.5338666666666667,1.4889958933333327,0.044870773333334,0.044870773333334
2010-06-20 11:00:00,1.7916999999999998,1.71628556,0.07541443999999986,0.07541443999999986
2010-06-20 12:00:00,1.5012333333333332,1.7463243333333336,-0.2450910000000004,0.2450910000000004
2010-06-20 13:00:00,1.432,1.4848541333333336,-0.052854133333333664,0.052854133333333664
2010-06-20 14:00:00,0.4014,1.3934169733333335,-0.9920169733333335,0.9920169733333335
2010-06-20 15:00:00,0.5437,0.6276613333333333,-0.08396133333333333,0.08396133333333333
2010-06-20 16:00:00,1.9162333333333328,1.093818587472753,0.8224147458605797,0.8224147458605797
2010-06-20 17:00:00,2.6058666666666666,1.8185566666666662,0.7873100000000004,0.7873100000000004
2010-06-20 18:00:00,3.0546,2.4274697966101697,0.6271302033898305,0.6271302033898305
2010-06-20 19:00:00,2.1052666666666666,2.3966098926553685,-0.2913432259887019,0.2913432259887019
2010-06-20 20:00:00,1.7862333333333331,2.010482711864407,-0.22424937853107396,0.22424937853107396
2010-06-20 21:00:00,1.7300666666666666,1.7748495200000003,-0.04478285333333365,0.04478285333333365
2010-06-20 22:00:00,1.2456333333333334,1.0112413333333334,0.23439199999999993,0.23439199999999993
2010-06-20 23:00:00,0.2743666666666666,0.6289003333333332,-0.3545336666666666,0.3545336666666666
2010-06-21 00:00:00,0.3524666666666666,0.3792163333333331,-0.026749666666666505,0.026749666666666505
2010-06-21 01:00:00,0.9393333333333334,0.34602499999999997,0.5933083333333333,0.5933083333333333
2010-06-21 02:00:00,0.3491999999999999,0.3269136666666666,0.022286333333333297,0.022286333333333297
2010-06-21 03:00:00,0.2452333333333333,0.3549439999999999,-0.10971066666666662,0.10971066666666662
2010-06-21 04:00:00,0.3585333333333333,0.3230596666666666,0.03547366666666674,0.03547366666666674
2010-06-21 05:00:00,0.2771666666666667,0.964066881355932,-0.6869002146892653,0.6869002146892653
2010-06-21 06:00:00,0.9789,1.0972836666666665,-0.11838366666666655,0.11838366666666655
2010-06-21 07:00:00,1.4782666666666666,1.6111266666666664,-0.13285999999999976,0.13285999999999976
2010-06-21 08:00:00,1.4552666666666667,1.3974530000000007,0.057813666666665986,0.057813666666665986
2010-06-21 09:00:00,1.2895333333333334,1.2457666666666667,0.04376666666666673,0.04376666666666673
2010-06-21 10:00:00,1.4134666666666669,1.003027666666667,0.4104389999999998,0.4104389999999998
2010-06-21 11:00:00,1.1165999999999998,1.1364513333333333,-0.019851333333333443,0.019851333333333443
2010-06-21 12:00:00,0.6603,0.6698536666666669,-0.009553666666666905,0.009553666666666905
2010-06-21 13:00:00,1.5395,0.9111126666666661,0.628387333333334,0.628387333333334
2010-06-21 14:00:00,2.51,1.5714630266666663,0.9385369733333335,0.9385369733333335
2010-06-21 15:00:00,0.3795,1.8948449861058598,-1.5153449861058599,1.5153449861058599
2010-06-21 16:00:00,1.3744,0.7331634802259884,0.6412365197740116,0.6412365197740116
2010-06-21 17:00:00,2.516233333333333,1.2567520625988708,1.2594812707344623,1.2594812707344623
2010-06-21 18:00:00,1.9449333333333327,2.2566769466666665,-0.3117436133333338,0.3117436133333338
2010-06-21 19:00:00,1.8373333333333333,1.5788837867025487,0.25844954663078457,0.25844954663078457
2010-06-21 20:00:00,1.3321,1.805068,-0.47296799999999983,0.47296799999999983
2010-06-21 21:00:00,2.334566666666667,1.3208601866666663,1.0137064800000006,1.0137064800000006
2010-06-21 22:00:00,0.7242999999999999,0.9926379999999996,-0.26833799999999963,0.26833799999999963
2010-06-21 23:00:00,0.3347333333333333,0.5042053333333333,-0.16947199999999996,0.16947199999999996
2010-06-22 00:00:00,0.2700333333333333,0.3310440000000001,-0.061010666666666824,0.061010666666666824
2010-06-22 01:00:00,0.2868,0.3438379999999999,-0.05703799999999992,0.05703799999999992
2010-06-22 02:00:00,0.2775999999999999,0.4291756666666667,-0.15157566666666678,0.15157566666666678
2010-06-22 03:00:00,0.2863666666666666,0.3281216666666665,-0.041754999999999876,0.041754999999999876
2010-06-22 04:00:00,0.2585666666666666,0.3788496666666667,-0.12028300000000008,0.12028300000000008
2010-06-22 05:00:00,0.6382,1.1024539999999998,-0.46425399999999983,0.46425399999999983
2010-06-22 06:00:00,2.0322,1.4299836666666663,0.6022163333333337,0.6022163333333337
2010-06-22 07:00:00,1.7978666666666667,1.7438713333333329,0.05399533333333384,0.05399533333333384
2010-06-22 08:00:00,1.8582,1.3527613333333328,0.5054386666666673,0.5054386666666673
2010-06-22 09:00:00,1.75,1.5783983333333318,0.1716016666666682,0.1716016666666682
2010-06-22 10:00:00,1.1740333333333337,1.3926606666666663,-0.21862733333333262,0.21862733333333262
2010-06-22 11:00:00,0.6453666666666666,0.6664963333333337,-0.021129666666667046,0.021129666666667046
2010-06-22 12:00:00,1.3182666666666667,0.5850469999999995,0.7332196666666672,0.7332196666666672
2010-06-22 13:00:00,0.8385666666666667,1.3747900222222225,-0.5362233555555558,0.5362233555555558
2010-06-22 14:00:00,0.6611999999999999,0.847617,-0.18641700000000005,0.18641700000000005
2010-06-22 15:00:00,0.4591666666666666,1.0437446666666665,-0.5845779999999999,0.5845779999999999
2010-06-22 16:00:00,2.0802666666666667,0.6434513333333334,1.4368153333333333,1.4368153333333333
2010-06-22 17:00:00,1.5902,1.2408387066666664,0.34936129333333366,0.34936129333333366
2010-06-22 18:00:00,1.0886,1.5618943599999997,-0.4732943599999997,0.4732943599999997
2010-06-22 19:00:00,1.0753333333333333,1.3437212666666674,-0.2683879333333341,0.2683879333333341
2010-06-22 20:00:00,1.2507333333333333,1.7230235333333337,-0.47229020000000044,0.47229020000000044
2010-06-22 21:00:00,2.2101333333333333,1.3675499999999994,0.8425833333333339,0.8425833333333339
2010-06-22 22:00:00,1.1606999999999998,1.0227831842517687,0.13791681574823111,0.13791681574823111
2010-06-22 23:00:00,0.3071666666666666,0.5947993333333332,-0.28763266666666665,0.28763266666666665
2010-06-23 00:00:00,0.2552,0.3205026666666667,-0.06530266666666673,0.06530266666666673
2010-06-23 01:00:00,0.2894333333333333,0.34596066666666664,-0.05652733333333332,0.05652733333333332
2010-06-23 02:00:00,0.2840999999999999,0.3194743333333334,-0.03537433333333351,0.03537433333333351
2010-06-23 03:00:00,0.2787666666666666,0.346222,-0.06745533333333337,0.06745533333333337
2010-06-23 04:00:00,0.2667333333333334,0.343691333333333,-0.07695799999999964,0.07695799999999964
2010-06-23 05:00:00,0.5191333333333333,1.109263,-0.5901296666666668,0.5901296666666668
2010-06-23 06:00:00,1.5606,1.5322259999999994,0.028374000000000565,0.028374000000000565
2010-06-23 07:00:00,1.3922,1.434349,-0.04214899999999999,0.04214899999999999
2010-06-23 08:00:00,1.4414333333333331,1.1860075599999997,0.2554257733333334,0.2554257733333334
2010-06-23 09:00:00,2.0485333333333333,1.2517623333333332,0.7967710000000001,0.7967710000000001
2010-06-23 10:00:00,1.5051333333333334,1.7314280790960452,-0.2262947457627118,0.2262947457627118
2010-06-23 11:00:00,1.2449,1.286852999999999,-0.04195299999999902,0.04195299999999902
2010-06-23 12:00:00,0.2992,0.8340543333333335,-0.5348543333333334,0.5348543333333334
2010-06-23 13:00:00,0.375,0.43312599999999996,-0.058125999999999955,0.058125999999999955
2010-06-23 14:00:00,0.3711,0.49300466666666637,-0.12190466666666638,0.12190466666666638
2010-06-23 15:00:00,0.3139,0.6416026666666663,-0.3277026666666663,0.3277026666666663
2010-06-23 16:00:00,0.5547333333333333,0.5743516666666669,-0.019618333333333626,0.019618333333333626
2010-06-23 17:00:00,1.7482666666666666,1.60608,0.14218666666666668,0.14218666666666668
2010-06-23 18:00:00,1.9592,1.5779176000000004,0.3812823999999997,0.3812823999999997
2010-06-23 19:00:00,1.2290666666666668,1.9154473333333337,-0.686380666666667,0.686380666666667
2010-06-23 20:00:00,3.9411,1.6242683333333339,2.3168316666666664,2.3168316666666664
2010-06-23 21:00:00,1.4779000000000002,1.7251986666666659,-0.24729866666666567,0.24729866666666567
2010-06-23 22:00:00,0.3716,0.9108624266666666,-0.5392624266666666,0.5392624266666666
2010-06-23 23:00:00,0.3514,0.35676766666666654,-0.0053676666666665485,0.0053676666666665485
2010-06-24 00:00:00,0.3404333333333333,0.35707333333333324,-0.016639999999999933,0.016639999999999933
2010-06-24 01:00:00,0.4146,0.369561,0.04503900000000005,0.04503900000000005
2010-06-24 02:00:00,0.5252,0.4532493599999999,0.07195064000000012,0.07195064000000012
2010-06-24 03:00:00,0.7032666666666666,0.6003255066666668,0.10294115999999975,0.10294115999999975
2010-06-24 04:00:00,0.3877666666666666,0.44501533333333326,-0.05724866666666667,0.05724866666666667
2010-06-24 05:00:00,0.4235666666666667,0.8447746666666669,-0.4212080000000002,0.4212080000000002
2010-06-24 06:00:00,1.3824666666666667,1.3451506666666666,0.03731600000000013,0.03731600000000013
2010-06-24 07:00:00,1.7109333333333334,1.2512336666666666,0.45969966666666684,0.45969966666666684
2010-06-24 08:00:00,1.4129666666666667,1.290521333333333,0.12244533333333374,0.12244533333333374
2010-06-24 09:00:00,0.9029666666666668,1.2690859999999997,-0.3661193333333329,0.3661193333333329
2010-06-24 10:00:00,0.3694333333333333,0.4090179999999999,-0.0395846666666666,0.0395846666666666
2010-06-24 11:00:00,0.3708666666666666,0.47241433333333327,-0.10154766666666665,0.10154766666666665
2010-06-24 12:00:00,0.3719,0.42166299999999984,-0.049762999999999835,0.049762999999999835
2010-06-24 13:00:00,0.3240333333333333,0.47618466666666653,-0.15215133333333325,0.15215133333333325
2010-06-24 14:00:00,0.3697,0.3212110000000001,0.04848899999999989,0.04848899999999989
2010-06-24 15:00:00,0.3358333333333333,0.40953466666666655,-0.07370133333333323,0.07370133333333323
2010-06-24 16:00:00,0.4254333333333333,0.5591279999999998,-0.13369466666666657,0.13369466666666657
2010-06-24 17:00:00,0.6879000000000001,0.9235976666666668,-0.2356976666666667,0.2356976666666667
2010-06-24 18:00:00,1.5256,1.1327459999999994,0.3928540000000007,0.3928540000000007
2010-06-24 19:00:00,1.2801,1.2431510000000006,0.036948999999999455,0.036948999999999455
2010-06-24 20:00:00,1.4406666666666663,1.566544034482759,-0.1258773678160927,0.1258773678160927
2010-06-24 21:00:00,1.8170666666666664,1.6251113333333325,0.19195533333333392,0.19195533333333392
2010-06-24 22:00:00,0.3888999999999999,0.8891336400000003,-0.5002336400000004,0.5002336400000004
2010-06-24 23:00:00,0.2985666666666667,0.3623173333333331,-0.0637506666666664,0.0637506666666664
2010-06-25 00:00:00,0.3066,0.3218183333333334,-0.01521833333333339,0.01521833333333339
2010-06-25 01:00:00,0.2838333333333333,0.3008456666666669,-0.017012333333333574,0.017012333333333574
2010-06-25 02:00:00,0.3394666666666666,0.37334133333333336,-0.033874666666666775,0.033874666666666775
2010-06-25 03:00:00,0.3376666666666666,0.38777922690058453,-0.05011256023391791,0.05011256023391791
2010-06-25 04:00:00,0.2842666666666666,0.41143224444444443,-0.12716557777777782,0.12716557777777782
2010-06-25 05:00:00,1.0408666666666666,0.8982273333333332,0.14263933333333345,0.14263933333333345
2010-06-25 06:00:00,1.4192333333333331,1.3577456666666665,0.06148766666666661,0.06148766666666661
2010-06-25 07:00:00,1.1743333333333332,1.20892202259887,-0.03458868926553671,0.03458868926553671
2010-06-25 08:00:00,1.4962333333333333,0.7225277966101694,0.7737055367231639,0.7737055367231639
2010-06-25 09:00:00,1.4313666666666665,1.3565056666666664,0.07486100000000007,0.07486100000000007
2010-06-25 10:00:00,1.6219333333333334,1.148673011299435,0.47326032203389845,0.47326032203389845
2010-06-25 11:00:00,1.9613666666666667,1.4645533333333334,0.49681333333333333,0.49681333333333333
2010-06-25 12:00:00,0.9724666666666668,1.700654,-0.7281873333333333,0.7281873333333333
2010-06-25 13:00:00,0.2833666666666666,0.4787936666666669,-0.1954270000000003,0.1954270000000003
2010-06-25 14:00:00,0.2704333333333333,0.3511900000000001,-0.08075666666666681,0.08075666666666681
2010-06-25 15:00:00,0.3191333333333333,0.39638399999999974,-0.07725066666666641,0.07725066666666641
2010-06-25 16:00:00,0.3674,0.7636363333333336,-0.3962363333333336,0.3962363333333336
2010-06-25 17:00:00,0.2843666666666667,0.8928546666666662,-0.6084879999999995,0.6084879999999995
2010-06-25 18:00:00,0.3055666666666666,1.058393,-0.7528263333333334,0.7528263333333334
2010-06-25 19:00:00,0.3292666666666666,0.7446777627118638,-0.4154110960451972,0.4154110960451972
2010-06-25 20:00:00,1.3311,0.7443833333333331,0.5867166666666669,0.5867166666666669
2010-06-25 21:00:00,1.4952666666666667,0.9175689874899109,0.5776976791767559,0.5776976791767559
2010-06-25 22:00:00,0.3698666666666667,0.9042842912994352,-0.5344176246327685,0.5344176246327685
2010-06-25 23:00:00,0.3658333333333333,0.32836166666666666,0.037471666666666625,0.037471666666666625
2010-06-26 00:00:00,0.2876666666666667,0.40443900000000005,-0.11677233333333337,0.11677233333333337
2010-06-26 01:00:00,0.2933333333333333,0.33493433333333317,-0.04160099999999989,0.04160099999999989
2010-06-26 02:00:00,0.3593333333333333,0.4015213333333334,-0.042188000000000114,0.042188000000000114
2010-06-26 03:00:00,0.3156,0.3984313333333332,-0.0828313333333332,0.0828313333333332
2010-06-26 04:00:00,0.8613666666666667,0.3971576666666667,0.46420900000000004,0.46420900000000004
2010-06-26 05:00:00,0.4714333333333333,0.41979133333333335,0.051641999999999966,0.051641999999999966
2010-06-26 06:00:00,0.5001333333333333,0.9192970266666665,-0.41916369333333314,0.41916369333333314
2010-06-26 07:00:00,0.3281333333333333,0.8550899025181594,-0.5269565691848261,0.5269565691848261
2010-06-26 08:00:00,0.8945333333333333,0.7573539599999998,0.13717937333333352,0.13717937333333352
2010-06-26 09:00:00,1.8389333333333333,1.176591473629606,0.6623418597037274,0.6623418597037274
2010-06-26 10:00:00,0.8350666666666666,1.60226168707483,-0.7671950204081635,0.7671950204081635
2010-06-26 11:00:00,1.445,1.2325845599999996,0.21241544000000046,0.21241544000000046
2010-06-26 12:00:00,1.0642333333333334,1.29754028,-0.23330694666666663,0.23330694666666663
2010-06-26 13:00:00,0.4320333333333333,0.8575125091525427,-0.4254791758192094,0.4254791758192094
2010-06-26 14:00:00,0.4317333333333333,0.8781521466666672,-0.4464188133333339,0.4464188133333339
2010-06-26 15:00:00,0.8637666666666667,1.1569834400000005,-0.29321677333333385,0.29321677333333385
2010-06-26 16:00:00,1.4527666666666663,1.1577352133333332,0.29503145333333314,0.29503145333333314
2010-06-26 17:00:00,1.4154666666666669,1.3817741599999993,0.033692506666667565,0.033692506666667565
2010-06-26 18:00:00,0.3550666666666667,1.2983493199999998,-0.9432826533333332,0.9432826533333332
2010-06-26 19:00:00,0.3544666666666666,0.6881763333333335,-0.3337096666666669,0.3337096666666669
2010-06-26 20:00:00,0.3049666666666667,0.6723788533333331,-0.3674121866666664,0.3674121866666664
2010-06-26 21:00:00,0.3474333333333333,0.5050739999999998,-0.15764066666666648,0.15764066666666648
2010-06-26 22:00:00,0.5420333333333333,0.49112466666666643,0.050908666666666824,0.050908666666666824
2010-06-26 23:00:00,0.3531333333333333,0.6136636666666667,-0.2605303333333334,0.2605303333333334
2010-06-27 00:00:00,0.5367,0.3694183333333333,0.16728166666666666,0.16728166666666666
2010-06-27 01:00:00,0.8454666666666667,0.6164346666666672,0.22903199999999946,0.22903199999999946
2010-06-27 02:00:00,0.3637666666666667,0.40529766666666667,-0.041530999999999985,0.041530999999999985
2010-06-27 03:00:00,0.3059333333333333,0.38098733333333323,-0.07505399999999995,0.07505399999999995
2010-06-27 04:00:00,0.2873,0.3190029999999999,-0.031702999999999926,0.031702999999999926
2010-06-27 05:00:00,0.3289333333333333,0.3950036666666668,-0.06607033333333351,0.06607033333333351
2010-06-27 06:00:00,0.4841,0.46065633333333317,0.023443666666666807,0.023443666666666807
2010-06-27 07:00:00,0.3318666666666666,0.9073640799999997,-0.575497413333333,0.575497413333333
2010-06-27 08:00:00,1.5325333333333333,0.635862666666667,0.8966706666666663,0.8966706666666663
2010-06-27 09:00:00,1.0246,1.2773393333333343,-0.2527393333333343,0.2527393333333343
2010-06-27 10:00:00,0.5531333333333334,1.2221172432050276,-0.6689839098716942,0.6689839098716942
2010-06-27 11:00:00,1.0512,0.988086375343279,0.06311362465672088,0.06311362465672088
2010-06-27 12:00:00,1.640966666666667,1.1699028533333322,0.4710638133333347,0.4710638133333347
2010-06-27 13:00:00,1.5251333333333332,1.6970503333333342,-0.17191700000000099,0.17191700000000099
2010-06-27 14:00:00,0.9024,1.5141563466666665,-0.6117563466666666,0.6117563466666666
2010-06-27 15:00:00,0.8767666666666667,1.1806628524614151,-0.3038961857947484,0.3038961857947484
2010-06-27 16:00:00,0.6095666666666666,0.9772900451700686,-0.367723378503402,0.367723378503402
2010-06-27 17:00:00,0.7713333333333333,1.0147674533333335,-0.2434341200000002,0.2434341200000002
2010-06-27 18:00:00,0.4264333333333334,1.3828507138461534,-0.95641738051282,0.95641738051282
2010-06-27 19:00:00,0.3972333333333333,1.0720096640030363,-0.674776330669703,0.674776330669703
2010-06-27 20:00:00,0.8347333333333332,0.6751255266564261,0.1596078066769071,0.1596078066769071
2010-06-27 21:00:00,2.066933333333333,1.4931543733333326,0.5737789600000005,0.5737789600000005
2010-06-27 22:00:00,0.9492333333333334,1.1416389999999996,-0.19240566666666625,0.19240566666666625
2010-06-27 23:00:00,0.3528333333333334,0.5266581199999998,-0.1738247866666664,0.1738247866666664
2010-06-28 00:00:00,0.3554,0.34472933333333344,0.01067066666666655,0.01067066666666655
2010-06-28 01:00:00,0.5648333333333333,0.3510809999999999,0.21375233333333338,0.21375233333333338
2010-06-28 02:00:00,0.4832666666666667,0.6078429999999999,-0.12457633333333323,0.12457633333333323
2010-06-28 03:00:00,0.3338,0.5594456266666665,-0.22564562666666654,0.22564562666666654
2010-06-28 04:00:00,0.3305,0.4061125999999999,-0.07561259999999986,0.07561259999999986
2010-06-28 05:00:00,1.0942333333333332,0.9066199999999999,0.1876133333333333,0.1876133333333333
2010-06-28 06:00:00,1.4126333333333332,1.46905,-0.05641666666666678,0.05641666666666678
2010-06-28 07:00:00,1.5397333333333334,1.246117,0.2936163333333335,0.2936163333333335
2010-06-28 08:00:00,1.0228333333333333,1.3876793333333322,-0.3648459999999989,0.3648459999999989
2010-06-28 09:00:00,0.3256666666666666,0.6025026666666667,-0.27683600000000014,0.27683600000000014
2010-06-28 10:00:00,0.9336666666666668,0.4711723333333331,0.4624943333333337,0.4624943333333337
2010-06-28 11:00:00,0.6584666666666668,1.0035493333333332,-0.3450826666666664,0.3450826666666664
2010-06-28 12:00:00,0.5480666666666667,0.6596798933333335,-0.11161322666666684,0.11161322666666684
2010-06-28 13:00:00,1.0419666666666667,0.7274893333333335,0.31447733333333316,0.31447733333333316
2010-06-28 14:00:00,1.6852000000000005,1.0393356666666662,0.6458643333333343,0.6458643333333343
2010-06-28 15:00:00,1.0549333333333333,1.260144745762711,-0.2052114124293778,0.2052114124293778
2010-06-28 16:00:00,1.661433333333333,1.1492296666666666,0.5122036666666665,0.5122036666666665
2010-06-28 17:00:00,1.8102333333333327,1.6230751288888883,0.18715820444444442,0.18715820444444442
2010-06-28 18:00:00,1.3352,1.648042640000001,-0.31284264000000106,0.31284264000000106
2010-06-28 19:00:00,0.9758333333333332,1.16285076,-0.18701742666666676,0.18701742666666676
2010-06-28 20:00:00,1.1446666666666667,1.768685093333334,-0.6240184266666673,0.6240184266666673
2010-06-28 21:00:00,1.7551,1.396842933333333,0.3582570666666671,0.3582570666666671
2010-06-28 22:00:00,2.101833333333333,1.1016259733333336,1.0002073599999994,1.0002073599999994
2010-06-28 23:00:00,1.0073666666666667,1.0283009999999997,-0.020934333333332944,0.020934333333332944
2010-06-29 00:00:00,0.6357,0.8927989054582693,-0.2570989054582693,0.2570989054582693
2010-06-29 01:00:00,0.3406,0.5347240000000001,-0.19412400000000007,0.19412400000000007
2010-06-29 02:00:00,0.3275,0.37777296491228085,-0.05027296491228084,0.05027296491228084
2010-06-29 03:00:00,0.3993666666666666,0.3878823333333334,0.011484333333333208,0.011484333333333208
2010-06-29 04:00:00,0.4139,0.5002262444444445,-0.08632624444444453,0.08632624444444453
2010-06-29 05:00:00,0.4432,0.9895528222222221,-0.546352822222222,0.546352822222222
2010-06-29 06:00:00,1.1240666666666668,1.291749733333333,-0.16768306666666621,0.16768306666666621
2010-06-29 07:00:00,1.8220666666666667,1.650667615819209,0.17139905084745766,0.17139905084745766
2010-06-29 08:00:00,1.6043666666666667,1.6305653333333325,-0.026198666666665815,0.026198666666665815
2010-06-29 09:00:00,1.9202666666666663,0.806908,1.1133586666666664,1.1133586666666664
2010-06-29 10:00:00,0.8169000000000001,1.737536333333332,-0.920636333333332,0.920636333333332
2010-06-29 11:00:00,0.5117666666666667,0.7933334444444443,-0.2815667777777776,0.2815667777777776
2010-06-29 12:00:00,0.9936,0.7661689999999999,0.22743100000000016,0.22743100000000016
2010-06-29 13:00:00,0.9509333333333332,1.3219219999999994,-0.3709886666666662,0.3709886666666662
2010-06-29 14:00:00,0.4005333333333333,0.944307044444444,-0.5437737111111107,0.5437737111111107
2010-06-29 15:00:00,0.5865762711864406,0.6993,-0.11272372881355941,0.11272372881355941
2010-06-29 16:00:00,1.2671,0.7312976666666663,0.5358023333333336,0.5358023333333336
2010-06-29 17:00:00,0.7644666666666667,1.2482970400000002,-0.48383037333333345,0.48383037333333345
2010-06-29 18:00:00,0.9423666666666668,1.2138849466666661,-0.27151827999999933,0.27151827999999933
2010-06-29 19:00:00,1.0328666666666666,1.6100910666666666,-0.5772244,0.5772244
2010-06-29 20:00:00,1.7192333333333332,1.8626773333333335,-0.14344400000000035,0.14344400000000035
2010-06-29 21:00:00,2.3195,1.9551029999999991,0.36439700000000097,0.36439700000000097
2010-06-29 22:00:00,0.4538,1.2862388509184353,-0.8324388509184353,0.8324388509184353
2010-06-29 23:00:00,0.3440333333333333,0.4516893333333333,-0.10765599999999997,0.10765599999999997
2010-06-30 00:00:00,0.4602666666666666,0.42060864912280693,0.03965801754385967,0.03965801754385967
2010-06-30 01:00:00,0.6691,0.49761800000000006,0.17148199999999997,0.17148199999999997
2010-06-30 02:00:00,0.3130666666666666,0.5390868922580645,-0.2260202255913979,0.2260202255913979
2010-06-30 03:00:00,0.2935333333333333,0.3668999999999999,-0.07336666666666658,0.07336666666666658
2010-06-30 04:00:00,0.9467333333333332,0.365642,0.5810913333333332,0.5810913333333332
2010-06-30 05:00:00,0.5382666666666667,0.8972373333333334,-0.35897066666666677,0.35897066666666677
2010-06-30 06:00:00,1.0615333333333334,1.2635335066666666,-0.2020001733333332,0.2020001733333332
2010-06-30 07:00:00,1.1931666666666667,1.4358920000000006,-0.2427253333333339,0.2427253333333339
2010-06-30 08:00:00,0.3685333333333334,0.8531252824858752,-0.4845919491525418,0.4845919491525418
2010-06-30 09:00:00,0.3090333333333334,0.6910540000000002,-0.3820206666666668,0.3820206666666668
2010-06-30 10:00:00,0.6882,0.5770216666666665,0.11117833333333349,0.11117833333333349
2010-06-30 11:00:00,1.1751333333333334,0.8703486666666665,0.3047846666666668,0.3047846666666668
2010-06-30 12:00:00,1.3315,1.286848599999999,0.044651400000000896,0.044651400000000896
2010-06-30 13:00:00,1.4013,0.9190660311111111,0.4822339688888889,0.4822339688888889
2010-06-30 14:00:00,1.0394333333333334,1.2440247644444447,-0.20459143111111122,0.20459143111111122
2010-06-30 15:00:00,0.6396333333333334,0.8635997017409118,-0.22396636840757844,0.22396636840757844
2010-06-30 16:00:00,1.4037333333333335,0.9006436666666662,0.5030896666666673,0.5030896666666673
2010-06-30 17:00:00,1.3373333333333333,1.5495798533333334,-0.2122465200000001,0.2122465200000001
2010-06-30 18:00:00,1.2917333333333334,1.5294343466666667,-0.23770101333333327,0.23770101333333327
2010-06-30 19:00:00,1.1515,1.4994315356321841,-0.34793153563218415,0.34793153563218415
2010-06-30 20:00:00,1.4090666666666667,1.722787066666667,-0.31372040000000023,0.31372040000000023
2010-06-30 21:00:00,1.6365,1.7149176888888886,-0.07841768888888856,0.07841768888888856
2010-06-30 22:00:00,2.0666,1.2251943066666664,0.8414056933333338,0.8414056933333338
2010-06-30 23:00:00,3.3290333333333333,1.36652,1.9625133333333333,1.9625133333333333
2010-07-01 00:00:00,0.8670000000000001,1.7091211527397576,-0.8421211527397575,0.8421211527397575
2010-07-01 01:00:00,0.3796,0.6268633333333333,-0.24726333333333333,0.24726333333333333
2010-07-01 02:00:00,0.3791333333333334,0.37783966666666674,0.0012936666666666374,0.0012936666666666374
2010-07-01 03:00:00,0.4200666666666667,0.4378216666666666,-0.01775499999999991,0.01775499999999991
2010-07-01 04:00:00,0.4192,0.4707999111111112,-0.051599911111111174,0.051599911111111174
2010-07-01 05:00:00,0.4114666666666666,0.9228529777777779,-0.5113863111111112,0.5113863111111112
2010-07-01 06:00:00,0.3750666666666667,1.2889706666666667,-0.913904,0.913904
2010-07-01 07:00:00,0.4297333333333333,0.8720648813559322,-0.4423315480225989,0.4423315480225989
2010-07-01 08:00:00,0.4747333333333333,0.927614,-0.45288066666666676,0.45288066666666676
2010-07-01 09:00:00,1.4757333333333331,1.0239018888888891,0.451831444444444,0.451831444444444
2010-07-01 10:00:00,1.5003333333333333,1.3222826666666672,0.17805066666666614,0.17805066666666614
2010-07-01 11:00:00,1.5219333333333334,1.166353,0.3555803333333334,0.3555803333333334
2010-07-01 12:00:00,1.1035,1.091171333333333,0.012328666666666876,0.012328666666666876
2010-07-01 13:00:00,1.0868666666666666,1.3027793555555558,-0.21591268888888915,0.21591268888888915
2010-07-01 14:00:00,1.1505666666666667,1.127778711111111,0.022787955555555683,0.022787955555555683
2010-07-01 15:00:00,1.2556,1.2268822866290012,0.02871771337099882,0.02871771337099882
2010-07-01 16:00:00,0.9757666666666668,1.1828956444444438,-0.20712897777777706,0.20712897777777706
2010-07-01 17:00:00,1.3625666666666667,1.1758007310734466,0.18676593559322008,0.18676593559322008
2010-07-01 18:00:00,0.4723,1.206488,-0.7341880000000001,0.7341880000000001
2010-07-01 19:00:00,0.4823666666666666,1.0148519655172412,-0.5324852988505746,0.5324852988505746
2010-07-01 20:00:00,0.7201333333333333,0.914278333333334,-0.19414500000000068,0.19414500000000068
2010-07-01 21:00:00,1.0432666666666668,1.152184,-0.10891733333333331,0.10891733333333331
2010-07-01 22:00:00,0.8474,1.045858333333333,-0.19845833333333285,0.19845833333333285
2010-07-01 23:00:00,1.3977333333333335,0.7088703066666668,0.6888630266666667,0.6888630266666667
2010-07-02 00:00:00,0.5759000000000001,0.6716376666666661,-0.09573766666666605,0.09573766666666605
2010-07-02 01:00:00,0.5209333333333334,0.5310129999999998,-0.010079666666666487,0.010079666666666487
2010-07-02 02:00:00,1.6122,0.48955114666666655,1.1226488533333336,1.1226488533333336
2010-07-02 03:00:00,1.1039,1.6961376666666665,-0.5922376666666664,0.5922376666666664
2010-07-02 04:00:00,0.8480666666666666,1.1138968933333333,-0.26583022666666667,0.26583022666666667
2010-07-02 05:00:00,0.4247333333333333,1.182077133333334,-0.7573438000000007,0.7573438000000007
2010-07-02 06:00:00,0.4384333333333333,0.924873666666667,-0.48644033333333375,0.48644033333333375
2010-07-02 07:00:00,0.4290333333333333,0.8786451333333334,-0.44961180000000006,0.44961180000000006
2010-07-02 08:00:00,0.3865666666666666,0.9156499999999995,-0.5290833333333329,0.5290833333333329
2010-07-02 09:00:00,0.4653333333333334,0.7214299999999997,-0.2560966666666663,0.2560966666666663
2010-07-02 10:00:00,1.0549,1.0079370000000007,0.0469629999999992,0.0469629999999992
2010-07-02 11:00:00,0.6608666666666667,1.0365660000000003,-0.3756993333333336,0.3756993333333336
2010-07-02 12:00:00,0.4926666666666667,0.7631959999999998,-0.27052933333333307,0.27052933333333307
2010-07-02 13:00:00,0.8083333333333333,0.8194839999999999,-0.011150666666666531,0.011150666666666531
2010-07-02 14:00:00,0.6436666666666666,0.9301123333333332,-0.2864456666666666,0.2864456666666666
2010-07-02 15:00:00,1.145233333333333,0.8274706888888885,0.3177626444444446,0.3177626444444446
2010-07-02 16:00:00,0.5032333333333333,1.5558988405972556,-1.0526655072639222,1.0526655072639222
2010-07-02 17:00:00,0.6059333333333333,0.9185051200000001,-0.31257178666666674,0.31257178666666674
2010-07-02 18:00:00,1.4792333333333334,1.231091573333333,0.24814176000000043,0.24814176000000043
2010-07-02 19:00:00,1.5087333333333333,1.4701674211494253,0.038565912183907924,0.038565912183907924
2010-07-02 20:00:00,1.1102666666666667,1.2635343333333333,-0.15326766666666658,0.15326766666666658
2010-07-02 21:00:00,0.4077666666666666,1.2728078744955604,-0.8650412078288938,0.8650412078288938
2010-07-02 22:00:00,0.3918,0.46804433333333306,-0.07624433333333308,0.07624433333333308
2010-07-02 23:00:00,0.4521,0.4505209999999996,0.0015790000000003857,0.0015790000000003857
2010-07-03 00:00:00,0.5862999999999999,0.4977048666666666,0.08859513333333335,0.08859513333333335
2010-07-03 01:00:00,1.4909333333333334,0.5591690533333334,0.93176428,0.93176428
2010-07-03 02:00:00,0.7368,1.5796643095238094,-0.8428643095238094,0.8428643095238094
2010-07-03 03:00:00,0.3784,0.7725086636734693,-0.39410866367346925,0.39410866367346925
2010-07-03 04:00:00,0.4775666666666666,0.5025360000000002,-0.02496933333333362,0.02496933333333362
2010-07-03 05:00:00,0.5012666666666666,0.7583853733333331,-0.2571187066666665,0.2571187066666665
2010-07-03 06:00:00,1.1276333333333333,0.7942549599999994,0.33337837333333387,0.33337837333333387
2010-07-03 07:00:00,0.3893333333333333,1.0200157807909604,-0.6306824474576271,0.6306824474576271
2010-07-03 08:00:00,0.4175333333333333,0.7243846266666668,-0.3068512933333335,0.3068512933333335
2010-07-03 09:00:00,0.4408666666666667,0.8710863333333333,-0.4302196666666666,0.4302196666666666
2010-07-03 10:00:00,0.6991666666666667,1.00590692,-0.3067402533333332,0.3067402533333332
2010-07-03 11:00:00,0.7494666666666667,1.1922058399999997,-0.442739173333333,0.442739173333333
2010-07-03 12:00:00,0.5087333333333334,1.1497133599999991,-0.6409800266666658,0.6409800266666658
2010-07-03 13:00:00,0.4639333333333333,1.1549778666666666,-0.6910445333333333,0.6910445333333333
2010-07-03 14:00:00,0.4069666666666666,1.0922219814439331,-0.6852553147772665,0.6852553147772665
2010-07-03 15:00:00,0.3785333333333333,0.770099,-0.3915656666666667,0.3915656666666667
2010-07-03 16:00:00,0.4646,1.0028746666666668,-0.5382746666666668,0.5382746666666668
2010-07-03 17:00:00,1.0288333333333337,0.9521860335632184,0.0766472997701153,0.0766472997701153
2010-07-03 18:00:00,1.013,1.2088009805128208,-0.1958009805128209,0.1958009805128209
2010-07-03 19:00:00,1.2177,1.1870031803379415,0.030696819662058505,0.030696819662058505
2010-07-03 20:00:00,1.1374,1.1711128983050851,-0.03371289830508517,0.03371289830508517
2010-07-03 21:00:00,1.7139,1.4217626457142851,0.29213735428571486,0.29213735428571486
2010-07-03 22:00:00,1.886933333333333,1.459526773333333,0.4274065599999999,0.4274065599999999
2010-07-03 23:00:00,1.8255,1.162111333333333,0.6633886666666668,0.6633886666666668
2010-07-04 00:00:00,1.6224999999999998,1.9188235466666663,-0.2963235466666665,0.2963235466666665
2010-07-04 01:00:00,1.8090333333333333,1.7638327066666664,0.04520062666666691,0.04520062666666691
2010-07-04 02:00:00,1.7240666666666666,1.749724999999999,-0.02565833333333245,0.02565833333333245
2010-07-04 03:00:00,1.6306666666666667,1.759945906666666,-0.12927923999999935,0.12927923999999935
2010-07-04 04:00:00,1.5546333333333335,1.6686011600000006,-0.11396782666666705,0.11396782666666705
2010-07-04 05:00:00,1.5591333333333333,1.668731626666667,-0.10959829333333371,0.10959829333333371
2010-07-04 06:00:00,2.219133333333333,1.6216807644444453,0.5974525688888879,0.5974525688888879
2010-07-04 07:00:00,1.3802,1.6667057199999997,-0.28650571999999963,0.28650571999999963
2010-07-04 08:00:00,1.2342,1.2596332133333334,-0.025433213333333482,0.025433213333333482
2010-07-04 09:00:00,1.5537,1.2353395866666665,0.31836041333333354,0.31836041333333354
2010-07-04 10:00:00,1.227766666666667,1.4768173333333328,-0.24905066666666587,0.24905066666666587
2010-07-04 11:00:00,0.2969333333333333,0.846672898305085,-0.5497395649717516,0.5497395649717516
2010-07-04 12:00:00,0.3886,0.5623886666666666,-0.17378866666666665,0.17378866666666665
2010-07-04 13:00:00,0.3716,0.6787973333333334,-0.3071973333333334,0.3071973333333334
2010-07-04 14:00:00,0.3176,0.6317126666666669,-0.31411266666666693,0.31411266666666693
2010-07-04 15:00:00,0.3118333333333333,0.520899666666667,-0.2090663333333337,0.2090663333333337
2010-07-04 16:00:00,0.3729666666666666,0.7100013333333334,-0.33703466666666676,0.33703466666666676
2010-07-04 17:00:00,0.3918999999999999,0.7203223333333335,-0.3284223333333336,0.3284223333333336
2010-07-04 18:00:00,0.3047666666666667,0.9430943333333335,-0.6383276666666668,0.6383276666666668
2010-07-04 19:00:00,0.4307666666666667,0.6190210000000002,-0.18825433333333347,0.18825433333333347
2010-07-04 20:00:00,1.3955,0.8721816666666669,0.5233183333333331,0.5233183333333331
2010-07-04 21:00:00,0.8329333333333333,1.6789938933333333,-0.84606056,0.84606056
2010-07-04 22:00:00,0.8788666666666667,0.5982029999999999,0.28066366666666676,0.28066366666666676
2010-07-04 23:00:00,0.4110333333333333,0.7784844959754222,-0.36745116264208894,0.36745116264208894
2010-07-05 00:00:00,0.3940666666666666,0.43604299999999957,-0.04197633333333295,0.04197633333333295
2010-07-05 01:00:00,0.3426666666666666,0.41619133333333347,-0.07352466666666685,0.07352466666666685
2010-07-05 02:00:00,0.3401666666666667,0.3632576666666668,-0.02309100000000014,0.02309100000000014
2010-07-05 03:00:00,0.3796333333333333,0.5287729824561402,-0.14913964912280692,0.14913964912280692
2010-07-05 04:00:00,0.3541333333333333,0.47736399999999984,-0.12323066666666654,0.12323066666666654
2010-07-05 05:00:00,0.3179,0.8469057627118644,-0.5290057627118643,0.5290057627118643
2010-07-05 06:00:00,0.7785,0.9555266666666661,-0.1770266666666661,0.1770266666666661
2010-07-05 07:00:00,1.0759666666666663,1.403741333333333,-0.32777466666666677,0.32777466666666677
2010-07-05 08:00:00,0.3477333333333333,0.9282309999999999,-0.5804976666666666,0.5804976666666666
2010-07-05 09:00:00,0.299,0.44747124444444464,-0.14847124444444465,0.14847124444444465
2010-07-05 10:00:00,0.3343666666666667,0.4009576666666663,-0.06659099999999962,0.06659099999999962
2010-07-05 11:00:00,0.6037333333333332,0.3332886666666667,0.27044466666666656,0.27044466666666656
2010-07-05 12:00:00,0.5895333333333334,0.9017386666666668,-0.31220533333333345,0.31220533333333345
2010-07-05 13:00:00,1.2709666666666666,0.7752473999999999,0.49571926666666666,0.49571926666666666
2010-07-05 14:00:00,1.4741666666666666,0.857234333333333,0.6169323333333336,0.6169323333333336
2010-07-05 15:00:00,1.2203000000000002,0.9772334533333337,0.2430665466666665,0.2430665466666665
2010-07-05 16:00:00,0.3056666666666666,0.7549753333333331,-0.4493086666666665,0.4493086666666665
2010-07-05 17:00:00,0.3173666666666667,0.6516140056497176,-0.3342473389830509,0.3342473389830509
2010-07-05 18:00:00,0.9813666666666666,0.9008746666666667,0.0804919999999999,0.0804919999999999
2010-07-05 19:00:00,1.3027000000000002,1.4203613678160918,-0.1176613678160916,0.1176613678160916
2010-07-05 20:00:00,1.8712333333333333,1.6164409999999996,0.25479233333333373,0.25479233333333373
2010-07-05 21:00:00,1.7087,1.4380984266666663,0.2706015733333338,0.2706015733333338
2010-07-05 22:00:00,1.5456,1.1882648266666664,0.35733517333333364,0.35733517333333364
2010-07-05 23:00:00,0.6281666666666667,1.2045847644444445,-0.5764180977777779,0.5764180977777779
2010-07-06 00:00:00,0.3193,0.5573940000000002,-0.2380940000000002,0.2380940000000002
2010-07-06 01:00:00,0.3669666666666666,0.4020940000000002,-0.035127333333333566,0.035127333333333566
2010-07-06 02:00:00,0.3574,0.362717,-0.005317000000000016,0.005317000000000016
2010-07-06 03:00:00,0.2714,0.37326266666666646,-0.10186266666666649,0.10186266666666649
2010-07-06 04:00:00,0.3137,0.34559633333333345,-0.03189633333333347,0.03189633333333347
2010-07-06 05:00:00,0.3586333333333333,0.802244548022599,-0.44361121468926573,0.44361121468926573
2010-07-06 06:00:00,1.2641,1.1502326666666662,0.11386733333333376,0.11386733333333376
2010-07-06 07:00:00,1.3883333333333332,1.3203753333333337,0.06795799999999952,0.06795799999999952
2010-07-06 08:00:00,1.3818666666666668,1.3543450000000001,0.027521666666666667,0.027521666666666667
2010-07-06 09:00:00,1.3678333333333332,1.0022266892655363,0.36560664406779697,0.36560664406779697
2010-07-06 10:00:00,0.2816,0.8524176666666662,-0.5708176666666662,0.5708176666666662
2010-07-06 11:00:00,0.3290333333333333,0.47588,-0.14684666666666674,0.14684666666666674
2010-07-06 12:00:00,0.6975,0.3714746666666666,0.3260253333333334,0.3260253333333334
2010-07-06 13:00:00,0.7371666666666666,0.7009193333333333,0.0362473333333333,0.0362473333333333
2010-07-06 14:00:00,0.5567,0.7458643648233486,-0.18916436482334864,0.18916436482334864
2010-07-06 15:00:00,0.7087666666666667,0.6308260000000001,0.07794066666666655,0.07794066666666655
2010-07-06 16:00:00,0.5396,0.7907666666666665,-0.25116666666666654,0.25116666666666654
2010-07-06 17:00:00,0.5713666666666667,0.8318004582375473,-0.26043379157088065,0.26043379157088065
2010-07-06 18:00:00,1.2738,1.0169297135632183,0.2568702864367818,0.2568702864367818
2010-07-06 19:00:00,1.5307666666666668,1.200703949152542,0.33006271751412486,0.33006271751412486
2010-07-06 20:00:00,0.7395333333333334,1.3704249999999996,-0.6308916666666662,0.6308916666666662
2010-07-06 21:00:00,0.312,0.8626679999999999,-0.5506679999999999,0.5506679999999999
2010-07-06 22:00:00,0.4700333333333333,0.5038089999999998,-0.03377566666666654,0.03377566666666654
2010-07-06 23:00:00,0.383,0.4783913333333332,-0.09539133333333322,0.09539133333333322
2010-07-07 00:00:00,0.6799,0.32005666666666666,0.3598433333333333,0.3598433333333333
2010-07-07 01:00:00,0.3139666666666666,0.6046203333333332,-0.2906536666666666,0.2906536666666666
2010-07-07 02:00:00,0.3838333333333333,0.33155666666666667,0.05227666666666664,0.05227666666666664
2010-07-07 03:00:00,0.2915,0.3961426666666669,-0.10464266666666694,0.10464266666666694
2010-07-07 04:00:00,0.2872333333333333,0.36650400000000016,-0.07927066666666688,0.07927066666666688
2010-07-07 05:00:00,0.9415,0.6776348222222225,0.2638651777777775,0.2638651777777775
2010-07-07 06:00:00,0.3096666666666667,0.9837223333333334,-0.6740556666666666,0.6740556666666666
2010-07-07 07:00:00,1.0060666666666669,0.7250547692307688,0.28101189743589805,0.28101189743589805
2010-07-07 08:00:00,0.3377,0.6659648888888893,-0.3282648888888893,0.3282648888888893
2010-07-07 09:00:00,0.3157666666666667,0.5042783333333338,-0.18851166666666713,0.18851166666666713
2010-07-07 10:00:00,0.3383666666666666,0.383103,-0.04473633333333343,0.04473633333333343
2010-07-07 11:00:00,0.5030666666666667,0.5590041839080461,-0.05593751724137941,0.05593751724137941
2010-07-07 12:00:00,0.5468333333333334,0.7845508135593215,-0.23771748022598815,0.23771748022598815
2010-07-07 13:00:00,1.4143666666666663,0.8833330666666668,0.5310335999999996,0.5310335999999996
2010-07-07 14:00:00,0.8498333333333333,1.1025683333333334,-0.25273500000000004,0.25273500000000004
2010-07-07 15:00:00,0.3259333333333333,0.491479,-0.1655456666666667,0.1655456666666667
2010-07-07 16:00:00,0.3728333333333333,0.6117570000000002,-0.23892366666666692,0.23892366666666692
2010-07-07 17:00:00,0.3427666666666666,0.6204263333333332,-0.2776596666666666,0.2776596666666666
2010-07-07 18:00:00,0.6080000000000001,0.6920506666666669,-0.08405066666666683,0.08405066666666683
2010-07-07 19:00:00,1.4613666666666667,1.2675076666666667,0.193859,0.193859
2010-07-07 20:00:00,0.6147333333333334,1.5570133333333336,-0.9422800000000002,0.9422800000000002
2010-07-07 21:00:00,0.9587,1.192444,-0.23374400000000006,0.23374400000000006
2010-07-07 22:00:00,0.3262,0.7446253066666669,-0.41842530666666694,0.41842530666666694
2010-07-07 23:00:00,0.4078666666666667,0.4283086666666665,-0.020441999999999794,0.020441999999999794
2010-07-08 00:00:00,0.5067333333333334,0.4198035777777778,0.08692975555555554,0.08692975555555554
2010-07-08 01:00:00,0.3347333333333333,0.5554407999999997,-0.2207074666666664,0.2207074666666664
2010-07-08 02:00:00,0.3299333333333333,0.3824528625192013,-0.052519529185868,0.052519529185868
2010-07-08 03:00:00,0.3731,0.4223536666666664,-0.04925366666666642,0.04925366666666642
2010-07-08 04:00:00,0.3252666666666667,0.4048204,-0.07955373333333332,0.07955373333333332
2010-07-08 05:00:00,0.5512,0.5942648222222222,-0.04306482222222219,0.04306482222222219
2010-07-08 06:00:00,1.5392333333333332,1.3037739333333331,0.2354594000000001,0.2354594000000001
2010-07-08 07:00:00,1.1991666666666667,1.3036008399999994,-0.10443417333333271,0.10443417333333271
2010-07-08 08:00:00,0.296,0.764084949152542,-0.468084949152542,0.468084949152542
2010-07-08 09:00:00,0.4992333333333333,0.40480766666666673,0.09442566666666657,0.09442566666666657
2010-07-08 10:00:00,0.3646666666666666,0.7285099555555558,-0.36384328888888917,0.36384328888888917
2010-07-08 11:00:00,0.3126,0.5501780000000002,-0.23757800000000018,0.23757800000000018
2010-07-08 12:00:00,1.0795,0.38824466666666657,0.6912553333333333,0.6912553333333333
2010-07-08 13:00:00,1.8475333333333328,0.9136486666666667,0.9338846666666661,0.9338846666666661
2010-07-08 14:00:00,0.8857,1.4995380000000005,-0.6138380000000004,0.6138380000000004
2010-07-08 15:00:00,1.6610666666666667,0.8987376666666669,0.7623289999999998,0.7623289999999998
2010-07-08 16:00:00,0.3451,1.3049228666666663,-0.9598228666666664,0.9598228666666664
2010-07-08 17:00:00,0.5311666666666667,0.6947634463276837,-0.16359677966101704,0.16359677966101704
2010-07-08 18:00:00,0.6069,1.0435473999999996,-0.4366473999999996,0.4366473999999996
2010-07-08 19:00:00,1.9543,1.2387028735632186,0.7155971264367813,0.7155971264367813
2010-07-08 20:00:00,1.2891666666666666,1.6642806666666663,-0.3751139999999997,0.3751139999999997
2010-07-08 21:00:00,1.6950666666666665,1.3746606485714274,0.32040601809523905,0.32040601809523905
2010-07-08 22:00:00,1.2756333333333332,1.1613206400000002,0.11431269333333294,0.11431269333333294
2010-07-08 23:00:00,1.3633666666666668,0.9211703333333332,0.44219633333333364,0.44219633333333364
2010-07-09 00:00:00,0.4203333333333334,1.350915222222223,-0.9305818888888895,0.9305818888888895
2010-07-09 01:00:00,0.5332333333333333,0.4234390000000003,0.10979433333333305,0.10979433333333305
2010-07-09 02:00:00,0.4261333333333333,0.4589338133333332,-0.03280047999999991,0.03280047999999991
2010-07-09 03:00:00,0.4677333333333333,0.45304648000000003,0.01468685333333325,0.01468685333333325
2010-07-09 04:00:00,0.6376000000000001,0.5472897555555553,0.0903102444444448,0.0903102444444448
2010-07-09 05:00:00,0.9163333333333334,0.9665924000000001,-0.050259066666666685,0.050259066666666685
2010-07-09 06:00:00,1.0592666666666668,1.496955647816092,-0.4376889811494251,0.4376889811494251
2010-07-09 07:00:00,0.6099333333333334,1.3633756666666665,-0.7534423333333331,0.7534423333333331
2010-07-09 08:00:00,0.647,0.7485139999999997,-0.10151399999999966,0.10151399999999966
2010-07-09 09:00:00,0.8553999999999999,0.8284219644444444,0.026978035555555557,0.026978035555555557
2010-07-09 10:00:00,0.4711999999999999,1.280857422222222,-0.8096574222222221,0.8096574222222221
2010-07-09 11:00:00,0.5798,0.773524627118644,-0.19372462711864402,0.19372462711864402
2010-07-09 12:00:00,1.2016666666666669,0.8783373333333329,0.323329333333334,0.323329333333334
2010-07-09 13:00:00,0.6756333333333333,1.224959666666666,-0.5493263333333327,0.5493263333333327
2010-07-09 14:00:00,0.6049666666666667,0.8045593333333331,-0.19959266666666642,0.19959266666666642
2010-07-09 15:00:00,0.6314666666666666,0.7184819288888891,-0.08701526222222244,0.08701526222222244
2010-07-09 16:00:00,0.5037333333333334,1.0545539829478459,-0.5508206496145125,0.5508206496145125
2010-07-09 17:00:00,0.5893666666666667,0.8565162799999995,-0.26714961333333276,0.26714961333333276
2010-07-09 18:00:00,0.5372333333333333,1.2823909022222215,-0.7451575688888882,0.7451575688888882
2010-07-09 19:00:00,0.9611333333333332,1.0722870068965518,-0.11115367356321859,0.11115367356321859
2010-07-09 20:00:00,0.5999666666666666,0.9395893333333336,-0.33962266666666696,0.33962266666666696
2010-07-09 21:00:00,1.4650333333333334,0.9042809733333335,0.56075236,0.56075236
2010-07-09 22:00:00,1.300433333333333,1.4905046666666664,-0.19007133333333326,0.19007133333333326
2010-07-09 23:00:00,0.6412666666666667,1.2154159523809522,-0.5741492857142856,0.5741492857142856
2010-07-10 00:00:00,0.4046666666666667,0.5354443600000001,-0.1307776933333334,0.1307776933333334
2010-07-10 01:00:00,0.4185999999999999,0.4708089066666664,-0.0522089066666665,0.0522089066666665
2010-07-10 02:00:00,1.1348333333333334,0.5122844799999996,0.6225488533333338,0.6225488533333338
2010-07-10 03:00:00,0.3836333333333333,0.6102164124293785,-0.2265830790960452,0.2265830790960452
2010-07-10 04:00:00,0.3547,0.4922303333333334,-0.13753033333333337,0.13753033333333337
2010-07-10 05:00:00,0.3516333333333333,0.6579783466666665,-0.30634501333333325,0.30634501333333325
2010-07-10 06:00:00,0.3391,0.8535226799999996,-0.5144226799999996,0.5144226799999996
2010-07-10 07:00:00,0.5166333333333334,0.7701932933333332,-0.2535599599999998,0.2535599599999998
2010-07-10 08:00:00,1.9883333333333333,0.96432612,1.0240072133333333,1.0240072133333333
2010-07-10 09:00:00,1.0447,1.6430296666666655,-0.5983296666666655,0.5983296666666655
2010-07-10 10:00:00,0.4861333333333333,1.2276030133333335,-0.7414696800000002,0.7414696800000002
2010-07-10 11:00:00,0.4169333333333334,0.9231573333333333,-0.5062239999999999,0.5062239999999999
2010-07-10 12:00:00,1.5450666666666666,0.8349256666666668,0.7101409999999998,0.7101409999999998
2010-07-10 13:00:00,2.083,1.2458543333333332,0.837145666666667,0.837145666666667
2010-07-10 14:00:00,1.435633333333333,1.4424836666666658,-0.0068503333333327365,0.0068503333333327365
2010-07-10 15:00:00,0.8566333333333334,1.417011546666667,-0.5603782133333337,0.5603782133333337
2010-07-10 16:00:00,0.8923,0.8550141199999998,0.037285880000000216,0.037285880000000216
2010-07-10 17:00:00,0.4369333333333333,0.7328177733333335,-0.29588444000000025,0.29588444000000025
2010-07-10 18:00:00,0.8882333333333334,0.829010743589743,0.059222589743590404,0.059222589743590404
2010-07-10 19:00:00,1.1920333333333335,1.6344869066666663,-0.4424535733333328,0.4424535733333328
2010-07-10 20:00:00,0.4308333333333333,1.15581918079096,-0.7249858474576266,0.7249858474576266
2010-07-10 21:00:00,0.6331666666666667,0.7924636666666666,-0.1592969999999999,0.1592969999999999
2010-07-10 22:00:00,0.3667333333333333,0.7211447194367641,-0.35441138610343076,0.35441138610343076
2010-07-10 23:00:00,0.3479666666666666,0.364234,-0.01626733333333341,0.01626733333333341
2010-07-11 00:00:00,0.4298666666666667,0.42111766666666645,0.008749000000000229,0.008749000000000229
2010-07-11 01:00:00,0.4083,0.5079401466666664,-0.09964014666666643,0.09964014666666643
2010-07-11 02:00:00,0.3611666666666667,0.49534672277521763,-0.13418005610855094,0.13418005610855094
2010-07-11 03:00:00,0.3423333333333333,0.4708293333333334,-0.12849600000000005,0.12849600000000005
2010-07-11 04:00:00,0.5,0.47807133333333285,0.02192866666666715,0.02192866666666715
2010-07-11 05:00:00,0.7577666666666667,0.8570964888888888,-0.09932982222222209,0.09932982222222209
2010-07-11 06:00:00,0.3369333333333333,0.7125345984126983,-0.375601265079365,0.375601265079365
2010-07-11 07:00:00,0.5106666666666667,0.6202453866666667,-0.10957872000000002,0.10957872000000002
2010-07-11 08:00:00,0.4597333333333333,0.996670858073715,-0.5369375247403817,0.5369375247403817
2010-07-11 09:00:00,1.5354333333333334,0.9697565066666667,0.5656768266666667,0.5656768266666667
2010-07-11 10:00:00,1.4741333333333333,1.3163039999999997,0.1578293333333336,0.1578293333333336
2010-07-11 11:00:00,0.6861666666666667,1.3953393333333337,-0.709172666666667,0.709172666666667
2010-07-11 12:00:00,0.7594666666666666,0.7948832103401358,-0.035416543673469136,0.035416543673469136
2010-07-11 13:00:00,0.4771,1.2487538133333334,-0.7716538133333333,0.7716538133333333
2010-07-11 14:00:00,0.5211333333333333,1.029975698503402,-0.5088423651700688,0.5088423651700688
2010-07-11 15:00:00,0.6413,1.039638845170068,-0.398338845170068,0.398338845170068
2010-07-11 16:00:00,0.6000666666666666,1.0600385290527394,-0.4599718623860728,0.4599718623860728
2010-07-11 17:00:00,0.7756000000000001,0.992257217777778,-0.2166572177777779,0.2166572177777779
2010-07-11 18:00:00,1.9487333333333328,1.4477371917948718,0.500996141538461,0.500996141538461
2010-07-11 19:00:00,0.6913666666666667,1.6640479999999993,-0.9726813333333326,0.9726813333333326
2010-07-11 20:00:00,0.9413666666666668,1.2032265199999994,-0.2618598533333326,0.2618598533333326
2010-07-11 21:00:00,1.7915,1.3064126133333338,0.4850873866666663,0.4850873866666663
2010-07-11 22:00:00,2.5947666666666667,1.2460673333333336,1.348699333333333,1.348699333333333
2010-07-11 23:00:00,1.1005333333333334,1.4767150000000004,-0.3761816666666671,0.3761816666666671
2010-07-12 00:00:00,0.3849,0.5741615733333333,-0.18926157333333327,0.18926157333333327
2010-07-12 01:00:00,0.4687333333333333,0.3690683333333331,0.09966500000000017,0.09966500000000017
2010-07-12 02:00:00,0.3410666666666666,0.4959316666666666,-0.15486500000000003,0.15486500000000003
2010-07-12 03:00:00,0.3625333333333333,0.42505526151399997,-0.06252192818066665,0.06252192818066665
2010-07-12 04:00:00,0.3721333333333333,0.4430249999999999,-0.07089166666666658,0.07089166666666658
2010-07-12 05:00:00,0.5445,0.8739950000000003,-0.3294950000000003,0.3294950000000003
2010-07-12 06:00:00,0.8365333333333334,1.3519134666666668,-0.5153801333333334,0.5153801333333334
2010-07-12 07:00:00,0.9442333333333334,1.1618759291346648,-0.21764259580133138,0.21764259580133138
2010-07-12 08:00:00,0.6023999999999999,1.0816393333333336,-0.4792393333333337,0.4792393333333337
2010-07-12 09:00:00,0.7591666666666667,0.7520790622222226,0.007087604444444007,0.007087604444444007
2010-07-12 10:00:00,0.6285333333333334,0.7316147511111109,-0.10308141777777746,0.10308141777777746
2010-07-12 11:00:00,0.7223,0.7004320400000001,0.02186795999999991,0.02186795999999991
2010-07-12 12:00:00,0.6212666666666667,0.7327890133333331,-0.11152234666666638,0.11152234666666638
2010-07-12 13:00:00,0.5216333333333333,0.7118864266666667,-0.1902530933333334,0.1902530933333334
2010-07-12 14:00:00,0.5429333333333334,0.7257566666666665,-0.18282333333333312,0.18282333333333312
2010-07-12 15:00:00,0.3530333333333333,0.7714397777777781,-0.41840644444444475,0.41840644444444475
2010-07-12 16:00:00,1.1606999999999998,0.754561666666667,0.4061383333333328,0.4061383333333328
2010-07-12 17:00:00,0.6884333333333333,1.0037449491525419,-0.3153116158192085,0.3153116158192085
2010-07-12 18:00:00,0.5361999999999999,1.6111346133333324,-1.0749346133333324,1.0749346133333324
2010-07-12 19:00:00,1.5040666666666669,1.4073083333333332,0.09675833333333372,0.09675833333333372
2010-07-12 20:00:00,1.9975666666666667,1.8195543383050847,0.17801232836158198,0.17801232836158198
2010-07-12 21:00:00,1.8635666666666668,1.3673430000000002,0.4962236666666666,0.4962236666666666
2010-07-12 22:00:00,0.6359333333333334,1.0399153333333333,-0.40398199999999995,0.40398199999999995
2010-07-12 23:00:00,0.3786,0.5032483333333332,-0.1246483333333332,0.1246483333333332
2010-07-13 00:00:00,0.4357666666666667,0.3690263157894734,0.06674035087719327,0.06674035087719327
2010-07-13 01:00:00,0.3301666666666666,0.46947333333333313,-0.13930666666666652,0.13930666666666652
2010-07-13 02:00:00,0.3643,0.38331594736842084,-0.019015947368420827,0.019015947368420827
2010-07-13 03:00:00,0.4013,0.39053531578947387,0.010764684210526121,0.010764684210526121
2010-07-13 04:00:00,0.3899666666666667,0.5723196666666667,-0.182353,0.182353
2010-07-13 05:00:00,0.3924666666666666,0.8177886444444447,-0.4253219777777781,0.4253219777777781
2010-07-13 06:00:00,1.143333333333333,1.024556506666666,0.11877682666666711,0.11877682666666711
2010-07-13 07:00:00,1.6144333333333334,1.5316143333333343,0.08281899999999909,0.08281899999999909
2010-07-13 08:00:00,1.7105333333333337,1.3211819999999996,0.38935133333333405,0.38935133333333405
2010-07-13 09:00:00,0.6229333333333333,1.0734290000000004,-0.45049566666666707,0.45049566666666707
2010-07-13 10:00:00,0.6011333333333333,0.6346154888888893,-0.033482155555556004,0.033482155555556004
2010-07-13 11:00:00,0.5738666666666667,0.6984827333333337,-0.12461606666666691,0.12461606666666691
2010-07-13 12:00:00,1.4215000000000002,0.6070536666666668,0.8144463333333334,0.8144463333333334
2010-07-13 13:00:00,1.7366666666666668,1.0605313333333335,0.6761353333333333,0.6761353333333333
2010-07-13 14:00:00,1.0986,1.2262727111111114,-0.12767271111111134,0.12767271111111134
2010-07-13 15:00:00,0.4931333333333333,1.14834829478458,-0.6552149614512467,0.6552149614512467
2010-07-13 16:00:00,0.4898666666666667,0.6402220000000001,-0.1503553333333334,0.1503553333333334
2010-07-13 17:00:00,1.0689666666666668,0.9667206321839085,0.10224603448275837,0.10224603448275837
2010-07-13 18:00:00,1.3580666666666663,1.7419532131135533,-0.383886546446887,0.383886546446887
2010-07-13 19:00:00,1.5689,1.7253450888888884,-0.15644508888888842,0.15644508888888842
2010-07-13 20:00:00,2.114333333333333,1.625085999999999,0.48924733333333426,0.48924733333333426
2010-07-13 21:00:00,1.8494666666666668,1.5685636666666662,0.28090300000000057,0.28090300000000057
2010-07-13 22:00:00,0.8769333333333333,0.7758286666666665,0.10110466666666684,0.10110466666666684
2010-07-13 23:00:00,0.4971666666666666,0.48891866666666645,0.008248000000000144,0.008248000000000144
2010-07-14 00:00:00,0.6503,0.48517214666666675,0.16512785333333324,0.16512785333333324
2010-07-14 01:00:00,0.4663,0.5121541200000002,-0.045854120000000165,0.045854120000000165
2010-07-14 02:00:00,0.3532333333333333,0.45543300000000003,-0.10219966666666674,0.10219966666666674
2010-07-14 03:00:00,0.3952666666666667,0.41110529824561387,-0.01583863157894716,0.01583863157894716
2010-07-14 04:00:00,0.3802666666666666,0.4600502444444443,-0.07978357777777773,0.07978357777777773
2010-07-14 05:00:00,0.4553,0.9980076666666668,-0.5427076666666668,0.5427076666666668
2010-07-14 06:00:00,0.9360666666666668,1.349446000000001,-0.4133793333333342,0.4133793333333342
2010-07-14 07:00:00,0.6037,1.001866977777778,-0.398166977777778,0.398166977777778
2010-07-14 08:00:00,0.5776333333333333,0.9061776266666665,-0.3285442933333331,0.3285442933333331
2010-07-14 09:00:00,0.4976333333333333,0.8100149111111112,-0.3123815777777779,0.3123815777777779
2010-07-14 10:00:00,1.0361333333333334,0.8399175333333336,0.19621579999999972,0.19621579999999972
2010-07-14 11:00:00,1.1338,1.1985583511111109,-0.06475835111111095,0.06475835111111095
2010-07-14 12:00:00,1.2403333333333333,1.1540674888888882,0.08626584444444507,0.08626584444444507
2010-07-14 13:00:00,1.4386666666666663,1.1793262222222218,0.2593404444444445,0.2593404444444445
2010-07-14 14:00:00,1.0747666666666666,1.448710311111111,-0.3739436444444444,0.3739436444444444
2010-07-14 15:00:00,0.525,0.9878667999999995,-0.46286679999999947,0.46286679999999947
2010-07-14 16:00:00,0.4873333333333333,0.7849016666666665,-0.2975683333333332,0.2975683333333332
2010-07-14 17:00:00,0.5254,1.0524574588505746,-0.5270574588505746,0.5270574588505746
2010-07-14 18:00:00,0.7665666666666666,1.0053082400000006,-0.238741573333334,0.238741573333334
2010-07-14 19:00:00,0.9316333333333332,1.186767666666667,-0.2551343333333339,0.2551343333333339
2010-07-14 20:00:00,2.280733333333333,1.376959666666667,0.903773666666666,0.903773666666666
2010-07-14 21:00:00,3.1088666666666667,1.480952666666667,1.6279139999999996,1.6279139999999996
2010-07-14 22:00:00,3.1291,1.322606666666668,1.8064933333333322,1.8064933333333322
2010-07-14 23:00:00,2.553166666666667,1.6775729999999998,0.875593666666667,0.875593666666667
2010-07-15 00:00:00,1.3841333333333334,1.2586079012001654,0.12552543213316802,0.12552543213316802
2010-07-15 01:00:00,1.2592333333333334,1.2948796190476195,-0.035646285714286075,0.035646285714286075
2010-07-15 02:00:00,0.8019333333333333,1.1756065257142858,-0.37367319238095253,0.37367319238095253
2010-07-15 03:00:00,0.8353666666666667,0.6642999733333332,0.17106669333333346,0.17106669333333346
2010-07-15 04:00:00,0.7728,0.7330013333333327,0.039798666666667315,0.039798666666667315
2010-07-15 05:00:00,0.8113333333333334,1.34931769298515,-0.5379843596518167,0.5379843596518167
2010-07-15 06:00:00,0.8101333333333333,1.5354213866666668,-0.7252880533333336,0.7252880533333336
2010-07-15 07:00:00,1.2321666666666669,1.169555333333333,0.0626113333333338,0.0626113333333338
2010-07-15 08:00:00,1.9920666666666669,1.5496751999999996,0.4423914666666673,0.4423914666666673
2010-07-15 09:00:00,1.102666666666667,1.447759333333333,-0.34509266666666605,0.34509266666666605
2010-07-15 10:00:00,1.1862,1.1188295999999998,0.06737040000000016,0.06737040000000016
2010-07-15 11:00:00,0.5487666666666667,1.2925804222222217,-0.743813755555555,0.743813755555555
2010-07-15 12:00:00,0.5031,0.6265236666666667,-0.12342366666666671,0.12342366666666671
2010-07-15 13:00:00,0.8797627118644068,0.7067456666666669,0.17301704519773986,0.17301704519773986
2010-07-15 14:00:00,1.8799,0.8060709777777773,1.0738290222222227,1.0738290222222227
2010-07-15 15:00:00,1.1059,1.3884189999999998,-0.28251899999999974,0.28251899999999974
2010-07-15 16:00:00,0.5337,0.7083118691525425,-0.17461186915254256,0.17461186915254256
2010-07-15 17:00:00,0.5462,0.9081745287356319,-0.36197452873563185,0.36197452873563185
2010-07-15 18:00:00,0.5149666666666667,1.0678556666666663,-0.5528889999999996,0.5528889999999996
2010-07-15 19:00:00,0.5238333333333334,1.0786518390804596,-0.5548185057471262,0.5548185057471262
2010-07-15 20:00:00,1.7314,0.8627249999999997,0.8686750000000003,0.8686750000000003
2010-07-15 21:00:00,2.3951333333333333,1.2379336666666663,1.157199666666667,1.157199666666667
2010-07-15 22:00:00,1.3301666666666667,1.268284666666667,0.06188199999999977,0.06188199999999977
2010-07-15 23:00:00,0.7512000000000001,0.7356670000000004,0.015532999999999686,0.015532999999999686
2010-07-16 00:00:00,0.5985333333333334,0.6055963333333336,-0.0070630000000002635,0.0070630000000002635
2010-07-16 01:00:00,0.397,0.48846824,-0.09146823999999998,0.09146823999999998
2010-07-16 02:00:00,0.4656666666666667,0.3646200000000001,0.10104666666666656,0.10104666666666656
2010-07-16 03:00:00,0.3307666666666666,0.5219819599999997,-0.19121529333333315,0.19121529333333315
2010-07-16 04:00:00,0.2789,0.3866506666666667,-0.10775066666666672,0.10775066666666672
2010-07-16 05:00:00,0.3541999999999999,0.8317716666666667,-0.4775716666666668,0.4775716666666668
2010-07-16 06:00:00,0.2783666666666667,1.1733548813559318,-0.8949882146892651,0.8949882146892651
2010-07-16 07:00:00,0.7949333333333333,0.9385166666666666,-0.14358333333333329,0.14358333333333329
2010-07-16 08:00:00,0.7357333333333334,0.855917666666667,-0.12018433333333367,0.12018433333333367
2010-07-16 09:00:00,0.5718,0.6563649999999996,-0.08456499999999967,0.08456499999999967
2010-07-16 10:00:00,0.3018333333333333,0.8820256133333331,-0.5801922799999998,0.5801922799999998
2010-07-16 11:00:00,0.3291,0.3771053333333333,-0.04800533333333329,0.04800533333333329
2010-07-16 12:00:00,0.632,0.38934200000000013,0.24265799999999987,0.24265799999999987
2010-07-16 13:00:00,0.6921,0.8085303066666667,-0.11643030666666665,0.11643030666666665
2010-07-16 14:00:00,1.3842,0.8082249999999999,0.5759750000000002,0.5759750000000002
2010-07-16 15:00:00,0.5669333333333333,0.8850420000000002,-0.31810866666666693,0.31810866666666693
2010-07-16 16:00:00,0.3144666666666666,0.838220147392291,-0.5237534807256243,0.5237534807256243
2010-07-16 17:00:00,0.2937333333333333,0.678164333333333,-0.38443099999999975,0.38443099999999975
2010-07-16 18:00:00,0.3465666666666667,0.8569822146892656,-0.5104155480225989,0.5104155480225989
2010-07-16 19:00:00,0.2785,0.6833754888888888,-0.40487548888888875,0.40487548888888875
2010-07-16 20:00:00,0.9086,0.4909881129943502,0.4176118870056498,0.4176118870056498
2010-07-16 21:00:00,1.1646,1.1054443066666666,0.05915569333333348,0.05915569333333348
2010-07-16 22:00:00,0.8978666666666667,1.1034009327700967,-0.20553426610342995,0.20553426610342995
2010-07-16 23:00:00,0.8313,0.7249359226420888,0.1063640773579112,0.1063640773579112
2010-07-17 00:00:00,1.0189333333333337,0.7717270975422431,0.24720623579109058,0.24720623579109058
2010-07-17 01:00:00,1.0147,1.0751043546543777,-0.06040435465437777,0.06040435465437777
2010-07-17 02:00:00,0.3171,0.40498708000000017,-0.08788708000000017,0.08788708000000017
2010-07-17 03:00:00,0.3345,0.4112453333333334,-0.07674533333333339,0.07674533333333339
2010-07-17 04:00:00,0.3041999999999999,0.40453933333333325,-0.10033933333333334,0.10033933333333334
2010-07-17 05:00:00,0.3211333333333333,0.4630640533333334,-0.14193072000000007,0.14193072000000007
2010-07-17 06:00:00,0.3117666666666666,0.685805666666667,-0.3740390000000004,0.3740390000000004
2010-07-17 07:00:00,0.4137,0.6941633333333331,-0.2804633333333331,0.2804633333333331
2010-07-17 08:00:00,1.3840666666666666,0.8404153333333331,0.5436513333333335,0.5436513333333335
2010-07-17 09:00:00,1.3928666666666667,1.182331333333333,0.21053533333333374,0.21053533333333374
2010-07-17 10:00:00,0.3967,1.0443449999999994,-0.6476449999999994,0.6476449999999994
2010-07-17 11:00:00,0.3141,0.5364746666666667,-0.22237466666666666,0.22237466666666666
2010-07-17 12:00:00,0.2503333333333333,0.43416066666666664,-0.18382733333333334,0.18382733333333334
2010-07-17 13:00:00,0.3024333333333333,0.4882149999999998,-0.1857816666666665,0.1857816666666665
2010-07-17 14:00:00,0.2978666666666666,0.35789800000000016,-0.06003133333333355,0.06003133333333355
2010-07-17 15:00:00,0.3201666666666666,0.3859963333333333,-0.06582966666666668,0.06582966666666668
2010-07-17 16:00:00,0.2940666666666666,0.6566473333333335,-0.3625806666666669,0.3625806666666669
2010-07-17 17:00:00,0.3039666666666666,0.5355416666666667,-0.2315750000000001,0.2315750000000001
2010-07-17 18:00:00,0.3233,0.4626873333333334,-0.13938733333333342,0.13938733333333342
2010-07-17 19:00:00,1.0122666666666666,0.5166705777777784,0.4955960888888883,0.4955960888888883
2010-07-17 20:00:00,0.6904333333333333,0.5389051866666668,0.15152814666666659,0.15152814666666659
2010-07-17 21:00:00,0.7294,1.0730154228981055,-0.3436154228981054,0.3436154228981054
2010-07-17 22:00:00,0.5599000000000001,0.7665300020788527,-0.20663000207885263,0.20663000207885263
2010-07-17 23:00:00,0.4363,0.5549933333333334,-0.11869333333333343,0.11869333333333343
2010-07-18 00:00:00,0.4003666666666666,0.5034318630312341,-0.10306519636456751,0.10306519636456751
2010-07-18 01:00:00,0.332,0.42895599999999995,-0.09695599999999993,0.09695599999999993
2010-07-18 02:00:00,0.5937333333333333,0.43601833333333334,0.157715,0.157715
2010-07-18 03:00:00,0.2168666666666666,0.5501371466666666,-0.33327048,0.33327048
2010-07-18 04:00:00,0.316,0.5241936666666667,-0.20819366666666667,0.20819366666666667
2010-07-18 05:00:00,0.2955666666666667,0.41867033333333337,-0.12310366666666667,0.12310366666666667
2010-07-18 06:00:00,1.1619666666666668,0.475829,0.6861376666666668,0.6861376666666668
2010-07-18 07:00:00,0.3011666666666667,0.7959360282485869,-0.4947693615819202,0.4947693615819202
2010-07-18 08:00:00,0.3121666666666666,0.4780953333333332,-0.1659286666666666,0.1659286666666666
2010-07-18 09:00:00,0.2396333333333333,0.4620086666666667,-0.22237533333333337,0.22237533333333337
2010-07-18 10:00:00,0.2851333333333333,0.43260133333333317,-0.14746799999999988,0.14746799999999988
2010-07-18 11:00:00,0.3173666666666667,0.38805500000000004,-0.07068833333333335,0.07068833333333335
2010-07-18 12:00:00,0.2658,0.30080199999999985,-0.03500199999999987,0.03500199999999987
2010-07-18 13:00:00,0.3264333333333333,0.39801033333333313,-0.07157699999999984,0.07157699999999984
2010-07-18 14:00:00,0.2299,0.3455264802259886,-0.11562648022598859,0.11562648022598859
2010-07-18 15:00:00,0.2944666666666666,0.38365966666666657,-0.08919299999999997,0.08919299999999997
2010-07-18 16:00:00,0.2893,0.5198026666666664,-0.2305026666666664,0.2305026666666664
2010-07-18 17:00:00,0.9191,0.44453866666666625,0.4745613333333338,0.4745613333333338
2010-07-18 18:00:00,1.2330666666666663,1.1959488871794874,0.03711777948717887,0.03711777948717887
2010-07-18 19:00:00,1.1449333333333334,1.104445333333333,0.0404880000000003,0.0404880000000003
2010-07-18 20:00:00,1.0483,1.1905649866666668,-0.14226498666666676,0.14226498666666676
2010-07-18 21:00:00,1.0921666666666667,1.14878164,-0.05661497333333321,0.05661497333333321
2010-07-18 22:00:00,1.4822333333333333,0.9058303333333333,0.576403,0.576403
2010-07-18 23:00:00,0.3711,1.2372541511111104,-0.8661541511111104,0.8661541511111104
2010-07-19 00:00:00,0.2751666666666666,0.33266133333333314,-0.05749466666666653,0.05749466666666653
2010-07-19 01:00:00,0.2828666666666667,0.33983233333333307,-0.05696566666666636,0.05696566666666636
2010-07-19 02:00:00,0.2887333333333333,0.28519466666666665,0.0035386666666666344,0.0035386666666666344
2010-07-19 03:00:00,0.3172666666666667,0.32739666666666667,-0.010129999999999972,0.010129999999999972
2010-07-19 04:00:00,0.3062666666666667,0.4544510000000001,-0.14818433333333342,0.14818433333333342
2010-07-19 05:00:00,0.9814666666666666,0.4888613333333333,0.4926053333333333,0.4926053333333333
2010-07-19 06:00:00,0.5998666666666667,0.7717313333333332,-0.17186466666666655,0.17186466666666655
2010-07-19 07:00:00,0.2998,0.9308892933333334,-0.6310892933333334,0.6310892933333334
2010-07-19 08:00:00,0.3009333333333333,0.4950780284178186,-0.19414469508448534,0.19414469508448534
2010-07-19 09:00:00,0.3492666666666666,0.388126,-0.03885933333333341,0.03885933333333341
2010-07-19 10:00:00,0.3242,0.43708342528735633,-0.11288342528735634,0.11288342528735634
2010-07-19 11:00:00,0.21,0.32542066666666664,-0.11542066666666664,0.11542066666666664
2010-07-19 12:00:00,0.3910333333333333,0.3674053333333333,0.023627999999999982,0.023627999999999982
2010-07-19 13:00:00,0.3463666666666666,0.4372076666666669,-0.09084100000000028,0.09084100000000028
2010-07-19 14:00:00,0.5119,0.44306118390804594,0.06883881609195408,0.06883881609195408
2010-07-19 15:00:00,0.409,0.6421173333333335,-0.23311733333333357,0.23311733333333357
2010-07-19 16:00:00,1.0613,0.7835300000000004,0.2777699999999995,0.2777699999999995
2010-07-19 17:00:00,1.3475,0.7360963333333334,0.6114036666666666,0.6114036666666666
2010-07-19 18:00:00,1.4029999999999998,1.327674666666666,0.07532533333333391,0.07532533333333391
2010-07-19 19:00:00,0.3713333333333333,1.050027333333333,-0.6786939999999997,0.6786939999999997
2010-07-19 20:00:00,0.3825,0.764054666666666,-0.381554666666666,0.381554666666666
2010-07-19 21:00:00,1.2311,0.5850380000000001,0.646062,0.646062
2010-07-19 22:00:00,0.9906666666666666,1.2552356666666664,-0.26456899999999983,0.26456899999999983
2010-07-19 23:00:00,0.4338666666666667,0.6802093066666666,-0.2463426399999999,0.2463426399999999
2010-07-20 00:00:00,0.3684333333333333,0.42113599999999984,-0.052702666666666564,0.052702666666666564
2010-07-20 01:00:00,0.4647666666666666,0.4034526666666667,0.061313999999999924,0.061313999999999924
2010-07-20 02:00:00,0.6963333333333334,0.5019170000000001,0.1944163333333333,0.1944163333333333
2010-07-20 03:00:00,0.3470333333333333,0.6185307199999999,-0.27149738666666656,0.27149738666666656
2010-07-20 04:00:00,0.4330333333333333,0.3875483333333334,0.04548499999999994,0.04548499999999994
2010-07-20 05:00:00,1.0626,0.6764741555555552,0.38612584444444475,0.38612584444444475
2010-07-20 06:00:00,0.3312,1.0742753999999999,-0.7430753999999999,0.7430753999999999
2010-07-20 07:00:00,0.3331333333333333,0.5673236666666667,-0.2341903333333334,0.2341903333333334
2010-07-20 08:00:00,0.3535666666666666,0.5390026666666671,-0.1854360000000005,0.1854360000000005
2010-07-20 09:00:00,1.1478,0.6285302444444444,0.5192697555555555,0.5192697555555555
2010-07-20 10:00:00,0.7602333333333333,0.8958018983050846,-0.1355685649717513,0.1355685649717513
2010-07-20 11:00:00,0.3365,0.4685133333333335,-0.13201333333333348,0.13201333333333348
2010-07-20 12:00:00,0.3436666666666667,0.3884216666666665,-0.04475499999999982,0.04475499999999982
2010-07-20 13:00:00,0.3074,0.3557755777777777,-0.04837557777777768,0.04837557777777768
2010-07-20 14:00:00,0.3230666666666666,0.4003819999999999,-0.07731533333333329,0.07731533333333329
2010-07-20 15:00:00,0.2845333333333333,0.4044860000000003,-0.11995266666666698,0.11995266666666698
2010-07-20 16:00:00,0.4759666666666666,0.4141743333333332,0.061792333333333394,0.061792333333333394
2010-07-20 17:00:00,0.7254333333333334,1.0050073333333343,-0.2795740000000009,0.2795740000000009
2010-07-20 18:00:00,0.6658000000000001,1.11806128,-0.45226128,0.45226128
2010-07-20 19:00:00,1.6181666666666668,0.997955746666666,0.6202109200000008,0.6202109200000008
2010-07-20 20:00:00,0.7579666666666667,1.4988153333333336,-0.7408486666666669,0.7408486666666669
2010-07-20 21:00:00,0.7335333333333334,1.0078306399999999,-0.2742973066666665,0.2742973066666665
2010-07-20 22:00:00,0.9597,0.6636259999999998,0.29607400000000017,0.29607400000000017
2010-07-20 23:00:00,0.7822666666666667,0.84714452,-0.06487785333333329,0.06487785333333329
2010-07-21 00:00:00,0.7374333333333334,0.36755559999999976,0.3698777333333336,0.3698777333333336
2010-07-21 01:00:00,0.3359666666666667,0.39454126666666667,-0.05857459999999998,0.05857459999999998
2010-07-21 02:00:00,0.3116333333333333,0.3191703333333333,-0.00753699999999996,0.00753699999999996
2010-07-21 03:00:00,0.3520333333333333,0.3516173333333334,0.00041599999999991644,0.00041599999999991644
2010-07-21 04:00:00,0.3070333333333333,0.42971615555555576,-0.12268282222222243,0.12268282222222243
2010-07-21 05:00:00,0.3785,0.5503919777777777,-0.1718919777777777,0.1718919777777777
2010-07-21 06:00:00,0.6636333333333333,0.8543943333333337,-0.1907610000000004,0.1907610000000004
2010-07-21 07:00:00,0.8515,1.0707613333333332,-0.2192613333333332,0.2192613333333332
2010-07-21 08:00:00,0.355,0.6954159999999996,-0.3404159999999996,0.3404159999999996
2010-07-21 09:00:00,0.3053666666666667,0.49316104444444464,-0.18779437777777797,0.18779437777777797
2010-07-21 10:00:00,0.3334333333333333,0.38002766666666654,-0.04659433333333324,0.04659433333333324
2010-07-21 11:00:00,0.2865333333333333,0.38927299999999987,-0.10273966666666656,0.10273966666666656
2010-07-21 12:00:00,0.7761333333333333,0.36334433333333344,0.4127889999999999,0.4127889999999999
2010-07-21 13:00:00,0.8655,0.8128599333333335,0.05264006666666654,0.05264006666666654
2010-07-21 14:00:00,0.7487666666666667,0.7182430000000002,0.030523666666666505,0.030523666666666505
2010-07-21 15:00:00,1.2841999999999998,0.8400095200000003,0.4441904799999995,0.4441904799999995
2010-07-21 16:00:00,0.7408666666666667,1.0526293446327681,-0.31176267796610146,0.31176267796610146
2010-07-21 17:00:00,0.3336333333333333,0.6801178266666664,-0.34648449333333314,0.34648449333333314
2010-07-21 18:00:00,0.7568,0.7334468635432669,0.023353136456733092,0.023353136456733092
2010-07-21 19:00:00,1.2741,1.1996650666666664,0.07443493333333362,0.07443493333333362
2010-07-21 20:00:00,0.4762333333333333,1.7745946533333332,-1.29836132,1.29836132
2010-07-21 21:00:00,1.6014000000000002,0.8505167798259085,0.7508832201740917,0.7508832201740917
2010-07-21 22:00:00,2.878133333333333,0.866459493333333,2.01167384,2.01167384
2010-07-21 23:00:00,2.6749333333333336,1.4908165884451865,1.184116744888147,1.184116744888147
2010-07-22 00:00:00,2.1680333333333333,1.5430115231378625,0.6250218101954708,0.6250218101954708
2010-07-22 01:00:00,1.4624666666666668,1.2595553127549792,0.20291135391168758,0.20291135391168758
2010-07-22 02:00:00,1.4041,1.3062459999999998,0.09785400000000011,0.09785400000000011
2010-07-22 03:00:00,1.3682666666666667,1.4021666933333332,-0.03390002666666647,0.03390002666666647
2010-07-22 04:00:00,0.4356,1.4566308933333334,-1.0210308933333334,1.0210308933333334
2010-07-22 05:00:00,0.3667999999999999,0.8664046444444444,-0.4996046444444445,0.4996046444444445
2010-07-22 06:00:00,0.4712333333333333,1.0422702146892653,-0.571036881355932,0.571036881355932
2010-07-22 07:00:00,1.018333333333333,1.1617027644444442,-0.1433694311111111,0.1433694311111111
2010-07-22 08:00:00,0.3619333333333333,0.7596643446327682,-0.39773101129943494,0.39773101129943494
2010-07-22 09:00:00,0.3594333333333333,0.6493750000000001,-0.2899416666666668,0.2899416666666668
2010-07-22 10:00:00,0.3411,0.5366476666666669,-0.19554766666666684,0.19554766666666684
2010-07-22 11:00:00,0.3692,0.40116966666666654,-0.03196966666666656,0.03196966666666656
2010-07-22 12:00:00,0.3661333333333333,0.43430299999999966,-0.06816966666666635,0.06816966666666635
2010-07-22 13:00:00,1.3246,0.39160533333333314,0.9329946666666669,0.9329946666666669
2010-07-22 14:00:00,0.3668333333333333,1.007700677966102,-0.6408673446327686,0.6408673446327686
2010-07-22 15:00:00,0.3762666666666667,0.5551813333333335,-0.17891466666666683,0.17891466666666683
2010-07-22 16:00:00,0.3860333333333333,0.6516820000000001,-0.2656486666666668,0.2656486666666668
2010-07-22 17:00:00,0.3724666666666666,0.9506460000000004,-0.5781793333333338,0.5781793333333338
2010-07-22 18:00:00,0.3748333333333333,1.2253296666666664,-0.8504963333333331,0.8504963333333331
2010-07-22 19:00:00,0.3955666666666666,0.8510378222222222,-0.4554711555555556,0.4554711555555556
2010-07-22 20:00:00,0.9666,0.8019713333333331,0.16462866666666687,0.16462866666666687
2010-07-22 21:00:00,1.1483666666666668,1.2304926428571428,-0.08212597619047601,0.08212597619047601
2010-07-22 22:00:00,0.5283,1.217039666666666,-0.6887396666666661,0.6887396666666661
2010-07-22 23:00:00,0.5345333333333334,0.4742896666666667,0.060243666666666695,0.060243666666666695
2010-07-23 00:00:00,1.2643333333333333,0.5834170000000001,0.6809163333333332,0.6809163333333332
2010-07-23 01:00:00,0.5916666666666667,0.7171820000000001,-0.12551533333333342,0.12551533333333342
2010-07-23 02:00:00,1.2449666666666666,0.5064595322580647,0.7385071344086018,0.7385071344086018
2010-07-23 03:00:00,1.1148,1.2769600728544943,-0.1621600728544943,0.1621600728544943
2010-07-23 04:00:00,0.8448333333333333,1.0320063185560682,-0.18717298522273484,0.18717298522273484
2010-07-23 05:00:00,0.3563,1.0875222888888896,-0.7312222888888895,0.7312222888888895
2010-07-23 06:00:00,0.3832,0.5752162146892656,-0.19201621468926566,0.19201621468926566
2010-07-23 07:00:00,0.7163,0.6349056666666665,0.08139433333333357,0.08139433333333357
2010-07-23 08:00:00,1.4133666666666669,0.9339604133333336,0.4794062533333333,0.4794062533333333
2010-07-23 09:00:00,0.4327333333333333,1.2363069999999994,-0.8035736666666661,0.8035736666666661
2010-07-23 10:00:00,0.3619,0.7170300444444447,-0.35513004444444474,0.35513004444444474
2010-07-23 11:00:00,0.5837666666666668,0.40752100000000013,0.17624566666666663,0.17624566666666663
2010-07-23 12:00:00,0.7842666666666667,0.7806479999999998,0.003618666666666881,0.003618666666666881
2010-07-23 13:00:00,0.4580333333333333,0.9040082222222219,-0.4459748888888886,0.4459748888888886
2010-07-23 14:00:00,0.9314333333333332,0.7571246666666666,0.17430866666666667,0.17430866666666667
2010-07-23 15:00:00,0.5397,0.7137426666666665,-0.17404266666666657,0.17404266666666657
2010-07-23 16:00:00,0.3580666666666667,0.898349706666667,-0.5402830400000003,0.5402830400000003
2010-07-23 17:00:00,0.3792999999999999,0.7661105302099334,-0.38681053020993345,0.38681053020993345
2010-07-23 18:00:00,1.4078666666666666,0.780171530209934,0.6276951364567326,0.6276951364567326
2010-07-23 19:00:00,1.5015666666666665,1.0049873333333332,0.49657933333333326,0.49657933333333326
2010-07-23 20:00:00,1.6510666666666665,1.120611333333333,0.5304553333333335,0.5304553333333335
2010-07-23 21:00:00,0.9489,1.3449432799999996,-0.39604327999999966,0.39604327999999966
2010-07-23 22:00:00,0.7997333333333334,0.6912626666666664,0.10847066666666705,0.10847066666666705
2010-07-23 23:00:00,0.7748666666666666,0.5529743333333333,0.22189233333333325,0.22189233333333325
2010-07-24 00:00:00,0.7538666666666667,0.6175463418228372,0.1363203248438295,0.1363203248438295
2010-07-24 01:00:00,0.4745333333333333,0.6308048415668206,-0.1562715082334873,0.1562715082334873
2010-07-24 02:00:00,0.3524,0.4825096933333335,-0.1301096933333335,0.1301096933333335
2010-07-24 03:00:00,0.3703333333333333,0.4278420000000001,-0.05750866666666682,0.05750866666666682
2010-07-24 04:00:00,0.3556999999999999,0.4570014888888889,-0.10130148888888901,0.10130148888888901
2010-07-24 05:00:00,0.3877666666666667,0.5683073333333335,-0.1805406666666668,0.1805406666666668
2010-07-24 06:00:00,0.9122333333333332,0.748389,0.16384433333333326,0.16384433333333326
2010-07-24 07:00:00,0.5372333333333333,0.6961266666666667,-0.15889333333333333,0.15889333333333333
2010-07-24 08:00:00,0.3776,0.9815247466666664,-0.6039247466666664,0.6039247466666664
2010-07-24 09:00:00,0.3533666666666667,0.7622229999999999,-0.40885633333333316,0.40885633333333316
2010-07-24 10:00:00,0.3634666666666666,0.6148858645673326,-0.251419197900666,0.251419197900666
2010-07-24 11:00:00,0.6535333333333334,0.4681550000000002,0.1853783333333332,0.1853783333333332
2010-07-24 12:00:00,0.7953333333333333,1.07119356,-0.27586022666666665,0.27586022666666665
2010-07-24 13:00:00,0.3424333333333333,1.1106278266666663,-0.7681944933333329,0.7681944933333329
2010-07-24 14:00:00,0.3610333333333333,0.6543033333333337,-0.29327000000000036,0.29327000000000036
2010-07-24 15:00:00,0.3634666666666666,0.6543543333333334,-0.29088766666666677,0.29088766666666677
2010-07-24 16:00:00,0.3762999999999999,0.8091338635432672,-0.4328338635432673,0.4328338635432673
2010-07-24 17:00:00,0.7580333333333333,0.6878116666666668,0.07022166666666652,0.07022166666666652
2010-07-24 18:00:00,0.8834666666666667,0.9283066666666666,-0.04483999999999988,0.04483999999999988
2010-07-24 19:00:00,0.6974,0.6939564,0.003443599999999991,0.003443599999999991
2010-07-24 20:00:00,1.7543,1.0558351829753037,0.6984648170246963,0.6984648170246963
2010-07-24 21:00:00,1.2302666666666666,1.7752981866666664,-0.5450315199999998,0.5450315199999998
2010-07-24 22:00:00,1.1322,1.1880713333333337,-0.055871333333333606,0.055871333333333606
2010-07-24 23:00:00,1.092,0.9236295822529444,0.16837041774705563,0.16837041774705563
2010-07-25 00:00:00,0.9013666666666666,1.1099176966308242,-0.20855102996415753,0.20855102996415753
2010-07-25 01:00:00,0.3519666666666666,0.7590211423860725,-0.40705447571940595,0.40705447571940595
2010-07-25 02:00:00,0.3241333333333333,0.3733739999999999,-0.0492406666666666,0.0492406666666666
2010-07-25 03:00:00,0.3849666666666666,0.4395030000000002,-0.054536333333333575,0.054536333333333575
2010-07-25 04:00:00,0.3683333333333333,0.522448577777778,-0.1541152444444447,0.1541152444444447
2010-07-25 05:00:00,0.8814333333333334,0.4975056666666666,0.3839276666666668,0.3839276666666668
2010-07-25 06:00:00,0.8028333333333334,0.6786500000000002,0.1241833333333332,0.1241833333333332
2010-07-25 07:00:00,0.3766666666666666,0.8173393333333333,-0.4406726666666667,0.4406726666666667
2010-07-25 08:00:00,0.3548666666666667,0.6759076666666666,-0.32104099999999985,0.32104099999999985
2010-07-25 09:00:00,1.3948333333333334,0.6650180000000002,0.7298153333333331,0.7298153333333331
2010-07-25 10:00:00,1.6441333333333332,1.0698403333333335,0.5742929999999997,0.5742929999999997
2010-07-25 11:00:00,1.5775,1.4266096666666672,0.15089033333333268,0.15089033333333268
2010-07-25 12:00:00,0.8530333333333332,1.4822496666666667,-0.6292163333333335,0.6292163333333335
2010-07-25 13:00:00,0.3653333333333333,0.8128860799999997,-0.44755274666666645,0.44755274666666645
2010-07-25 14:00:00,0.3648333333333333,0.5386826666666665,-0.17384933333333324,0.17384933333333324
2010-07-25 15:00:00,0.3855666666666666,0.6575609999999997,-0.2719943333333331,0.2719943333333331
2010-07-25 16:00:00,0.3613333333333333,0.7552313333333331,-0.39389799999999986,0.39389799999999986
2010-07-25 17:00:00,0.3721666666666667,0.7344320000000001,-0.3622653333333334,0.3622653333333334
2010-07-25 18:00:00,0.8781,0.7689058635432667,0.10919413645673326,0.10919413645673326
2010-07-25 19:00:00,0.6794666666666667,1.3611610387088071,-0.6816943720421405,0.6816943720421405
2010-07-25 20:00:00,0.6416666666666667,1.0930953935632177,-0.451428726896551,0.451428726896551
2010-07-25 21:00:00,0.6522666666666667,0.9363639999999996,-0.284097333333333,0.284097333333333
2010-07-25 22:00:00,2.831366666666667,0.7137975455709167,2.11756912109575,2.11756912109575
2010-07-25 23:00:00,0.3406333333333333,1.6120356823014739,-1.2714023489681405,1.2714023489681405
2010-07-26 00:00:00,0.3388,0.3705606666666668,-0.031760666666666826,0.031760666666666826
2010-07-26 01:00:00,0.2787666666666666,0.4001143333333335,-0.12134766666666691,0.12134766666666691
2010-07-26 02:00:00,0.3625666666666667,0.35151866666666665,0.011048000000000058,0.011048000000000058
2010-07-26 03:00:00,0.3076,0.4172889999999998,-0.10968899999999981,0.10968899999999981
2010-07-26 04:00:00,0.3338333333333333,0.37617699999999993,-0.04234366666666661,0.04234366666666661
2010-07-26 05:00:00,0.2578,0.7889145480225987,-0.5311145480225987,0.5311145480225987
2010-07-26 06:00:00,0.3333,0.921878,-0.588578,0.588578
2010-07-26 07:00:00,1.7709,0.8676042146892659,0.9032957853107341,0.9032957853107341
2010-07-26 08:00:00,0.4124333333333333,1.3715665337099818,-0.9591332003766485,0.9591332003766485
2010-07-26 09:00:00,0.7432333333333333,0.6867163333333332,0.05651700000000015,0.05651700000000015
2010-07-26 10:00:00,1.0832333333333333,0.7180786666666665,0.36515466666666674,0.36515466666666674
2010-07-26 11:00:00,0.5131666666666667,1.1087896666666663,-0.5956229999999997,0.5956229999999997
2010-07-26 12:00:00,0.3299666666666666,0.6572861066666669,-0.3273194400000003,0.3273194400000003
2010-07-26 13:00:00,0.3254666666666666,0.39077733333333337,-0.06531066666666674,0.06531066666666674
2010-07-26 14:00:00,0.2957333333333333,0.32758300000000007,-0.031849666666666776,0.031849666666666776
2010-07-26 15:00:00,0.3364,0.3995913333333332,-0.06319133333333321,0.06319133333333321
2010-07-26 16:00:00,0.2747,0.626636666666667,-0.35193666666666695,0.35193666666666695
2010-07-26 17:00:00,0.3483,0.6483826666666667,-0.30008266666666666,0.30008266666666666
2010-07-26 18:00:00,0.2950333333333333,0.8140476666666666,-0.5190143333333332,0.5190143333333332
2010-07-26 19:00:00,0.3242333333333333,0.7153553333333333,-0.391122,0.391122
2010-07-26 20:00:00,1.1442666666666668,0.5367586666666668,0.6075079999999999,0.6075079999999999
2010-07-26 21:00:00,2.091266666666667,1.356011309523809,0.7352553571428577,0.7352553571428577
2010-07-26 22:00:00,1.8942,0.995541,0.8986590000000001,0.8986590000000001
2010-07-26 23:00:00,1.6456333333333333,1.1044553333333331,0.5411780000000002,0.5411780000000002
2010-07-27 00:00:00,1.6177666666666668,1.506919613333333,0.11084705333333389,0.11084705333333389
2010-07-27 01:00:00,0.8101333333333333,1.2291556266666666,-0.4190222933333333,0.4190222933333333
2010-07-27 02:00:00,0.3568333333333333,0.4217086666666666,-0.06487533333333334,0.06487533333333334
2010-07-27 03:00:00,0.2897666666666667,0.38375961239119305,-0.09399294572452638,0.09399294572452638
2010-07-27 04:00:00,0.3115333333333333,0.3378083333333331,-0.026274999999999826,0.026274999999999826
2010-07-27 05:00:00,0.3014,0.6409353333333333,-0.3395353333333333,0.3395353333333333
2010-07-27 06:00:00,0.3202666666666667,1.0788949999999995,-0.7586283333333328,0.7586283333333328
2010-07-27 07:00:00,0.2753333333333333,0.8189303333333335,-0.5435970000000002,0.5435970000000002
2010-07-27 08:00:00,1.1635333333333333,0.630301,0.5332323333333333,0.5332323333333333
2010-07-27 09:00:00,0.7449333333333333,1.0621879604519773,-0.31725462711864394,0.31725462711864394
2010-07-27 10:00:00,0.5313666666666667,0.6374526091954023,-0.1060859425287356,0.1060859425287356
2010-07-27 11:00:00,0.5818333333333334,0.6419896666666667,-0.060156333333333256,0.060156333333333256
2010-07-27 12:00:00,0.4963333333333333,0.7627090000000001,-0.2663756666666668,0.2663756666666668
2010-07-27 13:00:00,0.2895333333333333,0.5994420000000001,-0.30990866666666683,0.30990866666666683
2010-07-27 14:00:00,1.0975666666666666,0.39202299999999984,0.7055436666666668,0.7055436666666668
2010-07-27 15:00:00,0.3030666666666667,0.7691945649717514,-0.4661278983050847,0.4661278983050847
2010-07-27 16:00:00,0.2901666666666667,0.5570679999999999,-0.2669013333333332,0.2669013333333332
2010-07-27 17:00:00,0.3433,0.5329053333333331,-0.18960533333333313,0.18960533333333313
2010-07-27 18:00:00,0.2757666666666666,1.1008006666666672,-0.8250340000000006,0.8250340000000006
2010-07-27 19:00:00,0.3292666666666666,0.5740859999999997,-0.24481933333333306,0.24481933333333306
2010-07-27 20:00:00,0.8642000000000001,0.5349466666666667,0.3292533333333334,0.3292533333333334
2010-07-27 21:00:00,1.2083333333333333,1.0548309999999996,0.15350233333333363,0.15350233333333363
2010-07-27 22:00:00,1.4248,1.1032683333333326,0.32153166666666744,0.32153166666666744
2010-07-27 23:00:00,1.6895666666666669,1.228306333333333,0.4612603333333338,0.4612603333333338
2010-07-28 00:00:00,1.4232,1.4941603066666658,-0.07096030666666575,0.07096030666666575
2010-07-28 01:00:00,0.7068333333333334,0.7921278799999999,-0.08529454666666647,0.08529454666666647
2010-07-28 02:00:00,0.3252,0.3846736666666667,-0.0594736666666667,0.0594736666666667
2010-07-28 03:00:00,0.3022333333333333,0.35249666666666685,-0.05026333333333355,0.05026333333333355
2010-07-28 04:00:00,0.3055,0.38169433333333314,-0.07619433333333314,0.07619433333333314
2010-07-28 05:00:00,0.4513333333333333,0.4547057788018431,-0.003372445468509788,0.003372445468509788
2010-07-28 06:00:00,1.5366666666666666,1.055699,0.4809676666666667,0.4809676666666667
2010-07-28 07:00:00,1.3219,1.3994596666666663,-0.07755966666666625,0.07755966666666625
2010-07-28 08:00:00,1.2511666666666668,1.0983346666666662,0.15283200000000052,0.15283200000000052
2010-07-28 09:00:00,0.2892666666666666,0.7522343333333333,-0.4629676666666667,0.4629676666666667
2010-07-28 10:00:00,0.3096,0.41912033333333343,-0.10952033333333344,0.10952033333333344
2010-07-28 11:00:00,0.3046,0.3563376666666666,-0.051737666666666626,0.051737666666666626
2010-07-28 12:00:00,0.3201666666666666,0.3752869999999999,-0.05512033333333333,0.05512033333333333
2010-07-28 13:00:00,0.2918333333333333,0.3790426666666666,-0.0872093333333333,0.0872093333333333
2010-07-28 14:00:00,0.3210666666666666,0.413378333333333,-0.0923116666666664,0.0923116666666664
2010-07-28 15:00:00,0.3160666666666666,0.46213533333333373,-0.14606866666666712,0.14606866666666712
2010-07-28 16:00:00,0.2830333333333333,0.554743666666667,-0.27171033333333366,0.27171033333333366
2010-07-28 17:00:00,0.3363,0.6606383333333333,-0.32433833333333334,0.32433833333333334
2010-07-28 18:00:00,0.6348,1.0178573333333334,-0.38305733333333336,0.38305733333333336
2010-07-28 19:00:00,0.7385666666666667,0.8005176666666663,-0.061950999999999645,0.061950999999999645
2010-07-28 20:00:00,0.2951333333333333,0.8426809999999999,-0.5475476666666665,0.5475476666666665
2010-07-28 21:00:00,0.3436,0.5095346666666667,-0.16593466666666667,0.16593466666666667
2010-07-28 22:00:00,0.2799333333333333,0.3859089999999998,-0.10597566666666647,0.10597566666666647
2010-07-28 23:00:00,0.3317,0.465469,-0.13376900000000003,0.13376900000000003
2010-07-29 00:00:00,0.3173666666666667,0.37275099999999994,-0.05538433333333326,0.05538433333333326
2010-07-29 01:00:00,0.2972666666666666,0.3457026666666666,-0.04843599999999998,0.04843599999999998
2010-07-29 02:00:00,0.3265333333333333,0.3196519999999998,0.006881333333333461,0.006881333333333461
2010-07-29 03:00:00,0.2993333333333333,0.45503333333333323,-0.15569999999999995,0.15569999999999995
2010-07-29 04:00:00,0.3222333333333333,0.5093947333333332,-0.18716139999999987,0.18716139999999987
2010-07-29 05:00:00,0.2748666666666667,0.5404165777777777,-0.26554991111111104,0.26554991111111104
2010-07-29 06:00:00,1.234033333333333,0.5574943333333338,0.6765389999999993,0.6765389999999993
2010-07-29 07:00:00,0.2946333333333333,0.8387696158192084,-0.5441362824858751,0.5441362824858751
2010-07-29 08:00:00,0.3245333333333333,0.6666374358974362,-0.3421041025641029,0.3421041025641029
2010-07-29 09:00:00,0.2707666666666667,0.47888300000000017,-0.20811633333333346,0.20811633333333346
2010-07-29 10:00:00,0.2760333333333333,0.37895797311827956,-0.10292463978494626,0.10292463978494626
2010-07-29 11:00:00,0.2986666666666667,0.3929835560675883,-0.09431688940092159,0.09431688940092159
2010-07-29 12:00:00,0.3164666666666667,0.34895661136712747,-0.03248994470046079,0.03248994470046079
2010-07-29 13:00:00,0.3056,0.31817877777777764,-0.012578777777777661,0.012578777777777661
2010-07-29 14:00:00,0.2859666666666667,0.40258766666666657,-0.11662099999999986,0.11662099999999986
2010-07-29 15:00:00,0.3366666666666666,0.3605999999999998,-0.023933333333333195,0.023933333333333195
2010-07-29 16:00:00,0.2716333333333333,0.6485701468926557,-0.3769368135593224,0.3769368135593224
2010-07-29 17:00:00,0.45,0.5073366666666664,-0.057336666666666425,0.057336666666666425
2010-07-29 18:00:00,1.0928666666666669,0.9652536666666671,0.12761299999999975,0.12761299999999975
2010-07-29 19:00:00,0.3196333333333333,0.6770582824858755,-0.3574249491525422,0.3574249491525422
2010-07-29 20:00:00,0.2858,0.493974,-0.20817400000000003,0.20817400000000003
2010-07-29 21:00:00,0.3333666666666666,0.3654533333333333,-0.03208666666666671,0.03208666666666671
2010-07-29 22:00:00,0.2857666666666666,0.3517386666666667,-0.06597200000000009,0.06597200000000009
2010-07-29 23:00:00,0.3081,0.33816452816180237,-0.030064528161802384,0.030064528161802384
2010-07-30 00:00:00,0.3189333333333333,0.3059699999999998,0.012963333333333493,0.012963333333333493
2010-07-30 01:00:00,0.291,0.3121713333333333,-0.02117133333333332,0.02117133333333332
2010-07-30 02:00:00,0.3068,0.3144976666666665,-0.007697666666666492,0.007697666666666492
2010-07-30 03:00:00,0.3015,0.484755,-0.183255,0.183255
2010-07-30 04:00:00,0.3122999999999999,0.5294869111111109,-0.217186911111111,0.217186911111111
2010-07-30 05:00:00,0.3608666666666666,0.48176033333333323,-0.12089366666666662,0.12089366666666662
2010-07-30 06:00:00,1.1503,0.69061344546851,0.4596865545314901,0.4596865545314901
2010-07-30 07:00:00,0.4764333333333334,0.7202317743879473,-0.2437984410546139,0.2437984410546139
2010-07-30 08:00:00,0.3246666666666666,0.624166,-0.2994993333333334,0.2994993333333334
2010-07-30 09:00:00,0.2971,0.5767606666666667,-0.2796606666666667,0.2796606666666667
2010-07-30 10:00:00,0.3067,0.49983844495647717,-0.1931384449564772,0.1931384449564772
2010-07-30 11:00:00,0.2814333333333333,0.3274116666666666,-0.04597833333333329,0.04597833333333329
2010-07-30 12:00:00,0.2663,0.36259966666666654,-0.09629966666666656,0.09629966666666656
2010-07-30 13:00:00,0.2794999999999999,0.4295143612391192,-0.15001436123911926,0.15001436123911926
2010-07-30 14:00:00,0.3027333333333333,0.4295369999999999,-0.1268036666666666,0.1268036666666666
2010-07-30 15:00:00,0.3171666666666667,0.4183869999999999,-0.10122033333333319,0.10122033333333319
2010-07-30 16:00:00,1.2049666666666667,0.739659333333334,0.46530733333333274,0.46530733333333274
2010-07-30 17:00:00,0.3151666666666666,0.6455186158192088,-0.3303519491525422,0.3303519491525422
2010-07-30 18:00:00,0.2896333333333333,0.47556700000000013,-0.18593366666666683,0.18593366666666683
2010-07-30 19:00:00,0.2808,0.5855443333333331,-0.3047443333333331,0.3047443333333331
2010-07-30 20:00:00,0.2802,0.41895266666666653,-0.13875266666666652,0.13875266666666652
2010-07-30 21:00:00,0.3384999999999999,0.3809626666666667,-0.042462666666666815,0.042462666666666815
2010-07-30 22:00:00,0.2765666666666667,0.3827286666666669,-0.1061620000000002,0.1061620000000002
2010-07-30 23:00:00,0.3157333333333333,0.35982902790578586,-0.04409569457245255,0.04409569457245255
2010-07-31 00:00:00,0.3018333333333333,0.28929733333333335,0.012535999999999936,0.012535999999999936
2010-07-31 01:00:00,0.3086666666666666,0.37198733333333345,-0.06332066666666686,0.06332066666666686
2010-07-31 02:00:00,0.2885666666666667,0.3000319999999999,-0.011465333333333216,0.011465333333333216
2010-07-31 03:00:00,0.5586666666666668,0.3315813333333334,0.22708533333333336,0.22708533333333336
2010-07-31 04:00:00,1.0050333333333332,0.7066069333333336,0.29842639999999965,0.29842639999999965
2010-07-31 05:00:00,0.314,0.43265261581920905,-0.11865261581920905,0.11865261581920905
2010-07-31 06:00:00,0.3315333333333333,0.5044453333333335,-0.17291200000000023,0.17291200000000023
2010-07-31 07:00:00,0.2846333333333333,0.6985993333333335,-0.41396600000000017,0.41396600000000017
2010-07-31 08:00:00,0.2968666666666666,0.4463840000000001,-0.1495173333333335,0.1495173333333335
2010-07-31 09:00:00,0.2606333333333333,0.4270146666666663,-0.16638133333333305,0.16638133333333305
2010-07-31 10:00:00,0.3007,0.4455921116231437,-0.1448921116231437,0.1448921116231437
2010-07-31 11:00:00,0.284,0.3976629999999997,-0.11366299999999974,0.11366299999999974
2010-07-31 12:00:00,0.3337,0.39701999999999993,-0.06331999999999993,0.06331999999999993
2010-07-31 13:00:00,0.2824,0.38701966666666654,-0.10461966666666656,0.10461966666666656
2010-07-31 14:00:00,0.3185333333333334,0.37462300000000004,-0.05608966666666665,0.05608966666666665
2010-07-31 15:00:00,0.6855666666666667,0.5124523333333335,0.17311433333333315,0.17311433333333315
2010-07-31 16:00:00,0.9024333333333332,0.8117706799999996,0.09066265333333356,0.09066265333333356
2010-07-31 17:00:00,0.2888666666666666,0.550117666666667,-0.26125100000000034,0.26125100000000034
2010-07-31 18:00:00,0.3428,0.541279333333333,-0.198479333333333,0.198479333333333
2010-07-31 19:00:00,0.3109666666666666,0.5467143333333335,-0.2357476666666669,0.2357476666666669
2010-07-31 20:00:00,0.2978666666666666,0.38941,-0.09154333333333337,0.09154333333333337
2010-07-31 21:00:00,0.3373333333333334,0.39828066666666667,-0.0609473333333333,0.0609473333333333
2010-07-31 22:00:00,0.2922666666666667,0.35711100000000007,-0.06484433333333339,0.06484433333333339
2010-07-31 23:00:00,0.3170666666666666,0.4107736666666668,-0.0937070000000002,0.0937070000000002
2010-08-01 00:00:00,0.2928333333333333,0.288334,0.0044993333333333,0.0044993333333333
2010-08-01 01:00:00,0.3350666666666667,0.34341600000000005,-0.008349333333333375,0.008349333333333375
2010-08-01 02:00:00,0.2641666666666666,0.3197023333333332,-0.055535666666666594,0.055535666666666594
2010-08-01 03:00:00,0.6427333333333334,0.36827066666666686,0.2744626666666665,0.2744626666666665
2010-08-01 04:00:00,0.9396,0.7076763333333332,0.23192366666666675,0.23192366666666675
2010-08-01 05:00:00,0.3158333333333333,0.5960956158192089,-0.2802622824858756,0.2802622824858756
2010-08-01 06:00:00,0.2658,0.37727066666666664,-0.11147066666666666,0.11147066666666666
2010-08-01 07:00:00,0.3033,0.3910256666666668,-0.08772566666666681,0.08772566666666681
2010-08-01 08:00:00,0.3096333333333333,0.3553373333333332,-0.04570399999999991,0.04570399999999991
2010-08-01 09:00:00,0.2906666666666667,0.39247299999999996,-0.10180633333333328,0.10180633333333328
2010-08-01 10:00:00,0.3392666666666667,0.3534823333333332,-0.01421566666666646,0.01421566666666646
2010-08-01 11:00:00,0.2644,0.31609299999999985,-0.05169299999999982,0.05169299999999982
2010-08-01 12:00:00,0.3310333333333333,0.43112966666666674,-0.10009633333333345,0.10009633333333345
2010-08-01 13:00:00,0.2915,0.3172626666666667,-0.02576266666666671,0.02576266666666671
2010-08-01 14:00:00,0.3136666666666666,0.3469036666666668,-0.03323700000000018,0.03323700000000018
2010-08-01 15:00:00,0.6569,0.485108,0.17179200000000006,0.17179200000000006
2010-08-01 16:00:00,0.9184333333333332,0.8576986666666663,0.06073466666666694,0.06073466666666694
2010-08-01 17:00:00,0.3032333333333333,0.49920933333333367,-0.19597600000000037,0.19597600000000037
2010-08-01 18:00:00,0.3121666666666666,0.3156946666666668,-0.0035280000000001976,0.0035280000000001976
2010-08-01 19:00:00,0.3283666666666667,0.39403866666666654,-0.06567199999999984,0.06567199999999984
2010-08-01 20:00:00,0.3054666666666666,0.5557529999999998,-0.2502863333333332,0.2502863333333332
2010-08-01 21:00:00,0.3077,0.35215066666666656,-0.04445066666666658,0.04445066666666658
2010-08-01 22:00:00,0.3122333333333333,0.3133059999999998,-0.0010726666666664997,0.0010726666666664997
2010-08-01 23:00:00,0.3015,0.3496016666666666,-0.0481016666666666,0.0481016666666666
2010-08-02 00:00:00,0.2525333333333333,0.29369766666666647,-0.04116433333333319,0.04116433333333319
2010-08-02 01:00:00,0.3168333333333333,0.3373186666666667,-0.02048533333333341,0.02048533333333341
2010-08-02 02:00:00,0.2770666666666666,0.2916063333333333,-0.014539666666666728,0.014539666666666728
2010-08-02 03:00:00,0.7077333333333333,0.3452253333333332,0.3625080000000001,0.3625080000000001
2010-08-02 04:00:00,0.8600333333333334,0.6959949999999995,0.16403833333333395,0.16403833333333395
2010-08-02 05:00:00,0.3291,0.4405893333333338,-0.11148933333333377,0.11148933333333377
2010-08-02 06:00:00,0.2859,0.33191311213517644,-0.04601311213517645,0.04601311213517645
2010-08-02 07:00:00,0.3164666666666667,0.3255593333333332,-0.009092666666666527,0.009092666666666527
2010-08-02 08:00:00,0.3228333333333333,0.41243769508448547,-0.08960436175115216,0.08960436175115216
2010-08-02 09:00:00,0.2746666666666666,0.4610540000000003,-0.18638733333333368,0.18638733333333368
2010-08-02 10:00:00,0.3393333333333333,0.3811202780337941,-0.04178694470046079,0.04178694470046079
2010-08-02 11:00:00,0.2793333333333334,0.33700914689265526,-0.05767581355932189,0.05767581355932189
2010-08-02 12:00:00,0.3226333333333333,0.3438064444444442,-0.021173111111110865,0.021173111111110865
2010-08-02 13:00:00,0.2917333333333333,0.31889600000000007,-0.02716266666666678,0.02716266666666678
2010-08-02 14:00:00,0.3312333333333333,0.3312244444444443,8.888888889002633e-06,8.888888889002633e-06
2010-08-02 15:00:00,0.7540333333333333,0.6089088135593225,0.14512451977401086,0.14512451977401086
2010-08-02 16:00:00,0.7425333333333334,0.7055153333333335,0.037017999999999884,0.037017999999999884
2010-08-02 17:00:00,0.3167333333333333,0.5412750000000001,-0.22454166666666675,0.22454166666666675
2010-08-02 18:00:00,0.3081666666666666,0.3457431121351766,-0.03757644546851002,0.03757644546851002
2010-08-02 19:00:00,0.3232,0.41276333333333315,-0.08956333333333316,0.08956333333333316
2010-08-02 20:00:00,0.3069666666666666,0.43381381355932175,-0.12684714689265514,0.12684714689265514
2010-08-02 21:00:00,0.3078,0.39049166666666646,-0.08269166666666644,0.08269166666666644
2010-08-02 22:00:00,0.2896666666666666,0.34994099999999984,-0.06027433333333326,0.06027433333333326
2010-08-02 23:00:00,0.3218666666666667,0.3864583333333334,-0.06459166666666671,0.06459166666666671
2010-08-03 00:00:00,0.2728,0.27934299999999995,-0.0065429999999999655,0.0065429999999999655
2010-08-03 01:00:00,0.3206666666666667,0.39184633333333335,-0.07117966666666664,0.07117966666666664
2010-08-03 02:00:00,0.2901333333333333,0.2845686666666666,0.005564666666666718,0.005564666666666718
2010-08-03 03:00:00,0.9235666666666666,0.34949300000000005,0.5740736666666666,0.5740736666666666
2010-08-03 04:00:00,0.5683,0.4323966666666666,0.13590333333333343,0.13590333333333343
2010-08-03 05:00:00,0.3189333333333333,0.47506733333333334,-0.15613400000000005,0.15613400000000005
2010-08-03 06:00:00,0.2826666666666667,0.3004451121351766,-0.01777844546850993,0.01777844546850993
2010-08-03 07:00:00,0.3582,0.3207223333333331,0.03747766666666691,0.03747766666666691
2010-08-03 08:00:00,0.4187666666666667,0.6908738888888892,-0.27210722222222256,0.27210722222222256
2010-08-03 09:00:00,0.3802666666666666,0.7863469691148779,-0.4060803024482113,0.4060803024482113
2010-08-03 10:00:00,0.3907666666666666,0.5626253333333332,-0.1718586666666666,0.1718586666666666
2010-08-03 11:00:00,0.3639,0.5208803333333333,-0.15698033333333328,0.15698033333333328
2010-08-03 12:00:00,0.4158333333333333,0.5349157586206895,-0.11908242528735624,0.11908242528735624
2010-08-03 13:00:00,0.3883,0.5979046357815443,-0.2096046357815443,0.2096046357815443
2010-08-03 14:00:00,0.4288666666666667,0.5959654252873563,-0.16709875862068962,0.16709875862068962
2010-08-03 15:00:00,1.3614,0.6602053024482112,0.7011946975517888,0.7011946975517888
2010-08-03 16:00:00,0.4335,1.1049516666666666,-0.6714516666666666,0.6714516666666666
2010-08-03 17:00:00,0.3534,0.6462553333333334,-0.2928553333333334,0.2928553333333334
2010-08-03 18:00:00,0.3944333333333333,0.41596211213517703,-0.02152877880184373,0.02152877880184373
2010-08-03 19:00:00,0.3806,0.4889793333333335,-0.1083793333333335,0.1083793333333335
2010-08-03 20:00:00,0.2781,0.7701794493408661,-0.4920794493408661,0.4920794493408661
2010-08-03 21:00:00,0.3220333333333333,0.39198166666666673,-0.06994833333333345,0.06994833333333345
2010-08-03 22:00:00,0.2862333333333333,0.3149326666666667,-0.02869933333333341,0.02869933333333341
2010-08-03 23:00:00,0.3228666666666667,0.3532213333333334,-0.030354666666666696,0.030354666666666696
2010-08-04 00:00:00,0.2699999999999999,0.284087,-0.014087000000000072,0.014087000000000072
2010-08-04 01:00:00,0.3335,0.3448353333333336,-0.011335333333333586,0.011335333333333586
2010-08-04 02:00:00,0.3363666666666667,0.31478066666666676,0.02158599999999994,0.02158599999999994
2010-08-04 03:00:00,1.1549333333333331,0.5245493333333333,0.6303839999999998,0.6303839999999998
2010-08-04 04:00:00,0.3244333333333333,0.4457795141242936,-0.12134618079096032,0.12134618079096032
2010-08-04 05:00:00,0.2804,0.3630196666666666,-0.08261966666666659,0.08261966666666659
2010-08-04 06:00:00,0.3162333333333333,0.396724333333333,-0.0804909999999997,0.0804909999999997
2010-08-04 07:00:00,0.3182999999999999,0.3778541555555557,-0.059554155555555766,0.059554155555555766
2010-08-04 08:00:00,0.3071333333333333,0.46953766666666685,-0.16240433333333354,0.16240433333333354
2010-08-04 09:00:00,0.2806666666666667,0.35956433333333343,-0.07889766666666675,0.07889766666666675
2010-08-04 10:00:00,0.3258,0.37396733333333343,-0.04816733333333345,0.04816733333333345
2010-08-04 11:00:00,0.2550333333333333,0.3101069999999999,-0.05507366666666663,0.05507366666666663
2010-08-04 12:00:00,0.2775999999999999,0.3500613333333334,-0.07246133333333349,0.07246133333333349
2010-08-04 13:00:00,0.2946333333333333,0.3104000000000001,-0.015766666666666818,0.015766666666666818
2010-08-04 14:00:00,0.5886,0.3520563333333333,0.2365436666666667,0.2365436666666667
2010-08-04 15:00:00,0.9815,0.7447033333333332,0.23679666666666688,0.23679666666666688
2010-08-04 16:00:00,0.3169666666666667,0.5073246666666668,-0.19035800000000008,0.19035800000000008
2010-08-04 17:00:00,0.3072666666666667,0.39192266666666675,-0.08465600000000006,0.08465600000000006
2010-08-04 18:00:00,0.2920666666666667,0.29575499999999993,-0.003688333333333238,0.003688333333333238
2010-08-04 19:00:00,0.3426666666666667,0.39389399999999986,-0.05122733333333318,0.05122733333333318
2010-08-04 20:00:00,0.2722666666666666,0.46569814689265554,-0.19343148022598894,0.19343148022598894
2010-08-04 21:00:00,0.3032666666666667,0.32495633333333296,-0.021689666666666274,0.021689666666666274
2010-08-04 22:00:00,0.2534333333333333,0.3145310000000001,-0.06109766666666683,0.06109766666666683
2010-08-04 23:00:00,0.3086666666666666,0.33845400000000014,-0.029787333333333554,0.029787333333333554
2010-08-05 00:00:00,0.2728333333333333,0.2861446666666665,-0.013311333333333175,0.013311333333333175
2010-08-05 01:00:00,0.3272666666666666,0.31614466666666674,0.011121999999999854,0.011121999999999854
2010-08-05 02:00:00,0.6917000000000001,0.3167493333333331,0.374950666666667,0.374950666666667
2010-08-05 03:00:00,0.8628333333333333,0.6404169999999999,0.22241633333333344,0.22241633333333344
2010-08-05 04:00:00,0.3146333333333333,0.402984,-0.08835066666666669,0.08835066666666669
2010-08-05 05:00:00,0.2312,0.31178848888888877,-0.08058848888888878,0.08058848888888878
2010-08-05 06:00:00,0.2998333333333333,0.35916033333333325,-0.05932699999999996,0.05932699999999996
2010-08-05 07:00:00,0.2988333333333333,0.38253066666666646,-0.08369733333333318,0.08369733333333318
2010-08-05 08:00:00,0.3189333333333333,0.39919733333333324,-0.08026399999999995,0.08026399999999995
2010-08-05 09:00:00,0.2725666666666667,0.37036566666666665,-0.09779899999999997,0.09779899999999997
2010-08-05 10:00:00,0.2775666666666667,0.3211539999999999,-0.0435873333333332,0.0435873333333332
2010-08-05 11:00:00,0.2622,0.2925016666666665,-0.030301666666666505,0.030301666666666505
2010-08-05 12:00:00,0.3145666666666666,0.32884536123911906,-0.014278694572452455,0.014278694572452455
2010-08-05 13:00:00,0.2877,0.30324333333333336,-0.015543333333333353,0.015543333333333353
2010-08-05 14:00:00,0.9668666666666668,0.3045659999999999,0.6623006666666669,0.6623006666666669
2010-08-05 15:00:00,0.5365333333333333,0.454608,0.0819253333333333,0.0819253333333333
2010-08-05 16:00:00,0.3036,0.6259939999999999,-0.32239399999999996,0.32239399999999996
2010-08-05 17:00:00,0.3041999999999999,0.39235899999999996,-0.08815900000000004,0.08815900000000004
2010-08-05 18:00:00,0.2853666666666666,0.29964433333333335,-0.014277666666666744,0.014277666666666744
2010-08-05 19:00:00,0.3356666666666666,0.40001999999999993,-0.06435333333333332,0.06435333333333332
2010-08-05 20:00:00,0.2085333333333333,0.4605824802259889,-0.2520491468926556,0.2520491468926556
2010-08-05 21:00:00,0.3188,0.3742066666666667,-0.055406666666666715,0.055406666666666715
2010-08-05 22:00:00,0.2903666666666666,0.30254800000000004,-0.012181333333333433,0.012181333333333433
2010-08-05 23:00:00,0.2985666666666667,0.33891166666666683,-0.04034500000000013,0.04034500000000013
2010-08-06 00:00:00,0.2807333333333333,0.3168033333333331,-0.036069999999999824,0.036069999999999824
2010-08-06 01:00:00,0.2885,0.3294536666666666,-0.04095366666666661,0.04095366666666661
2010-08-06 02:00:00,1.2259,0.3229829999999999,0.9029170000000001,0.9029170000000001
2010-08-06 03:00:00,0.3069333333333333,0.4890422824858758,-0.1821089491525425,0.1821089491525425
2010-08-06 04:00:00,0.2977999999999999,0.48669457777777775,-0.18889457777777785,0.18889457777777785
2010-08-06 05:00:00,0.2818333333333333,0.34594333333333316,-0.06410999999999983,0.06410999999999983
2010-08-06 06:00:00,0.2632,0.3581943333333332,-0.09499433333333324,0.09499433333333324
2010-08-06 07:00:00,0.275,0.4274833333333332,-0.1524833333333332,0.1524833333333332
2010-08-06 08:00:00,0.2968,0.4267469999999999,-0.12994699999999987,0.12994699999999987
2010-08-06 09:00:00,0.2746333333333333,0.3122613333333334,-0.037628000000000106,0.037628000000000106
2010-08-06 10:00:00,0.3009,0.3994023333333331,-0.09850233333333308,0.09850233333333308
2010-08-06 11:00:00,0.2164,0.2842983333333333,-0.06789833333333331,0.06789833333333331
2010-08-06 12:00:00,0.3241333333333333,0.3124556666666666,0.011677666666666697,0.011677666666666697
2010-08-06 13:00:00,0.5978666666666667,0.2887073333333333,0.30915933333333334,0.30915933333333334
2010-08-06 14:00:00,0.9192333333333332,0.7043473333333337,0.21488599999999958,0.21488599999999958
2010-08-06 15:00:00,0.2670333333333333,0.4659783333333333,-0.19894500000000004,0.19894500000000004
2010-08-06 16:00:00,0.3032666666666667,0.4315246666666666,-0.12825799999999993,0.12825799999999993
2010-08-06 17:00:00,0.2873,0.3780760000000001,-0.09077600000000008,0.09077600000000008
2010-08-06 18:00:00,0.2996999999999999,0.3040623333333334,-0.004362333333333468,0.004362333333333468
2010-08-06 19:00:00,0.2709,0.3732736666666666,-0.10237366666666664,0.10237366666666664
2010-08-06 20:00:00,0.2672,0.3826779999999998,-0.1154779999999998,0.1154779999999998
2010-08-06 21:00:00,0.3306333333333333,0.32915899999999965,0.0014743333333336328,0.0014743333333336328
2010-08-06 22:00:00,0.2713,0.3117069111111112,-0.04040691111111122,0.04040691111111122
2010-08-06 23:00:00,0.2987,0.32351333333333343,-0.02481333333333341,0.02481333333333341
2010-08-07 00:00:00,0.2337666666666666,0.30387666666666646,-0.07010999999999987,0.07010999999999987
2010-08-07 01:00:00,0.9127666666666666,0.30699933333333335,0.6057673333333333,0.6057673333333333
2010-08-07 02:00:00,0.6713,0.3499256666666667,0.3213743333333333,0.3213743333333333
2010-08-07 03:00:00,0.3227,0.4765948399999997,-0.1538948399999997,0.1538948399999997
2010-08-07 04:00:00,0.2813,0.46748633333333345,-0.18618633333333345,0.18618633333333345
2010-08-07 05:00:00,0.2351333333333333,0.49014800000000003,-0.2550146666666667,0.2550146666666667
2010-08-07 06:00:00,0.306,0.38459333333333295,-0.07859333333333296,0.07859333333333296
2010-08-07 07:00:00,0.2949333333333333,0.427143,-0.13220966666666667,0.13220966666666667
2010-08-07 08:00:00,0.3062333333333333,0.3732516666666667,-0.0670183333333334,0.0670183333333334
2010-08-07 09:00:00,0.2262666666666666,0.30842200000000003,-0.08215533333333344,0.08215533333333344
2010-08-07 10:00:00,0.3064666666666667,0.32977466666666677,-0.02330800000000005,0.02330800000000005
2010-08-07 11:00:00,0.2575,0.2856336666666667,-0.028133666666666668,0.028133666666666668
2010-08-07 12:00:00,0.3364,0.34294199999999997,-0.006541999999999992,0.006541999999999992
2010-08-07 13:00:00,0.8581333333333333,0.3169286666666666,0.5412046666666668,0.5412046666666668
2010-08-07 14:00:00,0.6198333333333333,0.6711683733333335,-0.05133504000000011,0.05133504000000011
2010-08-07 15:00:00,0.2899,0.7229793333333334,-0.4330793333333334,0.4330793333333334
2010-08-07 16:00:00,0.2991,0.3849146666666665,-0.08581466666666654,0.08581466666666654
2010-08-07 17:00:00,0.2804,0.3469093333333331,-0.06650933333333314,0.06650933333333314
2010-08-07 18:00:00,0.3393666666666667,0.3140110000000001,0.02535566666666661,0.02535566666666661
2010-08-07 19:00:00,0.2285,0.5460289999999999,-0.31752899999999984,0.31752899999999984
2010-08-07 20:00:00,0.2992666666666667,0.39334800000000014,-0.09408133333333346,0.09408133333333346
2010-08-07 21:00:00,0.3097,0.3259216666666665,-0.016221666666666523,0.016221666666666523
2010-08-07 22:00:00,0.2775999999999999,0.35486333333333325,-0.07726333333333335,0.07726333333333335
2010-08-07 23:00:00,0.3172666666666667,0.34786800000000023,-0.030601333333333536,0.030601333333333536
2010-08-08 00:00:00,0.285,0.28394966666666666,0.0010503333333333198,0.0010503333333333198
2010-08-08 01:00:00,1.1826333333333332,0.33901800000000004,0.8436153333333332,0.8436153333333332
2010-08-08 02:00:00,0.3200333333333333,0.49366259999999995,-0.17362926666666667,0.17362926666666667
2010-08-08 03:00:00,0.3169,0.4532016666666667,-0.1363016666666667,0.1363016666666667
2010-08-08 04:00:00,0.2701666666666666,0.40531631111111105,-0.13514964444444444,0.13514964444444444
2010-08-08 05:00:00,0.3204666666666667,0.41394200000000003,-0.09347533333333335,0.09347533333333335
2010-08-08 06:00:00,0.2682,0.4227339999999999,-0.1545339999999999,0.1545339999999999
2010-08-08 07:00:00,0.2649,0.37818666666666656,-0.11328666666666654,0.11328666666666654
2010-08-08 08:00:00,0.2902333333333333,0.36195399999999983,-0.07172066666666654,0.07172066666666654
2010-08-08 09:00:00,0.3186333333333333,0.3554076666666667,-0.03677433333333335,0.03677433333333335
2010-08-08 10:00:00,0.2770666666666666,0.27504433333333334,0.002022333333333237,0.002022333333333237
2010-08-08 11:00:00,0.2422333333333333,0.3022253333333333,-0.05999199999999999,0.05999199999999999
2010-08-08 12:00:00,0.5302333333333333,0.3240789999999999,0.20615433333333344,0.20615433333333344
2010-08-08 13:00:00,1.0143,1.1332695008499747,-0.11896950084997471,0.11896950084997471
2010-08-08 14:00:00,0.3132666666666666,0.6904862824858757,-0.37721961581920915,0.37721961581920915
2010-08-08 15:00:00,0.2300666666666666,0.46255100000000005,-0.23248433333333343,0.23248433333333343
2010-08-08 16:00:00,0.2929666666666666,0.4730656666666666,-0.180099,0.180099
2010-08-08 17:00:00,0.2939,0.4529816666666666,-0.15908166666666662,0.15908166666666662
2010-08-08 18:00:00,0.3342,0.4189440000000002,-0.08474400000000021,0.08474400000000021
2010-08-08 19:00:00,0.2095333333333333,0.6194836666666669,-0.4099503333333336,0.4099503333333336
2010-08-08 20:00:00,0.3331,0.4309196666666667,-0.0978196666666667,0.0978196666666667
2010-08-08 21:00:00,0.2691333333333333,0.41343799999999997,-0.1443046666666667,0.1443046666666667
2010-08-08 22:00:00,0.3132333333333333,0.3269673333333334,-0.01373400000000008,0.01373400000000008
2010-08-08 23:00:00,0.2829666666666667,0.31091066666666667,-0.02794399999999997,0.02794399999999997
2010-08-09 00:00:00,0.8472666666666666,0.36525199999999997,0.48201466666666665,0.48201466666666665
2010-08-09 01:00:00,0.6601666666666667,0.4951760000000004,0.16499066666666629,0.16499066666666629
2010-08-09 02:00:00,0.3196,0.47505566666666654,-0.15545566666666655,0.15545566666666655
2010-08-09 03:00:00,0.2962999999999999,0.37093766666666667,-0.07463766666666677,0.07463766666666677
2010-08-09 04:00:00,0.2851333333333333,0.3859226666666667,-0.1007893333333334,0.1007893333333334
2010-08-09 05:00:00,0.3177666666666666,0.3303246666666666,-0.012558000000000014,0.012558000000000014
2010-08-09 06:00:00,0.2921666666666667,0.35827633333333325,-0.06610966666666657,0.06610966666666657
2010-08-09 07:00:00,0.2481,0.38500733333333303,-0.13690733333333305,0.13690733333333305
2010-08-09 08:00:00,0.3048,0.3821866666666665,-0.07738666666666649,0.07738666666666649
2010-08-09 09:00:00,0.2981333333333333,0.3596566666666666,-0.06152333333333332,0.06152333333333332
2010-08-09 10:00:00,0.2754666666666666,0.36416699999999985,-0.08870033333333327,0.08870033333333327
2010-08-09 11:00:00,0.3330333333333333,0.30556033333333305,0.027473000000000247,0.027473000000000247
2010-08-09 12:00:00,1.0964666666666667,0.2911303333333332,0.8053363333333334,0.8053363333333334
2010-08-09 13:00:00,0.3942333333333333,0.604816615819209,-0.21058328248587566,0.21058328248587566
2010-08-09 14:00:00,0.2846,0.5468719999999999,-0.2622719999999999,0.2622719999999999
2010-08-09 15:00:00,0.3208666666666666,0.3720736666666664,-0.051206999999999836,0.051206999999999836
2010-08-09 16:00:00,0.2699,0.5486395480225988,-0.27873954802259887,0.27873954802259887
2010-08-09 17:00:00,0.3022333333333333,0.452828813559322,-0.15059548022598868,0.15059548022598868
2010-08-09 18:00:00,0.2678,0.4283660000000003,-0.16056600000000032,0.16056600000000032
2010-08-09 19:00:00,0.3087999999999999,0.4016896666666664,-0.09288966666666648,0.09288966666666648
2010-08-09 20:00:00,0.3081333333333333,0.360965,-0.052831666666666666,0.052831666666666666
2010-08-09 21:00:00,0.3135666666666666,0.33623799999999987,-0.022671333333333266,0.022671333333333266
2010-08-09 22:00:00,0.2902333333333333,0.34269533333333335,-0.052462000000000064,0.052462000000000064
2010-08-09 23:00:00,0.3537666666666667,0.3783953333333333,-0.024628666666666632,0.024628666666666632
2010-08-10 00:00:00,1.249,0.34378366666666665,0.9052163333333334,0.9052163333333334
2010-08-10 01:00:00,0.2903666666666666,0.6048349999999999,-0.3144683333333333,0.3144683333333333
2010-08-10 02:00:00,0.2619333333333333,0.37010533333333323,-0.10817199999999993,0.10817199999999993
2010-08-10 03:00:00,0.2945,0.3433680000000001,-0.048868000000000134,0.048868000000000134
2010-08-10 04:00:00,0.3137333333333333,0.3902323333333333,-0.07649899999999998,0.07649899999999998
2010-08-10 05:00:00,0.2842,0.31702666666666657,-0.03282666666666656,0.03282666666666656
2010-08-10 06:00:00,0.3331666666666667,0.39019400000000004,-0.05702733333333332,0.05702733333333332
2010-08-10 07:00:00,0.2579666666666667,0.5662640000000001,-0.3082973333333334,0.3082973333333334
2010-08-10 08:00:00,0.3389666666666667,0.346349,-0.007382333333333324,0.007382333333333324
2010-08-10 09:00:00,0.2587333333333333,0.5416333333333335,-0.2829000000000002,0.2829000000000002
2010-08-10 10:00:00,0.2742,0.33400466666666667,-0.05980466666666667,0.05980466666666667
2010-08-10 11:00:00,0.4379,0.300833,0.137067,0.137067
2010-08-10 12:00:00,1.1548666666666667,0.7931863333333332,0.3616803333333335,0.3616803333333335
2010-08-10 13:00:00,0.2911,0.5739725649717512,-0.2828725649717512,0.2828725649717512
2010-08-10 14:00:00,0.3003666666666667,0.4327726666666665,-0.13240599999999975,0.13240599999999975
2010-08-10 15:00:00,0.3249,0.3570926666666667,-0.0321926666666667,0.0321926666666667
2010-08-10 16:00:00,0.2845,0.5740567740112997,-0.28955677401129976,0.28955677401129976
2010-08-10 17:00:00,0.3223333333333333,0.49124799999999974,-0.16891466666666644,0.16891466666666644
2010-08-10 18:00:00,0.2620333333333333,0.40339966666666704,-0.14136633333333376,0.14136633333333376
2010-08-10 19:00:00,0.2996999999999999,0.39890499999999995,-0.09920500000000004,0.09920500000000004
2010-08-10 20:00:00,0.2843,0.3306226666666667,-0.04632266666666668,0.04632266666666668
2010-08-10 21:00:00,0.3303,0.37036133333333326,-0.04006133333333328,0.04006133333333328
2010-08-10 22:00:00,0.2764666666666667,0.3269936666666667,-0.05052699999999999,0.05052699999999999
2010-08-10 23:00:00,0.4366333333333333,0.3475833333333334,0.08904999999999991,0.08904999999999991
2010-08-11 00:00:00,1.1349333333333331,0.5689218222222224,0.5660115111111107,0.5660115111111107
2010-08-11 01:00:00,0.3216,0.5183216666666667,-0.19672166666666668,0.19672166666666668
2010-08-11 02:00:00,0.2757666666666666,0.3014323333333332,-0.025665666666666587,0.025665666666666587
2010-08-11 03:00:00,0.327,0.36015466666666657,-0.033154666666666555,0.033154666666666555
2010-08-11 04:00:00,0.2411333333333333,0.4615499777777778,-0.22041664444444448,0.22041664444444448
2010-08-11 05:00:00,0.2839,0.34933566666666677,-0.06543566666666678,0.06543566666666678
2010-08-11 06:00:00,0.3261,0.4112827333333332,-0.0851827333333332,0.0851827333333332
2010-08-11 07:00:00,0.2825666666666667,0.5485527333333335,-0.26598606666666685,0.26598606666666685
2010-08-11 08:00:00,0.3212,0.40443666666666656,-0.08323666666666657,0.08323666666666657
2010-08-11 09:00:00,0.2798,0.40330166666666684,-0.12350166666666684,0.12350166666666684
2010-08-11 10:00:00,0.3235,0.39219233333333314,-0.06869233333333313,0.06869233333333313
2010-08-11 11:00:00,0.4844333333333333,0.3103056666666664,0.1741276666666669,0.1741276666666669
2010-08-11 12:00:00,1.0255666666666667,0.8199784888888891,0.2055881777777776,0.2055881777777776
2010-08-11 13:00:00,0.2878,0.5095740000000002,-0.2217740000000002,0.2217740000000002
2010-08-11 14:00:00,0.3007666666666667,0.40559166666666663,-0.10482499999999995,0.10482499999999995
2010-08-11 15:00:00,0.2864666666666666,0.4029130000000002,-0.1164463333333336,0.1164463333333336
2010-08-11 16:00:00,0.3285,0.38550366666666663,-0.05700366666666662,0.05700366666666662
2010-08-11 17:00:00,0.2832,0.5758781468926556,-0.2926781468926556,0.2926781468926556
2010-08-11 18:00:00,0.3189333333333333,0.382381,-0.06344766666666674,0.06344766666666674
2010-08-11 19:00:00,0.2576666666666666,0.4356726666666666,-0.178006,0.178006
2010-08-11 20:00:00,0.2954666666666667,0.369464,-0.0739973333333333,0.0739973333333333
2010-08-11 21:00:00,0.3141666666666667,0.3342593333333332,-0.02009266666666648,0.02009266666666648
2010-08-11 22:00:00,0.2962666666666667,0.3074193333333332,-0.011152666666666533,0.011152666666666533
2010-08-11 23:00:00,0.6167333333333332,0.33982533333333337,0.2769079999999999,0.2769079999999999
2010-08-12 00:00:00,0.9415,0.6124626666666668,0.3290373333333332,0.3290373333333332
2010-08-12 01:00:00,0.2776333333333333,0.36406366666666684,-0.08643033333333355,0.08643033333333355
2010-08-12 02:00:00,0.2701333333333334,0.3477346666666665,-0.07760133333333313,0.07760133333333313
2010-08-12 03:00:00,0.3089,0.409667,-0.100767,0.100767
2010-08-12 04:00:00,0.2885999999999999,0.4400067333333333,-0.15140673333333338,0.15140673333333338
2010-08-12 05:00:00,0.3115333333333333,0.3763764888888888,-0.06484315555555553,0.06484315555555553
2010-08-12 06:00:00,0.2803666666666666,0.3819770666666667,-0.1016104000000001,0.1016104000000001
2010-08-12 07:00:00,0.2598666666666667,0.3842247333333333,-0.1243580666666666,0.1243580666666666
2010-08-12 08:00:00,0.3069333333333333,0.4003223333333332,-0.09338899999999994,0.09338899999999994
2010-08-12 09:00:00,0.2762,0.35012533333333323,-0.07392533333333323,0.07392533333333323
2010-08-12 10:00:00,0.3204,0.3048723333333333,0.015527666666666717,0.015527666666666717
2010-08-12 11:00:00,0.7539333333333335,0.2892003333333331,0.46473300000000034,0.46473300000000034
2010-08-12 12:00:00,0.7424,0.7618570000000002,-0.01945700000000028,0.01945700000000028
2010-08-12 13:00:00,0.2872,0.4248203333333331,-0.13762033333333307,0.13762033333333307
2010-08-12 14:00:00,0.3151,0.35593566666666665,-0.04083566666666666,0.04083566666666666
2010-08-12 15:00:00,0.2699,0.4751743333333336,-0.20527433333333361,0.20527433333333361
2010-08-12 16:00:00,0.3038,0.3898213333333333,-0.08602133333333328,0.08602133333333328
2010-08-12 17:00:00,0.2460666666666666,0.47410566666666654,-0.22803899999999994,0.22803899999999994
2010-08-12 18:00:00,0.3109666666666666,0.39565900000000004,-0.08469233333333342,0.08469233333333342
2010-08-12 19:00:00,0.3054666666666666,0.4377300000000002,-0.13226333333333357,0.13226333333333357
2010-08-12 20:00:00,0.3128666666666667,0.38811400000000007,-0.07524733333333339,0.07524733333333339
2010-08-12 21:00:00,0.2614333333333333,0.4080379999999998,-0.1466046666666665,0.1466046666666665
2010-08-12 22:00:00,0.2603666666666667,0.37519966666666676,-0.11483300000000007,0.11483300000000007
2010-08-12 23:00:00,1.0248666666666666,0.3338116666666667,0.691055,0.691055
2010-08-13 00:00:00,0.5477666666666666,0.36174900000000015,0.18601766666666647,0.18601766666666647
2010-08-13 01:00:00,0.3143,0.4263290000000002,-0.11202900000000016,0.11202900000000016
2010-08-13 02:00:00,0.2271333333333333,0.31234799999999985,-0.08521466666666655,0.08521466666666655
2010-08-13 03:00:00,0.3107333333333333,0.47614466666666666,-0.16541133333333335,0.16541133333333335
2010-08-13 04:00:00,0.2627333333333333,0.47047657777777796,-0.20774324444444464,0.20774324444444464
2010-08-13 05:00:00,0.3304999999999999,0.3851029999999998,-0.0546029999999999,0.0546029999999999
2010-08-13 06:00:00,0.2691666666666666,0.5259683913370999,-0.25680172467043333,0.25680172467043333
2010-08-13 07:00:00,0.2537666666666667,0.33840033333333325,-0.08463366666666655,0.08463366666666655
2010-08-13 08:00:00,0.3145333333333333,0.4181266666666666,-0.10359333333333332,0.10359333333333332
2010-08-13 09:00:00,0.2759999999999999,0.41896266666666654,-0.14296266666666663,0.14296266666666663
2010-08-13 10:00:00,0.3081,0.34455899999999984,-0.03645899999999985,0.03645899999999985
2010-08-13 11:00:00,1.1694,0.2928633333333332,0.8765366666666667,0.8765366666666667
2010-08-13 12:00:00,0.3408333333333333,0.7656268474576271,-0.4247935141242938,0.4247935141242938
2010-08-13 13:00:00,0.2553333333333333,0.3511993333333334,-0.09586600000000012,0.09586600000000012
2010-08-13 14:00:00,0.3295,0.38368700000000017,-0.05418700000000015,0.05418700000000015
2010-08-13 15:00:00,0.2618,0.5141798135593223,-0.2523798135593223,0.2523798135593223
2010-08-13 16:00:00,0.2516,0.41092099999999987,-0.15932099999999988,0.15932099999999988
2010-08-13 17:00:00,0.3005,0.39570066666666653,-0.09520066666666654,0.09520066666666654
2010-08-13 18:00:00,0.2965333333333333,0.3584726666666667,-0.0619393333333334,0.0619393333333334
2010-08-13 19:00:00,0.2919,0.40733500000000006,-0.11543500000000007,0.11543500000000007
2010-08-13 20:00:00,0.2528333333333333,0.3647926666666665,-0.11195933333333319,0.11195933333333319
2010-08-13 21:00:00,0.3019333333333333,0.34719766666666657,-0.045264333333333295,0.045264333333333295
2010-08-13 22:00:00,0.4131333333333333,0.31874366666666654,0.09438966666666676,0.09438966666666676
2010-08-13 23:00:00,1.1578000000000002,0.6978412399999996,0.4599587600000006,0.4599587600000006
2010-08-14 00:00:00,0.2223,0.41682457333333345,-0.19452457333333345,0.19452457333333345
2010-08-14 01:00:00,0.2961,0.30011133333333334,-0.004011333333333367,0.004011333333333367
2010-08-14 02:00:00,0.283,0.3244873333333333,-0.04148733333333332,0.04148733333333332
2010-08-14 03:00:00,0.3174,0.3774356666666669,-0.060035666666666876,0.060035666666666876
2010-08-14 04:00:00,0.2003333333333333,0.5589178222222225,-0.3585844888888892,0.3585844888888892
2010-08-14 05:00:00,0.3201,0.46421800000000013,-0.14411800000000013,0.14411800000000013
2010-08-14 06:00:00,0.2679333333333333,0.5178676444444442,-0.24993431111111092,0.24993431111111092
2010-08-14 07:00:00,0.3122999999999999,0.4049770000000001,-0.09267700000000018,0.09267700000000018
2010-08-14 08:00:00,0.2116333333333333,0.42493400000000003,-0.21330066666666672,0.21330066666666672
2010-08-14 09:00:00,0.3190333333333333,0.3377793333333335,-0.018746000000000207,0.018746000000000207
2010-08-14 10:00:00,0.7287,0.32899533333333325,0.39970466666666676,0.39970466666666676
2010-08-14 11:00:00,0.7658333333333333,0.8277913333333332,-0.06195799999999996,0.06195799999999996
2010-08-14 12:00:00,0.2958666666666666,0.5823408933333336,-0.286474226666667,0.286474226666667
2010-08-14 13:00:00,0.2793333333333334,0.35882666666666674,-0.07949333333333336,0.07949333333333336
2010-08-14 14:00:00,0.2941,0.32806666666666673,-0.033966666666666756,0.033966666666666756
2010-08-14 15:00:00,0.2379,0.35171133333333343,-0.11381133333333343,0.11381133333333343
2010-08-14 16:00:00,0.2874,0.37614366666666654,-0.08874366666666655,0.08874366666666655
2010-08-14 17:00:00,0.2868,0.3540879999999998,-0.06728799999999979,0.06728799999999979
2010-08-14 18:00:00,0.2719333333333333,0.3645483333333335,-0.09261500000000017,0.09261500000000017
2010-08-14 19:00:00,0.2736,0.39499233333333345,-0.12139233333333344,0.12139233333333344
2010-08-14 20:00:00,0.3038333333333333,0.3893163333333332,-0.08548299999999992,0.08548299999999992
2010-08-14 21:00:00,0.2902333333333333,0.3278183333333333,-0.037585000000000035,0.037585000000000035
2010-08-14 22:00:00,1.0143666666666666,0.3283496666666666,0.6860170000000001,0.6860170000000001
2010-08-14 23:00:00,0.4765666666666667,0.41899499999999995,0.05757166666666674,0.05757166666666674
2010-08-15 00:00:00,0.3296,0.5196627200000001,-0.19006272000000013,0.19006272000000013
2010-08-15 01:00:00,0.2583333333333333,0.3198916666666667,-0.06155833333333338,0.06155833333333338
2010-08-15 02:00:00,0.252,0.35719866666666655,-0.10519866666666655,0.10519866666666655
2010-08-15 03:00:00,0.2822333333333333,0.3720220000000001,-0.0897886666666668,0.0897886666666668
2010-08-15 04:00:00,0.3090666666666666,0.39182233333333344,-0.08275566666666684,0.08275566666666684
2010-08-15 05:00:00,0.2648666666666666,0.32677466666666655,-0.06190799999999996,0.06190799999999996
2010-08-15 06:00:00,0.2644333333333333,0.42575033333333345,-0.16131700000000015,0.16131700000000015
2010-08-15 07:00:00,0.2802666666666666,0.4013579999999999,-0.12109133333333327,0.12109133333333327
2010-08-15 08:00:00,0.294,0.3854033333333332,-0.09140333333333323,0.09140333333333323
2010-08-15 09:00:00,0.3477333333333333,0.3382289999999999,0.009504333333333392,0.009504333333333392
2010-08-15 10:00:00,1.2265666666666668,0.4206660000000001,0.8059006666666667,0.8059006666666667
2010-08-15 11:00:00,0.2900666666666666,0.6834425649717515,-0.3933758983050849,0.3933758983050849
2010-08-15 12:00:00,0.3015,0.34078366666666665,-0.03928366666666666,0.03928366666666666
2010-08-15 13:00:00,0.9983333333333332,0.3198333333333332,0.6785,0.6785
2010-08-15 14:00:00,0.4085,1.3359518444444447,-0.9274518444444447,0.9274518444444447
2010-08-15 15:00:00,1.8561,1.0734045611879162,0.7826954388120839,0.7826954388120839
2010-08-15 16:00:00,1.9023,1.6235910903954798,0.2787089096045203,0.2787089096045203
2010-08-15 17:00:00,2.1767,1.6306358685499052,0.5460641314500947,0.5460641314500947
2010-08-15 18:00:00,0.9298666666666668,2.3326530000000014,-1.4027863333333346,1.4027863333333346
2010-08-15 19:00:00,1.2045,1.5649664666666678,-0.36046646666666793,0.36046646666666793
2010-08-15 20:00:00,0.9719666666666666,1.4452834518312547,-0.4733167851645881,0.4733167851645881
2010-08-15 21:00:00,1.4498666666666666,1.1674001236661546,0.282466543000512,0.282466543000512
2010-08-15 22:00:00,0.5244,0.8167619733333334,-0.29236197333333347,0.29236197333333347
2010-08-15 23:00:00,0.2976333333333333,0.4183586666666666,-0.1207253333333333,0.1207253333333333
2010-08-16 00:00:00,0.3329333333333333,0.4169330000000002,-0.08399966666666692,0.08399966666666692
2010-08-16 01:00:00,0.2638666666666666,0.34409399999999996,-0.08022733333333337,0.08022733333333337
2010-08-16 02:00:00,0.3024666666666666,0.4307583333333335,-0.12829166666666691,0.12829166666666691
2010-08-16 03:00:00,0.3185666666666666,0.40779033333333314,-0.08922366666666653,0.08922366666666653
2010-08-16 04:00:00,0.3097,0.5227849999999998,-0.21308499999999986,0.21308499999999986
2010-08-16 05:00:00,0.2612,0.7054690000000002,-0.44426900000000025,0.44426900000000025
2010-08-16 06:00:00,0.9650666666666666,1.0161273333333334,-0.051060666666666754,0.051060666666666754
2010-08-16 07:00:00,1.5165666666666666,1.240115,0.27645166666666654,0.27645166666666654
2010-08-16 08:00:00,1.3763333333333334,1.2196006666666654,0.15673266666666796,0.15673266666666796
2010-08-16 09:00:00,1.3420333333333334,1.3165419999999994,0.025491333333333976,0.025491333333333976
2010-08-16 10:00:00,0.2498,1.0845526666666667,-0.8347526666666667,0.8347526666666667
2010-08-16 11:00:00,0.4827333333333333,0.49022433333333326,-0.00749099999999997,0.00749099999999997
2010-08-16 12:00:00,0.7548,0.7308696222222221,0.023930377777777956,0.023930377777777956
2010-08-16 13:00:00,0.8666,0.9314023333333334,-0.0648023333333334,0.0648023333333334
2010-08-16 14:00:00,0.3209,0.7339037836734695,-0.4130037836734695,0.4130037836734695
2010-08-16 15:00:00,0.8527333333333333,0.44786300000000007,0.4048703333333333,0.4048703333333333
2010-08-16 16:00:00,0.6712333333333333,0.6305850000000003,0.040648333333333064,0.040648333333333064
2010-08-16 17:00:00,0.7438333333333333,0.8569922799999999,-0.1131589466666666,0.1131589466666666
2010-08-16 18:00:00,1.0497333333333334,1.251292613333333,-0.20155927999999967,0.20155927999999967
2010-08-16 19:00:00,1.4753333333333332,1.6368320344827587,-0.16149870114942555,0.16149870114942555
2010-08-16 20:00:00,1.2868333333333335,1.8434438799999995,-0.556610546666666,0.556610546666666
2010-08-16 21:00:00,1.5521666666666667,1.2973409034920627,0.25482576317460404,0.25482576317460404
2010-08-16 22:00:00,1.235766666666667,1.0094626399999997,0.22630402666666716,0.22630402666666716
2010-08-16 23:00:00,1.0600666666666667,0.9938378590476199,0.06622880761904681,0.06622880761904681
2010-08-17 00:00:00,1.0796333333333334,0.5531172666666669,0.5265160666666665,0.5265160666666665
2010-08-17 01:00:00,0.8246666666666667,0.5866067199999998,0.23805994666666686,0.23805994666666686
2010-08-17 02:00:00,0.7446666666666667,0.6053524666666668,0.13931419999999994,0.13931419999999994
2010-08-17 03:00:00,0.8127666666666666,0.8203913594470046,-0.007624692780337949,0.007624692780337949
2010-08-17 04:00:00,0.8006,0.7545104474654374,0.046089552534562594,0.046089552534562594
2010-08-17 05:00:00,0.7530666666666667,1.1747871472401432,-0.42172048057347655,0.42172048057347655
2010-08-17 06:00:00,1.0798666666666668,1.320414588049155,-0.24054792138248815,0.24054792138248815
2010-08-17 07:00:00,1.140966666666667,1.3962241333333336,-0.2552574666666667,0.2552574666666667
2010-08-17 08:00:00,1.8965333333333327,0.8071179491525422,1.0894153841807905,1.0894153841807905
2010-08-17 09:00:00,1.3446333333333331,1.4852663333333334,-0.14063300000000023,0.14063300000000023
2010-08-17 10:00:00,0.7785333333333334,1.2327706666666673,-0.45423733333333394,0.45423733333333394
2010-08-17 11:00:00,0.2910666666666666,0.7256994666666666,-0.43463280000000004,0.43463280000000004
2010-08-17 12:00:00,0.4182333333333333,0.5465493333333332,-0.12831599999999993,0.12831599999999993
2010-08-17 13:00:00,0.3371666666666666,0.5092040000000001,-0.1720373333333335,0.1720373333333335
2010-08-17 14:00:00,0.3581666666666667,0.5104686666666666,-0.15230199999999988,0.15230199999999988
2010-08-17 15:00:00,0.7672333333333333,0.4908393333333337,0.27639399999999964,0.27639399999999964
2010-08-17 16:00:00,0.3180666666666666,0.7840703333333332,-0.4660036666666666,0.4660036666666666
2010-08-17 17:00:00,0.2351666666666667,0.5704376666666666,-0.33527099999999993,0.33527099999999993
2010-08-17 18:00:00,0.3628,0.7555658926553671,-0.3927658926553671,0.3927658926553671
2010-08-17 19:00:00,0.8698666666666667,1.0163656666666663,-0.1464989999999996,0.1464989999999996
2010-08-17 20:00:00,0.888,1.5745062222222221,-0.6865062222222221,0.6865062222222221
2010-08-17 21:00:00,0.8865333333333334,1.0832144495647724,-0.19668111623143902,0.19668111623143902
2010-08-17 22:00:00,0.8850666666666667,0.9642411333333336,-0.07917446666666694,0.07917446666666694
2010-08-17 23:00:00,0.8836,0.9116323652841785,-0.028032365284178407,0.028032365284178407
2010-08-18 00:00:00,0.8821333333333333,0.7274970670250899,0.15463626630824345,0.15463626630824345
2010-08-18 01:00:00,0.8806666666666667,0.7309044815668204,0.1497621850998463,0.1497621850998463
2010-08-18 02:00:00,0.8792,0.8271234686635947,0.05207653133640533,0.05207653133640533
2010-08-18 03:00:00,0.8777333333333334,0.8543404953302611,0.023392838003072236,0.023392838003072236
2010-08-18 04:00:00,0.8762666666666666,1.0454084561187915,-0.16914178945212488,0.16914178945212488
2010-08-18 05:00:00,0.8748,1.1884059525448032,-0.31360595254480317,0.31360595254480317
2010-08-18 06:00:00,0.8733333333333333,1.504566097777778,-0.6312327644444446,0.6312327644444446
2010-08-18 07:00:00,0.8718666666666667,1.1643654980235538,-0.29249883135688715,0.29249883135688715
2010-08-18 08:00:00,0.8704000000000001,0.951891073568869,-0.08149107356886898,0.08149107356886898
2010-08-18 09:00:00,0.8689333333333333,0.889277777777778,-0.02034444444444461,0.02034444444444461
2010-08-18 10:00:00,0.8674666666666667,0.8814208000000002,-0.013954133333333507,0.013954133333333507
2010-08-18 11:00:00,0.866,0.8966244666666667,-0.03062446666666674,0.03062446666666674
2010-08-18 12:00:00,0.8645333333333334,0.9437002888888888,-0.07916695555555542,0.07916695555555542
2010-08-18 13:00:00,0.8630666666666666,1.0323167022222222,-0.1692500355555555,0.1692500355555555
2010-08-18 14:00:00,0.8616,1.0012041111111114,-0.13960411111111137,0.13960411111111137
2010-08-18 15:00:00,0.8601333333333333,0.9174175999999999,-0.05728426666666664,0.05728426666666664
2010-08-18 16:00:00,0.8586666666666667,0.9707437490937022,-0.11207708242703551,0.11207708242703551
2010-08-18 17:00:00,0.8572,0.9379256100768052,-0.08072561007680523,0.08072561007680523
2010-08-18 18:00:00,0.8557333333333333,1.3536482666666672,-0.4979149333333338,0.4979149333333338
2010-08-18 19:00:00,0.8542666666666666,1.2783293498207893,-0.42406268315412265,0.42406268315412265
2010-08-18 20:00:00,0.8528,1.5033780330261144,-0.6505780330261144,0.6505780330261144
2010-08-18 21:00:00,0.8513333333333333,1.0193780895647726,-0.16804475623143933,0.16804475623143933
2010-08-18 22:00:00,0.8498666666666667,0.8596964666666664,-0.009829799999999778,0.009829799999999778
2010-08-18 23:00:00,0.8484,0.853385911950845,-0.004985911950844968,0.004985911950844968
2010-08-19 00:00:00,0.8469333333333333,0.6979564479774706,0.14897688535586273,0.14897688535586273
2010-08-19 01:00:00,0.8454666666666667,0.7311132634408603,0.11435340322580645,0.11435340322580645
2010-08-19 02:00:00,0.844,0.8655992810547875,-0.021599281054787478,0.021599281054787478
2010-08-19 03:00:00,0.8425333333333334,0.8926567754633895,-0.05012344213005615,0.05012344213005615
2010-08-19 04:00:00,0.8410666666666666,1.0437674195596518,-0.20270075289298517,0.20270075289298517
2010-08-19 05:00:00,0.8396,1.2208541850281618,-0.3812541850281618,0.3812541850281618
2010-08-19 06:00:00,0.8381333333333333,1.3644665806349203,-0.526333247301587,0.526333247301587
2010-08-19 07:00:00,0.8366666666666667,1.2063838627137737,-0.36971719604710707,0.36971719604710707
2010-08-19 08:00:00,0.8351999999999999,1.023326004444445,-0.18812600444444505,0.18812600444444505
2010-08-19 09:00:00,0.8337333333333333,0.9259550666666665,-0.09222173333333317,0.09222173333333317
2010-08-19 10:00:00,0.8322666666666667,0.9337592444444444,-0.10149257777777765,0.10149257777777765
2010-08-19 11:00:00,0.8308,0.8912526666666668,-0.06045266666666682,0.06045266666666682
2010-08-19 12:00:00,0.8293333333333334,0.9079389333333333,-0.07860559999999994,0.07860559999999994
2010-08-19 13:00:00,0.8278666666666666,0.8996962666666666,-0.07182959999999994,0.07182959999999994
2010-08-19 14:00:00,0.8264,0.9199484666666663,-0.09354846666666627,0.09354846666666627
2010-08-19 15:00:00,0.8249333333333333,0.8583815555555554,-0.0334482222222221,0.0334482222222221
2010-08-19 16:00:00,0.8234666666666667,1.0631899402048133,-0.2397232735381466,0.2397232735381466
2010-08-19 17:00:00,0.822,1.1702817389656943,-0.34828173896569437,0.34828173896569437
2010-08-19 18:00:00,0.8205333333333333,1.3838331600000005,-0.5632998266666671,0.5632998266666671
2010-08-19 19:00:00,0.8190666666666666,1.3389183053763447,-0.5198516387096781,0.5198516387096781
2010-08-19 20:00:00,0.8176,1.4144339219150028,-0.5968339219150028,0.5968339219150028
2010-08-19 21:00:00,0.8161333333333334,0.8147640383614955,0.0013692949718379088,0.0013692949718379088
2010-08-19 22:00:00,0.8146666666666667,0.8183653977982588,-0.0036987311315921367,0.0036987311315921367
2010-08-19 23:00:00,0.8132,0.8391546149001536,-0.025954614900153605,0.025954614900153605
2010-08-20 00:00:00,0.8117333333333333,0.7038945972862263,0.10783873604710703,0.10783873604710703
2010-08-20 01:00:00,0.8102666666666667,0.7443330970302098,0.06593356963645691,0.06593356963645691
2010-08-20 02:00:00,0.8088,0.8525530645161288,-0.043753064516128815,0.043753064516128815
2010-08-20 03:00:00,0.8073333333333333,0.8418532339989757,-0.03451990066564237,0.03451990066564237
2010-08-20 04:00:00,0.8058666666666666,0.9432772640040961,-0.13741059733742944,0.13741059733742944
2010-08-20 05:00:00,0.8044,1.1072243313466459,-0.3028243313466459,0.3028243313466459
2010-08-20 06:00:00,0.8029333333333333,1.2451915584126982,-0.44225822507936496,0.44225822507936496
2010-08-20 07:00:00,0.8014666666666667,1.2155708846902198,-0.41410421802355313,0.41410421802355313
2010-08-20 08:00:00,0.8,1.0292224222222222,-0.2292224222222221,0.2292224222222221
2010-08-20 09:00:00,0.7985333333333333,0.8626122666666663,-0.06407893333333303,0.06407893333333303
2010-08-20 10:00:00,0.7970666666666666,0.8434777111111107,-0.046411044444444105,0.046411044444444105
2010-08-20 11:00:00,0.7956,0.8621909999999998,-0.06659099999999984,0.06659099999999984
2010-08-20 12:00:00,0.7941333333333334,0.9491523466666668,-0.15501901333333346,0.15501901333333346
2010-08-20 13:00:00,0.7926666666666666,0.8727228888888887,-0.08005622222222208,0.08005622222222208
2010-08-20 14:00:00,0.7912,0.8124093333333329,-0.021209333333332858,0.021209333333332858
2010-08-20 15:00:00,0.7897333333333333,0.6807488888888885,0.10898444444444477,0.10898444444444477
2010-08-20 16:00:00,0.7882666666666667,1.0394041686943167,-0.25113750202765006,0.25113750202765006
2010-08-20 17:00:00,0.7867999999999999,1.1663062512647213,-0.3795062512647214,0.3795062512647214
2010-08-20 18:00:00,0.7853333333333333,1.1618854933333334,-0.37655216,0.37655216
2010-08-20 19:00:00,0.7838666666666666,1.1450442387096773,-0.3611775720430107,0.3611775720430107
2010-08-20 20:00:00,0.7824,1.1583272222222223,-0.3759272222222223,0.3759272222222223
2010-08-20 21:00:00,0.7809333333333333,0.7345234131285204,0.04640992020481283,0.04640992020481283
2010-08-20 22:00:00,0.7794666666666666,0.7914190143369172,-0.011952347670250552,0.011952347670250552
2010-08-20 23:00:00,0.778,0.7889820975422422,-0.01098209754224222,0.01098209754224222
2010-08-21 00:00:00,0.7765333333333333,0.6854732601126473,0.09106007322068599,0.09106007322068599
2010-08-21 01:00:00,0.7750666666666667,0.7805379726062468,-0.005471305939580118,0.005471305939580118
2010-08-21 02:00:00,0.7736,0.7645680089605732,0.009031991039426757,0.009031991039426757
2010-08-21 03:00:00,0.7721333333333333,0.7341390974193548,0.03799423591397855,0.03799423591397855
2010-08-21 04:00:00,0.7706666666666666,0.869298046963646,-0.09863138029697938,0.09863138029697938
2010-08-21 05:00:00,0.7692,0.8700668819866878,-0.1008668819866878,0.1008668819866878
2010-08-21 06:00:00,0.7677333333333333,1.1129935429774271,-0.3452602096440939,0.3452602096440939
2010-08-21 07:00:00,0.7662666666666667,0.821505023717358,-0.055238357050691356,0.055238357050691356
2010-08-21 08:00:00,0.7647999999999999,0.9847469247004611,-0.21994692470046118,0.21994692470046118
2010-08-21 09:00:00,0.7633333333333333,0.9595115822324627,-0.19617824889912938,0.19617824889912938
2010-08-21 10:00:00,0.7618666666666667,0.9510024591295445,-0.18913579246287782,0.18913579246287782
2010-08-21 11:00:00,0.7604,1.0292222383614953,-0.2688222383614953,0.2688222383614953
2010-08-21 12:00:00,0.7589333333333333,1.1164567007168462,-0.35752336738351287,0.35752336738351287
2010-08-21 13:00:00,0.7574666666666666,1.1193678505888385,-0.36190118392217185,0.36190118392217185
2010-08-21 14:00:00,0.756,1.0630502000000006,-0.3070502000000006,0.3070502000000006
2010-08-21 15:00:00,0.7545333333333333,0.9814619636661551,-0.22692863033282185,0.22692863033282185
2010-08-21 16:00:00,0.7530666666666667,1.0310044551561703,-0.2779377884895037,0.2779377884895037
2010-08-21 17:00:00,0.7515999999999999,0.9596312734869429,-0.20803127348694295,0.20803127348694295
2010-08-21 18:00:00,0.7501333333333333,1.0721886532821303,-0.322055319948797,0.322055319948797
2010-08-21 19:00:00,0.7486666666666666,1.0385007132150363,-0.28983404654836975,0.28983404654836975
2010-08-21 20:00:00,0.7472,1.0100865003686637,-0.2628865003686637,0.2628865003686637
2010-08-21 21:00:00,0.7457333333333334,0.8865968557808498,-0.14086352244751643,0.14086352244751643
2010-08-21 22:00:00,0.7442666666666666,0.7561988296979005,-0.0119321630312339,0.0119321630312339
2010-08-21 23:00:00,0.7427999999999999,0.7509647625192015,-0.008164762519201618,0.008164762519201618
2010-08-22 00:00:00,0.7413333333333333,0.7216702782898109,0.019663055043522393,0.019663055043522393
2010-08-22 01:00:00,0.7398666666666667,0.7418344953200209,-0.001967828653354209,0.001967828653354209
2010-08-22 02:00:00,0.7384,0.7321123091961088,0.006287690803891133,0.006287690803891133
2010-08-22 03:00:00,0.7369333333333333,0.7404094340911418,-0.0034761007578084646,0.0034761007578084646
2010-08-22 04:00:00,0.7354666666666666,0.7442306704352275,-0.008764003768560902,0.008764003768560902
2010-08-22 05:00:00,0.734,0.8493064158320536,-0.11530641583205359,0.11530641583205359
2010-08-22 06:00:00,0.7325333333333333,0.8550325731694828,-0.12249923983614952,0.12249923983614952
2010-08-22 07:00:00,0.7310666666666666,0.8146451308590867,-0.0835784641924201,0.0835784641924201
2010-08-22 08:00:00,0.7296,0.885984114971838,-0.15638411497183802,0.15638411497183802
2010-08-22 09:00:00,0.7281333333333333,0.9158471944598056,-0.18771386112647226,0.18771386112647226
2010-08-22 10:00:00,0.7266666666666666,0.9131487835739887,-0.18648211690732208,0.18648211690732208
2010-08-22 11:00:00,0.7252,0.9523273771326166,-0.22712737713261666,0.22712737713261666
2010-08-22 12:00:00,0.7237333333333333,0.9891353771326165,-0.2654020437992831,0.2654020437992831
2010-08-22 13:00:00,0.7222666666666666,0.9881040437992833,-0.2658373771326167,0.2658373771326167
2010-08-22 14:00:00,0.7208,0.9958293060215055,-0.27502930602150555,0.27502930602150555
2010-08-22 15:00:00,0.7193333333333333,0.9785573769482846,-0.2592240436149513,0.2592240436149513
2010-08-22 16:00:00,0.7178666666666667,1.1035630259088582,-0.3856963592421916,0.3856963592421916
2010-08-22 17:00:00,0.7163999999999999,1.0623146824828296,-0.34591468248282964,0.34591468248282964
2010-08-22 18:00:00,0.7149333333333333,1.113849647792079,-0.39891631445874565,0.39891631445874565
2010-08-22 19:00:00,0.7134666666666667,1.0785991824213854,-0.3651325157547187,0.3651325157547187
2010-08-22 20:00:00,0.712,1.2525890517767533,-0.5405890517767533,0.5405890517767533
2010-08-22 21:00:00,0.8115333333333333,1.05856656421915,-0.24703323088581663,0.24703323088581663
2010-08-22 22:00:00,0.3643666666666666,0.7294402948489501,-0.3650736281822835,0.3650736281822835
2010-08-22 23:00:00,0.3487,0.3897463333333333,-0.041046333333333296,0.041046333333333296
2010-08-23 00:00:00,0.3358666666666667,0.3590233333333333,-0.023156666666666603,0.023156666666666603
2010-08-23 01:00:00,0.3663,0.41174099999999997,-0.045440999999999954,0.045440999999999954
2010-08-23 02:00:00,0.7253000000000001,0.44160552918586765,0.2836944708141324,0.2836944708141324
2010-08-23 03:00:00,0.7053666666666667,0.5599816666666666,0.1453850000000001,0.1453850000000001
2010-08-23 04:00:00,0.3243666666666666,0.5087273333333334,-0.18436066666666684,0.18436066666666684
2010-08-23 05:00:00,0.3664,0.5778275576036864,-0.21142755760368642,0.21142755760368642
2010-08-23 06:00:00,1.3092666666666666,0.693750281355932,0.6155163853107346,0.6155163853107346
2010-08-23 07:00:00,1.4589,1.1228413111111106,0.33605868888888946,0.33605868888888946
2010-08-23 08:00:00,0.6013666666666667,0.9840516666666663,-0.3826849999999996,0.3826849999999996
2010-08-23 09:00:00,0.3686999999999999,0.5674734444444445,-0.19877344444444456,0.19877344444444456
2010-08-23 10:00:00,0.3399999999999999,0.4836603333333332,-0.14366033333333328,0.14366033333333328
2010-08-23 11:00:00,0.3449,0.35382566666666654,-0.008925666666666554,0.008925666666666554
2010-08-23 12:00:00,0.3479333333333333,0.3842833333333334,-0.036350000000000104,0.036350000000000104
2010-08-23 13:00:00,0.3176666666666666,0.3528176666666667,-0.0351510000000001,0.0351510000000001
2010-08-23 14:00:00,0.3702333333333333,0.4147066666666667,-0.04447333333333342,0.04447333333333342
2010-08-23 15:00:00,0.3078333333333333,0.48115033333333346,-0.17331700000000017,0.17331700000000017
2010-08-23 16:00:00,0.3748333333333333,0.5739596666666668,-0.19912633333333346,0.19912633333333346
2010-08-23 17:00:00,0.9786666666666668,0.5885098135593223,0.3901568531073445,0.3901568531073445
2010-08-23 18:00:00,0.4583333333333333,0.5192760000000002,-0.06094266666666687,0.06094266666666687
2010-08-23 19:00:00,0.5619999999999999,0.8558268521761392,-0.29382685217613924,0.29382685217613924
2010-08-23 20:00:00,0.6539333333333333,1.7322616444444432,-1.07832831111111,1.07832831111111
2010-08-23 21:00:00,0.4662333333333333,1.0818276666666649,-0.6155943333333316,0.6155943333333316
2010-08-23 22:00:00,0.3278666666666667,0.5554346666666666,-0.22756799999999994,0.22756799999999994
2010-08-23 23:00:00,0.3574,0.41868133333333335,-0.061281333333333354,0.061281333333333354
2010-08-24 00:00:00,0.3172333333333333,0.34899933333333344,-0.03176600000000013,0.03176600000000013
2010-08-24 01:00:00,0.3532666666666666,0.41342033333333333,-0.060153666666666716,0.060153666666666716
2010-08-24 02:00:00,0.3014666666666666,0.3449253333333335,-0.04345866666666687,0.04345866666666687
2010-08-24 03:00:00,0.3601,0.4688563333333333,-0.10875633333333334,0.10875633333333334
2010-08-24 04:00:00,0.6707000000000001,0.5089508666666664,0.16174913333333363,0.16174913333333363
2010-08-24 05:00:00,0.716,0.7048106444444443,0.011189355555555669,0.011189355555555669
2010-08-24 06:00:00,0.996,1.0862405999999998,-0.09024059999999978,0.09024059999999978
2010-08-24 07:00:00,1.4222333333333337,1.1613085555555562,0.26092477777777745,0.26092477777777745
2010-08-24 08:00:00,0.7737333333333333,0.9870043333333335,-0.2132710000000002,0.2132710000000002
2010-08-24 09:00:00,0.346,0.5442432758620688,-0.1982432758620688,0.1982432758620688
2010-08-24 10:00:00,0.3498666666666666,0.5049769999999999,-0.1551103333333333,0.1551103333333333
2010-08-24 11:00:00,0.3287666666666666,0.44789466666666683,-0.11912800000000023,0.11912800000000023
2010-08-24 12:00:00,0.3661333333333333,0.4588703333333333,-0.09273700000000001,0.09273700000000001
2010-08-24 13:00:00,0.3101,0.4604046444444447,-0.1503046444444447,0.1503046444444447
2010-08-24 14:00:00,0.3254333333333333,0.458444183908046,-0.13301085057471268,0.13301085057471268
2010-08-24 15:00:00,0.3030666666666667,0.491772,-0.18870533333333328,0.18870533333333328
2010-08-24 16:00:00,0.3684,0.5996645721800121,-0.23126457218001212,0.23126457218001212
2010-08-24 17:00:00,0.9464,0.6426463111111111,0.3037536888888889,0.3037536888888889
2010-08-24 18:00:00,0.3782333333333333,0.5640130000000001,-0.1857796666666668,0.1857796666666668
2010-08-24 19:00:00,0.347,0.6395394888888886,-0.2925394888888886,0.2925394888888886
2010-08-24 20:00:00,0.3744333333333333,0.7278366666666666,-0.3534033333333333,0.3534033333333333
2010-08-24 21:00:00,0.6837,0.598321333333333,0.08537866666666694,0.08537866666666694
2010-08-24 22:00:00,0.3534666666666667,0.7049738661034306,-0.3515071994367639,0.3515071994367639
2010-08-24 23:00:00,0.3427,0.49959861290322555,-0.15689861290322554,0.15689861290322554
2010-08-25 00:00:00,0.3297666666666667,0.3681046666666667,-0.03833799999999998,0.03833799999999998
2010-08-25 01:00:00,0.3562666666666667,0.44541299999999995,-0.08914633333333327,0.08914633333333327
2010-08-25 02:00:00,0.3103666666666667,0.38309799999999994,-0.07273133333333326,0.07273133333333326
2010-08-25 03:00:00,0.8391,0.5839506666666665,0.25514933333333345,0.25514933333333345
2010-08-25 04:00:00,0.5518,0.5796435777777775,-0.027843577777777573,0.027843577777777573
2010-08-25 05:00:00,0.3571999999999999,0.6178393333333334,-0.2606393333333335,0.2606393333333335
2010-08-25 06:00:00,1.1821333333333333,0.7272105333333332,0.45492280000000007,0.45492280000000007
2010-08-25 07:00:00,1.8391333333333333,1.1689196666666664,0.6702136666666669,0.6702136666666669
2010-08-25 08:00:00,1.5416666666666667,1.6143309999999986,-0.07266433333333189,0.07266433333333189
2010-08-25 09:00:00,0.3367666666666666,0.8613379999999999,-0.5245713333333333,0.5245713333333333
2010-08-25 10:00:00,0.2713666666666666,0.3982927586206895,-0.12692609195402293,0.12692609195402293
2010-08-25 11:00:00,0.3104666666666666,0.38884599999999997,-0.07837933333333336,0.07837933333333336
2010-08-25 12:00:00,0.3194333333333333,0.3656989999999999,-0.046265666666666594,0.046265666666666594
2010-08-25 13:00:00,0.3118333333333333,0.4313376666666668,-0.11950433333333349,0.11950433333333349
2010-08-25 14:00:00,0.3367666666666666,0.420275091954023,-0.08350842528735641,0.08350842528735641
2010-08-25 15:00:00,0.2394666666666666,0.37154666666666697,-0.13208000000000036,0.13208000000000036
2010-08-25 16:00:00,0.3452,0.46800633333333347,-0.12280633333333346,0.12280633333333346
2010-08-25 17:00:00,0.9426,0.5547960000000005,0.3878039999999995,0.3878039999999995
2010-08-25 18:00:00,0.3534666666666666,0.5559616666666665,-0.20249499999999987,0.20249499999999987
2010-08-25 19:00:00,1.0539333333333334,0.6337613333333335,0.4201719999999999,0.4201719999999999
2010-08-25 20:00:00,1.5824,1.2978943333333333,0.28450566666666677,0.28450566666666677
2010-08-25 21:00:00,1.4607,1.1560763333333328,0.3046236666666673,0.3046236666666673
2010-08-25 22:00:00,0.8256,0.9729073333333333,-0.14730733333333335,0.14730733333333335
2010-08-25 23:00:00,0.5391666666666667,0.366478,0.17268866666666666,0.17268866666666666
2010-08-26 00:00:00,0.2715666666666667,0.4885513333333333,-0.2169846666666666,0.2169846666666666
2010-08-26 01:00:00,0.3238,0.4008503333333332,-0.07705033333333322,0.07705033333333322
2010-08-26 02:00:00,0.3172666666666667,0.35761266666666663,-0.04034599999999994,0.04034599999999994
2010-08-26 03:00:00,0.3435666666666667,0.4072943333333332,-0.06372766666666652,0.06372766666666652
2010-08-26 04:00:00,0.3033666666666666,0.503402711111111,-0.2000360444444444,0.2000360444444444
2010-08-26 05:00:00,0.3378666666666666,0.7006853333333334,-0.3628186666666668,0.3628186666666668
2010-08-26 06:00:00,1.3136333333333332,0.9103708813559318,0.4032624519774014,0.4032624519774014
2010-08-26 07:00:00,1.4059333333333333,1.2351519999999996,0.17078133333333367,0.17078133333333367
2010-08-26 08:00:00,0.7121333333333334,1.0425499999999999,-0.33041666666666647,0.33041666666666647
2010-08-26 09:00:00,0.3293999999999999,0.5683146666666666,-0.23891466666666672,0.23891466666666672
2010-08-26 10:00:00,0.3319666666666666,0.33814999999999995,-0.006183333333333374,0.006183333333333374
2010-08-26 11:00:00,0.5291,0.46749985057471255,0.061600149425287465,0.061600149425287465
2010-08-26 12:00:00,0.3367666666666666,0.7688989777777774,-0.4321323111111108,0.4321323111111108
2010-08-26 13:00:00,0.3381999999999999,0.3621436666666666,-0.023943666666666696,0.023943666666666696
2010-08-26 14:00:00,0.3259999999999999,0.3354169999999999,-0.009417000000000009,0.009417000000000009
2010-08-26 15:00:00,0.3312,0.4181833333333336,-0.08698333333333358,0.08698333333333358
2010-08-26 16:00:00,0.3519333333333333,0.6720803333333336,-0.3201470000000003,0.3201470000000003
2010-08-26 17:00:00,0.9729666666666666,0.5232843333333337,0.44968233333333296,0.44968233333333296
2010-08-26 18:00:00,0.4751,0.6323730000000001,-0.15727300000000005,0.15727300000000005
2010-08-26 19:00:00,0.3965666666666667,0.8427078157854403,-0.4461411491187736,0.4461411491187736
2010-08-26 20:00:00,0.6557,0.8016030299539169,-0.1459030299539169,0.1459030299539169
2010-08-26 21:00:00,0.3233,0.8129704000000002,-0.4896704000000002,0.4896704000000002
2010-08-26 22:00:00,1.054366666666667,0.42515066666666657,0.6292160000000003,0.6292160000000003
2010-08-26 23:00:00,0.5064,0.8451254666666662,-0.33872546666666625,0.33872546666666625
2010-08-27 00:00:00,0.4091666666666667,0.6075588399999999,-0.19839217333333325,0.19839217333333325
2010-08-27 01:00:00,0.3346666666666666,0.3967160000000002,-0.06204933333333357,0.06204933333333357
2010-08-27 02:00:00,0.3498333333333333,0.35482400000000003,-0.004990666666666754,0.004990666666666754
2010-08-27 03:00:00,1.1094333333333333,0.4347172790578597,0.6747160542754735,0.6747160542754735
2010-08-27 04:00:00,0.3243666666666666,0.4926331807909605,-0.16826651412429394,0.16826651412429394
2010-08-27 05:00:00,0.3486,0.5009868222222222,-0.15238682222222222,0.15238682222222222
2010-08-27 06:00:00,0.5213333333333333,0.6234912000000002,-0.10215786666666693,0.10215786666666693
2010-08-27 07:00:00,1.2256,0.949240782222222,0.27635921777777805,0.27635921777777805
2010-08-27 08:00:00,1.6963,0.9296623114877586,0.7666376885122413,0.7666376885122413
2010-08-27 09:00:00,1.505966666666667,1.4737843333333343,0.03218233333333265,0.03218233333333265
2010-08-27 10:00:00,1.5641,1.1080986666666666,0.4560013333333335,0.4560013333333335
2010-08-27 11:00:00,2.142533333333333,1.2590233333333334,0.8835099999999998,0.8835099999999998
2010-08-27 12:00:00,1.7725000000000002,1.7902230000000006,-0.017723000000000377,0.017723000000000377
2010-08-27 13:00:00,2.996566666666667,1.4849453333333325,1.5116213333333344,1.5116213333333344
2010-08-27 14:00:00,2.477133333333333,1.8675223333333328,0.6096110000000003,0.6096110000000003
2010-08-27 15:00:00,0.7748333333333334,2.043124364191122,-1.2682910308577884,1.2682910308577884
2010-08-27 16:00:00,1.778233333333333,1.3154843333333335,0.46274899999999963,0.46274899999999963
2010-08-27 17:00:00,2.8016333333333336,1.4251034007532957,1.376529932580038,1.376529932580038
2010-08-27 18:00:00,3.052666666666666,1.9848974350282478,1.0677692316384184,1.0677692316384184
2010-08-27 19:00:00,2.0804666666666667,1.9993024759680855,0.08116419069858116,0.08116419069858116
2010-08-27 20:00:00,2.3304,2.089483,0.24091700000000005,0.24091700000000005
2010-08-27 21:00:00,1.1623666666666668,1.5551573333333328,-0.39279066666666607,0.39279066666666607
2010-08-27 22:00:00,0.5790666666666666,0.7166236666666664,-0.13755699999999982,0.13755699999999982
2010-08-27 23:00:00,0.4565333333333333,0.46310799999999985,-0.006574666666666562,0.006574666666666562
2010-08-28 00:00:00,0.3438,0.45794066666666694,-0.11414066666666695,0.11414066666666695
2010-08-28 01:00:00,0.3683666666666667,0.3581399999999998,0.010226666666666884,0.010226666666666884
2010-08-28 02:00:00,0.3543333333333333,0.45649033333333316,-0.10215699999999989,0.10215699999999989
2010-08-28 03:00:00,0.3337,0.38915924444444455,-0.055459244444444555,0.055459244444444555
2010-08-28 04:00:00,0.9637,0.5146126666666666,0.4490873333333334,0.4490873333333334
2010-08-28 05:00:00,0.3224,0.6110527849462365,-0.2886527849462365,0.2886527849462365
2010-08-28 06:00:00,0.3314666666666666,0.7199656666666666,-0.38849900000000004,0.38849900000000004
2010-08-28 07:00:00,0.4172,0.6250276666666666,-0.20782766666666663,0.20782766666666663
2010-08-28 08:00:00,0.6422000000000001,1.1979456666666664,-0.5557456666666662,0.5557456666666662
2010-08-28 09:00:00,0.6088666666666666,1.1677407593220337,-0.5588740926553671,0.5588740926553671
2010-08-28 10:00:00,1.4582666666666666,1.161022553446328,0.2972441132203385,0.2972441132203385
2010-08-28 11:00:00,2.592233333333333,1.456822333333333,1.1354110000000002,1.1354110000000002
2010-08-28 12:00:00,2.348966666666666,2.061766,0.2872006666666662,0.2872006666666662
2010-08-28 13:00:00,2.0538333333333334,1.887080999999999,0.1667523333333345,0.1667523333333345
2010-08-28 14:00:00,2.025333333333333,1.6988349999999994,0.3264983333333338,0.3264983333333338
2010-08-28 15:00:00,2.005333333333333,1.7969136666666667,0.20841966666666645,0.20841966666666645
2010-08-28 16:00:00,1.7953333333333332,1.7013194783427497,0.09401385499058357,0.09401385499058357
2010-08-28 17:00:00,1.453733333333333,1.658544079096046,-0.20481074576271285,0.20481074576271285
2010-08-28 18:00:00,1.4208666666666665,1.710458666666667,-0.2895920000000005,0.2895920000000005
2010-08-28 19:00:00,0.7807333333333334,1.5390059491525425,-0.7582726158192091,0.7582726158192091
2010-08-28 20:00:00,0.3334,0.7403663333333332,-0.40696633333333326,0.40696633333333326
2010-08-28 21:00:00,0.3025666666666666,0.580560333333333,-0.2779936666666664,0.2779936666666664
2010-08-28 22:00:00,0.3344333333333333,0.4478823333333333,-0.11344900000000002,0.11344900000000002
2010-08-28 23:00:00,0.6910666666666666,0.46629966666666683,0.22476699999999977,0.22476699999999977
2010-08-29 00:00:00,0.3606,0.5675604490527394,-0.20696044905273941,0.20696044905273941
2010-08-29 01:00:00,0.3186333333333333,0.4254949999999999,-0.10686166666666658,0.10686166666666658
2010-08-29 02:00:00,0.3600333333333333,0.41215300000000005,-0.05211966666666673,0.05211966666666673
2010-08-29 03:00:00,0.2747666666666666,0.3897110000000001,-0.11494433333333348,0.11494433333333348
2010-08-29 04:00:00,1.118866666666667,0.3663033622631848,0.7525633044034821,0.7525633044034821
2010-08-29 05:00:00,0.2983,0.7798140282485878,-0.4815140282485878,0.4815140282485878
2010-08-29 06:00:00,0.3422333333333333,0.4750079999999998,-0.13277466666666654,0.13277466666666654
2010-08-29 07:00:00,0.4917333333333333,0.5757683333333333,-0.08403500000000003,0.08403500000000003
2010-08-29 08:00:00,0.3921,0.827330666666666,-0.435230666666666,0.435230666666666
2010-08-29 09:00:00,0.6474666666666666,0.8483959999999996,-0.20092933333333296,0.20092933333333296
2010-08-29 10:00:00,1.5473333333333334,1.1328336533333327,0.4144996800000007,0.4144996800000007
2010-08-29 11:00:00,2.5704,1.3803646666666658,1.190035333333334,1.190035333333334
2010-08-29 12:00:00,2.1139,1.9600316666666664,0.15386833333333372,0.15386833333333372
2010-08-29 13:00:00,1.502133333333333,1.7748516666666663,-0.2727183333333332,0.2727183333333332
2010-08-29 14:00:00,1.4193666666666669,1.6440880000000007,-0.22472133333333377,0.22472133333333377
2010-08-29 15:00:00,0.3741666666666666,1.199428,-0.8252613333333334,0.8252613333333334
2010-08-29 16:00:00,1.4337666666666666,0.8963490000000002,0.5374176666666665,0.5374176666666665
2010-08-29 17:00:00,1.1072,1.8653719092278722,-0.7581719092278723,0.7581719092278723
2010-08-29 18:00:00,1.7450666666666668,1.3921909733333333,0.35287569333333346,0.35287569333333346
2010-08-29 19:00:00,2.1989333333333336,1.6869074128813555,0.5120259204519781,0.5120259204519781
2010-08-29 20:00:00,3.2345,2.054702666666666,1.179797333333334,1.179797333333334
2010-08-29 21:00:00,2.3159666666666667,1.9280823333333328,0.38788433333333394,0.38788433333333394
2010-08-29 22:00:00,0.9494666666666668,1.3044563333333334,-0.35498966666666665,0.35498966666666665
2010-08-29 23:00:00,0.5507333333333334,0.3864436666666666,0.16428966666666683,0.16428966666666683
2010-08-30 00:00:00,0.4832333333333333,0.4730656666666668,0.01016766666666652,0.01016766666666652
2010-08-30 01:00:00,0.3411333333333333,0.6078043333333334,-0.2666710000000001,0.2666710000000001
2010-08-30 02:00:00,0.2873666666666666,0.3408826666666668,-0.053516000000000175,0.053516000000000175
2010-08-30 03:00:00,0.2851,0.41952500000000015,-0.13442500000000013,0.13442500000000013
2010-08-30 04:00:00,0.2867333333333333,0.38303133333333333,-0.09629800000000005,0.09629800000000005
2010-08-30 05:00:00,0.3367666666666666,0.8668616666666671,-0.5300950000000004,0.5300950000000004
2010-08-30 06:00:00,0.8905666666666666,1.11695,-0.2263833333333335,0.2263833333333335
2010-08-30 07:00:00,1.4085333333333334,1.382853,0.025680333333333305,0.025680333333333305
2010-08-30 08:00:00,1.0479,1.1171160000000002,-0.06921600000000017,0.06921600000000017
2010-08-30 09:00:00,0.8792666666666666,0.5535230000000002,0.32574366666666643,0.32574366666666643
2010-08-30 10:00:00,1.5097,0.7810583343061959,0.7286416656938042,0.7286416656938042
2010-08-30 11:00:00,1.7421333333333335,1.3413200000000005,0.400813333333333,0.400813333333333
2010-08-30 12:00:00,2.218233333333333,1.2553373333333335,0.9628959999999995,0.9628959999999995
2010-08-30 13:00:00,2.417133333333333,1.6368459999999996,0.7802873333333336,0.7802873333333336
2010-08-30 14:00:00,1.8369,1.6115776666666664,0.22532233333333362,0.22532233333333362
2010-08-30 15:00:00,1.6935666666666669,1.4775953333333336,0.2159713333333333,0.2159713333333333
2010-08-30 16:00:00,0.3625,1.374298,-1.011798,1.011798
2010-08-30 17:00:00,0.3312333333333333,0.9140634463276832,-0.5828301129943498,0.5828301129943498
2010-08-30 18:00:00,1.1589,0.9415856666666664,0.2173143333333336,0.2173143333333336
2010-08-30 19:00:00,0.8696333333333333,1.9057910000000007,-1.0361576666666674,1.0361576666666674
2010-08-30 20:00:00,2.242233333333333,1.7019119999999994,0.5403213333333337,0.5403213333333337
2010-08-30 21:00:00,1.1637666666666666,1.6760448476320553,-0.5122781809653887,0.5122781809653887
2010-08-30 22:00:00,0.5701,0.9690583333333332,-0.3989583333333332,0.3989583333333332
2010-08-30 23:00:00,0.4017666666666667,0.5072713333333331,-0.10550466666666636,0.10550466666666636
2010-08-31 00:00:00,0.3663666666666667,0.42206133333333334,-0.05569466666666667,0.05569466666666667
2010-08-31 01:00:00,0.3196333333333333,0.3468620000000001,-0.02722866666666679,0.02722866666666679
2010-08-31 02:00:00,0.2955333333333333,0.44184596491228073,-0.14631263157894742,0.14631263157894742
2010-08-31 03:00:00,1.0354333333333332,0.3804493333333334,0.6549839999999998,0.6549839999999998
2010-08-31 04:00:00,0.3288,0.35281433333333345,-0.02401433333333347,0.02401433333333347
2010-08-31 05:00:00,0.2446333333333333,0.6888646666666668,-0.4442313333333335,0.4442313333333335
2010-08-31 06:00:00,0.5892,1.0289226666666667,-0.4397226666666667,0.4397226666666667
2010-08-31 07:00:00,1.5327666666666666,1.113931424105461,0.41883524256120563,0.41883524256120563
2010-08-31 08:00:00,1.4823666666666666,1.3175223333333335,0.16484433333333315,0.16484433333333315
2010-08-31 09:00:00,1.1666333333333334,1.5108779333333324,-0.344244599999999,0.344244599999999
2010-08-31 10:00:00,1.5806666666666669,1.0384048666666665,0.5422618000000003,0.5422618000000003
2010-08-31 11:00:00,1.2884666666666666,1.2537320000000003,0.03473466666666636,0.03473466666666636
2010-08-31 12:00:00,1.0535666666666663,0.851810333333333,0.20175633333333332,0.20175633333333332
2010-08-31 13:00:00,0.8699333333333333,1.2873685777777775,-0.41743524444444413,0.41743524444444413
2010-08-31 14:00:00,0.6130333333333333,1.0821281333333335,-0.46909480000000014,0.46909480000000014
2010-08-31 15:00:00,0.7542333333333333,0.7032086666666666,0.05102466666666672,0.05102466666666672
2010-08-31 16:00:00,1.451733333333333,0.9362862000000003,0.5154471333333328,0.5154471333333328
2010-08-31 17:00:00,1.7887,1.3158383333333326,0.4728616666666674,0.4728616666666674
2010-08-31 18:00:00,1.3791,2.0912980000000005,-0.7121980000000006,0.7121980000000006
2010-08-31 19:00:00,1.8193666666666668,1.6596491907786224,0.1597174758880444,0.1597174758880444
2010-08-31 20:00:00,1.1395666666666666,1.5671663333333339,-0.42759966666666727,0.42759966666666727
2010-08-31 21:00:00,0.6880000000000001,1.1569859999999992,-0.4689859999999991,0.4689859999999991
2010-08-31 22:00:00,0.5622666666666666,0.473240199436764,0.0890264672299026,0.0890264672299026
2010-08-31 23:00:00,0.3771,0.5440096666666671,-0.16690966666666707,0.16690966666666707
2010-09-01 00:00:00,0.2891333333333333,0.3330166666666664,-0.04388333333333311,0.04388333333333311
2010-09-01 01:00:00,0.3401666666666667,0.4352823333333335,-0.09511566666666682,0.09511566666666682
2010-09-01 02:00:00,0.3021333333333333,0.319374,-0.017240666666666682,0.017240666666666682
2010-09-01 03:00:00,0.8031666666666667,0.3722529999999999,0.4309136666666668,0.4309136666666668
2010-09-01 04:00:00,0.3105333333333334,0.5818986666666668,-0.2713653333333334,0.2713653333333334
2010-09-01 05:00:00,0.4614,0.9654916666666675,-0.5040916666666675,0.5040916666666675
2010-09-01 06:00:00,0.9840333333333332,1.4216049999999998,-0.4375716666666666,0.4375716666666666
2010-09-01 07:00:00,1.4570666666666665,1.0601720000000001,0.3968946666666664,0.3968946666666664
2010-09-01 08:00:00,0.8423666666666667,1.41411,-0.5717433333333333,0.5717433333333333
2010-09-01 09:00:00,1.9099333333333333,0.609974,1.2999593333333332,1.2999593333333332
2010-09-01 10:00:00,2.117733333333333,1.6661246666666671,0.45160866666666566,0.45160866666666566
2010-09-01 11:00:00,1.6747333333333332,1.7432646666666671,-0.06853133333333394,0.06853133333333394
2010-09-01 12:00:00,1.6333,1.3357276666666662,0.29757233333333377,0.29757233333333377
2010-09-01 13:00:00,1.7136333333333331,1.3490093333333335,0.3646239999999996,0.3646239999999996
2010-09-01 14:00:00,1.4292333333333334,1.4901590000000005,-0.0609256666666671,0.0609256666666671
2010-09-01 15:00:00,1.3891666666666669,1.143602666666667,0.2455639999999999,0.2455639999999999
2010-09-01 16:00:00,1.4856333333333334,1.235586666666667,0.2500466666666663,0.2500466666666663
2010-09-01 17:00:00,0.5392333333333333,1.4017726666666654,-0.8625393333333321,0.8625393333333321
2010-09-01 18:00:00,0.5494333333333333,1.388299333333333,-0.8388659999999998,0.8388659999999998
2010-09-01 19:00:00,1.8614333333333333,1.3846006666666668,0.47683266666666646,0.47683266666666646
2010-09-01 20:00:00,2.5369,2.294731474771088,0.2421685252289123,0.2421685252289123
2010-09-01 21:00:00,1.1801333333333337,1.7534521414173652,-0.5733188080840315,0.5733188080840315
2010-09-01 22:00:00,0.3677,0.6219243333333331,-0.25422433333333305,0.25422433333333305
2010-09-01 23:00:00,0.3330666666666667,0.36961999999999984,-0.03655333333333316,0.03655333333333316
2010-09-02 00:00:00,0.3055,0.3097436666666666,-0.00424366666666659,0.00424366666666659
2010-09-02 01:00:00,0.3465999999999999,0.3855839999999999,-0.03898400000000002,0.03898400000000002
2010-09-02 02:00:00,0.2548,0.3482176666666667,-0.09341766666666668,0.09341766666666668
2010-09-02 03:00:00,0.3398333333333333,0.470226666666667,-0.1303933333333337,0.1303933333333337
2010-09-02 04:00:00,0.3009333333333333,0.4473906666666666,-0.14645733333333333,0.14645733333333333
2010-09-02 05:00:00,1.0378666666666667,0.993908666666667,0.04395799999999972,0.04395799999999972
2010-09-02 06:00:00,0.7744333333333333,1.260675,-0.4862416666666667,0.4862416666666667
2010-09-02 07:00:00,1.5999333333333332,1.3535139777777772,0.24641935555555605,0.24641935555555605
2010-09-02 08:00:00,1.6337333333333333,1.549485666666667,0.08424766666666628,0.08424766666666628
2010-09-02 09:00:00,1.7061,1.542729333333333,0.163370666666667,0.163370666666667
2010-09-02 10:00:00,1.6545333333333334,1.3700336666666664,0.28449966666666704,0.28449966666666704
2010-09-02 11:00:00,1.5187666666666668,1.377466,0.14130066666666674,0.14130066666666674
2010-09-02 12:00:00,1.36,1.1825199999999996,0.17748000000000053,0.17748000000000053
2010-09-02 13:00:00,1.4055333333333333,1.1379133333333333,0.26761999999999997,0.26761999999999997
2010-09-02 14:00:00,0.8876333333333334,0.8409680000000005,0.04666533333333289,0.04666533333333289
2010-09-02 15:00:00,0.3390666666666667,0.47385833333333344,-0.13479166666666675,0.13479166666666675
2010-09-02 16:00:00,0.4942,0.5977940000000002,-0.10359400000000019,0.10359400000000019
2010-09-02 17:00:00,0.7261666666666666,0.8116536666666664,-0.08548699999999976,0.08548699999999976
2010-09-02 18:00:00,0.6808666666666666,1.6329159777777773,-0.9520493111111107,0.9520493111111107
2010-09-02 19:00:00,2.4065,1.663757666666666,0.7427423333333338,0.7427423333333338
2010-09-02 20:00:00,1.588833333333333,2.1786859700797514,-0.5898526367464183,0.5898526367464183
2010-09-02 21:00:00,0.9164333333333332,1.253539266666667,-0.3371059333333337,0.3371059333333337
2010-09-02 22:00:00,0.5968666666666667,0.502637,0.09422966666666666,0.09422966666666666
2010-09-02 23:00:00,0.3901666666666666,0.4651246666666667,-0.07495800000000008,0.07495800000000008
2010-09-03 00:00:00,0.345,0.34612433333333315,-0.0011243333333331718,0.0011243333333331718
2010-09-03 01:00:00,0.3454666666666667,0.3627463333333334,-0.017279666666666693,0.017279666666666693
2010-09-03 02:00:00,0.4543,0.3584969999999999,0.09580300000000008,0.09580300000000008
2010-09-03 03:00:00,0.6939333333333334,0.5148533333333333,0.17908000000000013,0.17908000000000013
2010-09-03 04:00:00,0.9556333333333332,0.7805159777777777,0.17511735555555552,0.17511735555555552
2010-09-03 05:00:00,0.9327666666666666,0.7879206000000002,0.14484606666666644,0.14484606666666644
2010-09-03 06:00:00,1.1414666666666666,2.0029223673835124,-0.8614557007168457,0.8614557007168457
2010-09-03 07:00:00,1.5048,1.5005276799999996,0.004272320000000329,0.004272320000000329
2010-09-03 08:00:00,1.4632,1.4227586666666667,0.04044133333333333,0.04044133333333333
2010-09-03 09:00:00,1.3639333333333332,1.3161003333333334,0.04783299999999979,0.04783299999999979
2010-09-03 10:00:00,1.4092333333333331,1.357010333333333,0.05222300000000013,0.05222300000000013
2010-09-03 11:00:00,1.6444666666666667,1.148013333333334,0.49645333333333275,0.49645333333333275
2010-09-03 12:00:00,0.7313666666666666,1.574374666666667,-0.8430080000000003,0.8430080000000003
2010-09-03 13:00:00,0.3552333333333333,0.6701499999999997,-0.3149166666666664,0.3149166666666664
2010-09-03 14:00:00,0.4102333333333333,0.7581823333333336,-0.34794900000000034,0.34794900000000034
2010-09-03 15:00:00,0.3091333333333333,0.7840603333333332,-0.47492699999999993,0.47492699999999993
2010-09-03 16:00:00,0.3439666666666666,0.6460756666666668,-0.30210900000000024,0.30210900000000024
2010-09-03 17:00:00,0.3648333333333333,0.5663850960451976,-0.2015517627118643,0.2015517627118643
2010-09-03 18:00:00,0.531,1.066697627118644,-0.5356976271186439,0.5356976271186439
2010-09-03 19:00:00,2.3058666666666667,1.4955606666666665,0.8103060000000002,0.8103060000000002
2010-09-03 20:00:00,1.804433333333333,1.8031716666666666,0.0012616666666662724,0.0012616666666662724
2010-09-03 21:00:00,1.6770333333333334,1.4984609999999998,0.17857233333333355,0.17857233333333355
2010-09-03 22:00:00,0.9627666666666668,0.865480333333334,0.09728633333333281,0.09728633333333281
2010-09-03 23:00:00,0.4686666666666667,0.5896873333333332,-0.12102066666666655,0.12102066666666655
2010-09-04 00:00:00,0.3332666666666666,0.49925057333333345,-0.16598390666666685,0.16598390666666685
2010-09-04 01:00:00,0.2752666666666667,0.33597866666666687,-0.060712000000000155,0.060712000000000155
2010-09-04 02:00:00,0.3137666666666667,0.402243,-0.08847633333333332,0.08847633333333332
2010-09-04 03:00:00,1.0629666666666666,0.3940376666666666,0.668929,0.668929
2010-09-04 04:00:00,0.3228999999999999,0.48741994915254244,-0.16451994915254253,0.16451994915254253
2010-09-04 05:00:00,0.6717333333333334,0.7180593333333332,-0.046325999999999756,0.046325999999999756
2010-09-04 06:00:00,1.9570333333333327,1.718853949152542,0.23817938418079065,0.23817938418079065
2010-09-04 07:00:00,1.4460000000000002,1.7459871428571423,-0.2999871428571421,0.2999871428571421
2010-09-04 08:00:00,0.779,1.4837863333333332,-0.7047863333333332,0.7047863333333332
2010-09-04 09:00:00,0.9023666666666668,0.7932839999999995,0.10908266666666722,0.10908266666666722
2010-09-04 10:00:00,1.6402333333333334,1.477802339969278,0.16243099336405553,0.16243099336405553
2010-09-04 11:00:00,1.3255666666666668,1.3293640000000002,-0.0037973333333334303,0.0037973333333334303
2010-09-04 12:00:00,1.1751666666666667,1.265542333333334,-0.0903756666666673,0.0903756666666673
2010-09-04 13:00:00,2.1476,1.4685163777777779,0.6790836222222223,0.6790836222222223
2010-09-04 14:00:00,1.7486666666666666,1.9522937062146892,-0.20362703954802264,0.20362703954802264
2010-09-04 15:00:00,0.7704666666666667,1.7048534124293784,-0.9343867457627116,0.9343867457627116
2010-09-04 16:00:00,0.5642333333333334,1.3618070340501796,-0.7975737007168462,0.7975737007168462
2010-09-04 17:00:00,1.6102,1.223573333333333,0.3866266666666671,0.3866266666666671
2010-09-04 18:00:00,1.6162333333333334,1.6112286666666669,0.005004666666666546,0.005004666666666546
2010-09-04 19:00:00,2.278833333333333,1.4241460000000004,0.8546873333333327,0.8546873333333327
2010-09-04 20:00:00,2.5189666666666666,2.203411192090396,0.31555547457627053,0.31555547457627053
2010-09-04 21:00:00,2.1733666666666664,1.887777,0.2855896666666664,0.2855896666666664
2010-09-04 22:00:00,0.9615,1.4846422298850575,-0.5231422298850574,0.5231422298850574
2010-09-04 23:00:00,0.5580999999999999,0.6352772133333329,-0.07717721333333294,0.07717721333333294
2010-09-05 00:00:00,0.4830333333333333,0.48742700000000005,-0.00439366666666674,0.00439366666666674
2010-09-05 01:00:00,0.5433,0.454864386666667,0.088435613333333,0.088435613333333
2010-09-05 02:00:00,0.3478,0.4754973066666667,-0.12769730666666668,0.12769730666666668
2010-09-05 03:00:00,0.3080333333333333,0.33655899999999994,-0.028525666666666616,0.028525666666666616
2010-09-05 04:00:00,0.3382333333333333,0.43514066666666684,-0.09690733333333357,0.09690733333333357
2010-09-05 05:00:00,0.2695333333333333,0.5280153333333335,-0.2584820000000002,0.2584820000000002
2010-09-05 06:00:00,0.3099666666666666,0.4138900000000003,-0.1039233333333337,0.1039233333333337
2010-09-05 07:00:00,1.3496,0.655396,0.6942039999999999,0.6942039999999999
2010-09-05 08:00:00,0.4319666666666666,1.2056309491525423,-0.7736642824858757,0.7736642824858757
2010-09-05 09:00:00,1.256,0.8851023333333334,0.37089766666666657,0.37089766666666657
2010-09-05 10:00:00,1.6126,1.3950086666666663,0.2175913333333337,0.2175913333333337
2010-09-05 11:00:00,0.9832,1.735531333333333,-0.7523313333333331,0.7523313333333331
2010-09-05 12:00:00,0.7988999999999999,1.5494116533333335,-0.7505116533333336,0.7505116533333336
2010-09-05 13:00:00,1.2334666666666665,1.4327553333333336,-0.1992886666666671,0.1992886666666671
2010-09-05 14:00:00,2.221833333333333,1.395513346666667,0.8263199866666662,0.8263199866666662
2010-09-05 15:00:00,1.0086333333333333,2.188056564971751,-1.179423231638418,1.179423231638418
2010-09-05 16:00:00,0.5999333333333333,1.3392798821092284,-0.7393465487758951,0.7393465487758951
2010-09-05 17:00:00,0.8549,1.2506681199999996,-0.3957681199999996,0.3957681199999996
2010-09-05 18:00:00,1.3828666666666665,1.3987353333333332,-0.015868666666666753,0.015868666666666753
2010-09-05 19:00:00,1.0963666666666667,2.2707943333333325,-1.1744276666666658,1.1744276666666658
2010-09-05 20:00:00,2.119,1.8980127627118641,0.22098723728813607,0.22098723728813607
2010-09-05 21:00:00,1.5342333333333331,1.5596743728813554,-0.025441039548022237,0.025441039548022237
2010-09-05 22:00:00,0.4088,0.6966606533333333,-0.28786065333333327,0.28786065333333327
2010-09-05 23:00:00,0.3614666666666666,0.39571799999999974,-0.034251333333333134,0.034251333333333134
2010-09-06 00:00:00,0.3339333333333333,0.33855833333333324,-0.004624999999999935,0.004624999999999935
2010-09-06 01:00:00,0.3425666666666666,0.4042460000000001,-0.06167933333333353,0.06167933333333353
2010-09-06 02:00:00,0.2824333333333333,0.36908166666666675,-0.08664833333333344,0.08664833333333344
2010-09-06 03:00:00,0.351,0.3465610000000001,0.00443899999999986,0.00443899999999986
2010-09-06 04:00:00,0.2231,0.464256,-0.241156,0.241156
2010-09-06 05:00:00,1.5419333333333334,0.7434463333333332,0.7984870000000002,0.7984870000000002
2010-09-06 06:00:00,1.8616333333333333,1.941939,-0.08030566666666683,0.08030566666666683
2010-09-06 07:00:00,1.5826333333333331,1.4984423333333325,0.08419100000000057,0.08419100000000057
2010-09-06 08:00:00,1.4338000000000002,1.513241666666666,-0.07944166666666574,0.07944166666666574
2010-09-06 09:00:00,0.5483666666666667,1.3132553333333328,-0.7648886666666661,0.7648886666666661
2010-09-06 10:00:00,0.3156,0.6150329999999999,-0.29943299999999995,0.29943299999999995
2010-09-06 11:00:00,1.241766666666667,0.3895113333333334,0.8522553333333336,0.8522553333333336
2010-09-06 12:00:00,1.3418333333333334,1.4668841066666665,-0.12505077333333303,0.12505077333333303
2010-09-06 13:00:00,0.3654333333333333,1.2969126666666668,-0.9314793333333335,0.9314793333333335
2010-09-06 14:00:00,0.9581666666666668,0.5352393333333333,0.42292733333333354,0.42292733333333354
2010-09-06 15:00:00,1.4072333333333331,0.7904966666666668,0.6167366666666663,0.6167366666666663
2010-09-06 16:00:00,2.497666666666667,1.0901499199999998,1.4075167466666672,1.4075167466666672
2010-09-06 17:00:00,0.8907,2.0238576949152547,-1.1331576949152546,1.1331576949152546
2010-09-06 18:00:00,1.2747333333333333,1.4003573333333332,-0.12562399999999996,0.12562399999999996
2010-09-06 19:00:00,1.1888666666666663,2.112501666666667,-0.9236350000000009,0.9236350000000009
2010-09-06 20:00:00,1.7181666666666666,1.887091898305086,-0.16892523163841933,0.16892523163841933
2010-09-06 21:00:00,1.2335,1.614284666666666,-0.3807846666666659,0.3807846666666659
2010-09-06 22:00:00,0.4180666666666666,0.678325,-0.26025833333333337,0.26025833333333337
2010-09-06 23:00:00,0.6620666666666666,0.49304099999999984,0.16902566666666674,0.16902566666666674
2010-09-07 00:00:00,0.6508333333333333,0.5315816666666664,0.11925166666666687,0.11925166666666687
2010-09-07 01:00:00,0.2722,0.39970666666666665,-0.12750666666666666,0.12750666666666666
2010-09-07 02:00:00,0.3152666666666667,0.3846633333333332,-0.0693966666666665,0.0693966666666665
2010-09-07 03:00:00,0.305,0.3316576666666666,-0.02665766666666658,0.02665766666666658
2010-09-07 04:00:00,0.3268666666666666,0.4086636666666666,-0.08179700000000001,0.08179700000000001
2010-09-07 05:00:00,0.6378,0.8829443333333333,-0.2451443333333333,0.2451443333333333
2010-09-07 06:00:00,1.8521333333333327,1.808493333333334,0.04363999999999879,0.04363999999999879
2010-09-07 07:00:00,1.4305333333333332,1.586829712643678,-0.15629637931034468,0.15629637931034468
2010-09-07 08:00:00,1.4320333333333333,1.5243533333333334,-0.09232000000000018,0.09232000000000018
2010-09-07 09:00:00,0.6150333333333333,1.1956796666666665,-0.5806463333333332,0.5806463333333332
2010-09-07 10:00:00,1.0950666666666666,1.005614666666667,0.08945199999999964,0.08945199999999964
2010-09-07 11:00:00,0.4864666666666667,1.4598614986817318,-0.973394832015065,0.973394832015065
2010-09-07 12:00:00,0.4363666666666666,0.6667123333333334,-0.23034566666666673,0.23034566666666673
2010-09-07 13:00:00,0.3362,0.6231136666666665,-0.28691366666666646,0.28691366666666646
2010-09-07 14:00:00,0.3363333333333333,0.5061856666666664,-0.1698523333333331,0.1698523333333331
2010-09-07 15:00:00,0.9365,0.35840800000000006,0.5780919999999999,0.5780919999999999
2010-09-07 16:00:00,0.3335,0.7206303333333335,-0.38713033333333347,0.38713033333333347
2010-09-07 17:00:00,1.0712666666666666,0.7018820000000001,0.3693846666666665,0.3693846666666665
2010-09-07 18:00:00,2.760933333333333,1.6198476666666652,1.1410856666666678,1.1410856666666678
2010-09-07 19:00:00,2.1508333333333334,2.251919333333334,-0.10108600000000045,0.10108600000000045
2010-09-07 20:00:00,2.2494333333333336,1.8259504124293786,0.423482920903955,0.423482920903955
2010-09-07 21:00:00,2.4007666666666667,1.4976086666666668,0.9031579999999999,0.9031579999999999
2010-09-07 22:00:00,1.1041333333333334,1.2373320000000003,-0.1331986666666669,0.1331986666666669
2010-09-07 23:00:00,0.3659666666666666,0.534976,-0.1690093333333334,0.1690093333333334
2010-09-08 00:00:00,0.3497666666666666,0.36597799999999997,-0.016211333333333355,0.016211333333333355
2010-09-08 01:00:00,0.4579,0.32474364912280707,0.1331563508771929,0.1331563508771929
2010-09-08 02:00:00,0.3013333333333333,0.4989969333333332,-0.19766359999999994,0.19766359999999994
2010-09-08 03:00:00,0.346,0.38672266666666644,-0.04072266666666646,0.04072266666666646
2010-09-08 04:00:00,0.3224333333333333,0.45275000000000015,-0.13031666666666686,0.13031666666666686
2010-09-08 05:00:00,0.7884333333333333,1.0887832146892655,-0.3003498813559322,0.3003498813559322
2010-09-08 06:00:00,1.9181,2.057038,-0.138938,0.138938
2010-09-08 07:00:00,1.6187,1.504562712643679,0.11413728735632112,0.11413728735632112
2010-09-08 08:00:00,1.4468333333333334,1.4817160000000007,-0.034882666666667284,0.034882666666667284
2010-09-08 09:00:00,0.4638666666666667,1.4671970000000008,-1.003330333333334,1.003330333333334
2010-09-08 10:00:00,0.3372,0.7057540000000002,-0.3685540000000002,0.3685540000000002
2010-09-08 11:00:00,0.6727666666666666,0.718308666666667,-0.045542000000000415,0.045542000000000415
2010-09-08 12:00:00,0.4571333333333333,0.9299420000000006,-0.4728086666666673,0.4728086666666673
2010-09-08 13:00:00,0.5007,0.7843730000000001,-0.28367300000000006,0.28367300000000006
2010-09-08 14:00:00,0.4572,0.7859596666666664,-0.3287596666666664,0.3287596666666664
2010-09-08 15:00:00,0.5627333333333334,0.7395529999999998,-0.17681966666666638,0.17681966666666638
2010-09-08 16:00:00,0.9294,0.7340683333333335,0.19533166666666646,0.19533166666666646
2010-09-08 17:00:00,1.6340333333333334,1.3847716222222217,0.24926171111111173,0.24926171111111173
2010-09-08 18:00:00,0.7245333333333334,1.8398676666666671,-1.1153343333333336,1.1153343333333336
2010-09-08 19:00:00,1.853,1.6965306666666666,0.15646933333333335,0.15646933333333335
2010-09-08 20:00:00,2.8006,2.139576909799337,0.6610230902006631,0.6610230902006631
2010-09-08 21:00:00,1.4298333333333333,1.7416525027763794,-0.3118191694430461,0.3118191694430461
2010-09-08 22:00:00,0.9917333333333332,0.8770990000000003,0.11463433333333295,0.11463433333333295
2010-09-08 23:00:00,0.9049666666666668,0.5791405466666667,0.3258261200000001,0.3258261200000001
2010-09-09 00:00:00,0.4724666666666666,0.7558596666666663,-0.2833929999999997,0.2833929999999997
2010-09-09 01:00:00,0.3279333333333333,0.47692278666666654,-0.14898945333333324,0.14898945333333324
2010-09-09 02:00:00,0.2828,0.3208623333333332,-0.0380623333333332,0.0380623333333332
2010-09-09 03:00:00,0.2496,0.34987599999999985,-0.10027599999999987,0.10027599999999987
2010-09-09 04:00:00,0.7349333333333334,0.36727200000000015,0.3676613333333333,0.3676613333333333
2010-09-09 05:00:00,0.8782666666666666,1.0139433333333339,-0.13567666666666722,0.13567666666666722
2010-09-09 06:00:00,1.9046,1.6620999999999995,0.2425000000000006,0.2425000000000006
2010-09-09 07:00:00,1.4102,1.5226937126436777,-0.1124937126436778,0.1124937126436778
2010-09-09 08:00:00,0.9942666666666666,1.3424046666666662,-0.3481379999999996,0.3481379999999996
2010-09-09 09:00:00,0.4267666666666666,0.5719773333333333,-0.1452106666666667,0.1452106666666667
2010-09-09 10:00:00,0.8445666666666667,0.6651193333333333,0.1794473333333334,0.1794473333333334
2010-09-09 11:00:00,0.8244666666666667,0.6542093333333336,0.17025733333333304,0.17025733333333304
2010-09-09 12:00:00,0.958,0.8307566266666668,0.12724337333333313,0.12724337333333313
2010-09-09 13:00:00,0.4209666666666666,0.966960488888889,-0.5459938222222224,0.5459938222222224
2010-09-09 14:00:00,0.7772333333333333,0.7497373333333337,0.027495999999999632,0.027495999999999632
2010-09-09 15:00:00,0.3003666666666666,0.6540341333333335,-0.3536674666666669,0.3536674666666669
2010-09-09 16:00:00,0.7164666666666667,0.4370863333333333,0.2793803333333334,0.2793803333333334
2010-09-09 17:00:00,0.47,1.1096464933333328,-0.6396464933333328,0.6396464933333328
2010-09-09 18:00:00,1.5420666666666667,1.4342623333333335,0.10780433333333317,0.10780433333333317
2010-09-09 19:00:00,2.6474333333333333,1.767198333333334,0.8802349999999992,0.8802349999999992
2010-09-09 20:00:00,1.2951666666666666,2.239587027117132,-0.9444203604504653,0.9444203604504653
2010-09-09 21:00:00,0.8265333333333333,1.1687813095238082,-0.34224797619047487,0.34224797619047487
2010-09-09 22:00:00,0.4351666666666666,0.4927373333333334,-0.057570666666666825,0.057570666666666825
2010-09-09 23:00:00,0.3246,0.3628369999999997,-0.03823699999999969,0.03823699999999969
2010-09-10 00:00:00,0.8062666666666666,0.36844600000000005,0.4378206666666665,0.4378206666666665
2010-09-10 01:00:00,0.4391,0.41393600000000014,0.025163999999999853,0.025163999999999853
2010-09-10 02:00:00,0.3361666666666666,0.43694333333333363,-0.10077666666666701,0.10077666666666701
2010-09-10 03:00:00,0.2793333333333334,0.39150799999999997,-0.11217466666666659,0.11217466666666659
2010-09-10 04:00:00,0.2612666666666666,0.35574633333333333,-0.09447966666666674,0.09447966666666674
2010-09-10 05:00:00,0.9106666666666666,0.8438972146892655,0.06676945197740114,0.06676945197740114
2010-09-10 06:00:00,1.698,1.9282849999999994,-0.2302849999999994,0.2302849999999994
2010-09-10 07:00:00,0.3198333333333333,1.5076139999999978,-1.1877806666666646,1.1877806666666646
2010-09-10 08:00:00,0.307,0.7776576666666669,-0.4706576666666669,0.4706576666666669
2010-09-10 09:00:00,0.3499333333333333,0.5138583333333333,-0.163925,0.163925
2010-09-10 10:00:00,0.4699333333333333,0.4982946666666668,-0.02836133333333346,0.02836133333333346
2010-09-10 11:00:00,0.2324333333333333,0.7313563333333335,-0.4989230000000002,0.4989230000000002
2010-09-10 12:00:00,0.3742666666666666,0.5327873333333333,-0.1585206666666667,0.1585206666666667
2010-09-10 13:00:00,0.4270333333333333,0.42679433333333344,0.0002389999999998782,0.0002389999999998782
2010-09-10 14:00:00,0.3281,0.5911433333333338,-0.2630433333333338,0.2630433333333338
2010-09-10 15:00:00,0.9026,0.41977666666666663,0.4828233333333333,0.4828233333333333
2010-09-10 16:00:00,1.0888,0.6790060000000001,0.4097939999999999,0.4097939999999999
2010-09-10 17:00:00,2.1483,1.2763806666666666,0.8719193333333333,0.8719193333333333
2010-09-10 18:00:00,1.8013,2.4018376666666663,-0.6005376666666664,0.6005376666666664
2010-09-10 19:00:00,2.3795,1.9542880395480215,0.4252119604519786,0.4252119604519786
2010-09-10 20:00:00,2.0765,2.076813636746418,-0.0003136367464180445,0.0003136367464180445
2010-09-10 21:00:00,2.3522000000000003,1.4970853333333336,0.8551146666666667,0.8551146666666667
2010-09-10 22:00:00,1.5219999999999998,1.2285209999999998,0.29347900000000005,0.29347900000000005
2010-09-10 23:00:00,1.0361333333333334,0.9679961866666663,0.06813714666666704,0.06813714666666704
2010-09-11 00:00:00,0.461,0.9003635252022528,-0.4393635252022528,0.4393635252022528
2010-09-11 01:00:00,0.345,0.42037333333333365,-0.07537333333333368,0.07537333333333368
2010-09-11 02:00:00,0.2740666666666666,0.35095633333333337,-0.07688966666666674,0.07688966666666674
2010-09-11 03:00:00,0.3428,0.3698516666666666,-0.027051666666666585,0.027051666666666585
2010-09-11 04:00:00,0.3025666666666666,0.43965466666666664,-0.13708800000000004,0.13708800000000004
2010-09-11 05:00:00,0.7187666666666667,0.8114670000000004,-0.09270033333333372,0.09270033333333372
2010-09-11 06:00:00,1.6514,1.6915686666666667,-0.04016866666666674,0.04016866666666674
2010-09-11 07:00:00,1.4151,1.7613576666666666,-0.3462576666666666,0.3462576666666666
2010-09-11 08:00:00,0.8931,1.4802069999999998,-0.5871069999999998,0.5871069999999998
2010-09-11 09:00:00,1.3423,1.1307469999999997,0.21155300000000032,0.21155300000000032
2010-09-11 10:00:00,0.4276666666666667,1.2056143333333333,-0.7779476666666667,0.7779476666666667
2010-09-11 11:00:00,1.0580333333333334,0.8671556666666667,0.19087766666666672,0.19087766666666672
2010-09-11 12:00:00,1.7219,1.662195666666667,0.059704333333332915,0.059704333333332915
2010-09-11 13:00:00,1.8109,1.6402733333333328,0.17062666666666715,0.17062666666666715
2010-09-11 14:00:00,0.9680666666666669,1.600655745762712,-0.6325890790960451,0.6325890790960451
2010-09-11 15:00:00,0.4590666666666667,1.2654162836661542,-0.8063496169994875,0.8063496169994875
2010-09-11 16:00:00,1.2209333333333334,1.1168973333333339,0.10403599999999957,0.10403599999999957
2010-09-11 17:00:00,0.7318333333333332,1.0301155649717515,-0.29828223163841827,0.29828223163841827
2010-09-11 18:00:00,0.3817666666666666,1.6014339999999996,-1.219667333333333,1.219667333333333
2010-09-11 19:00:00,1.0722999999999998,0.8806026666666668,0.19169733333333305,0.19169733333333305
2010-09-11 20:00:00,1.8524,1.9456925310734465,-0.09329253107344648,0.09329253107344648
2010-09-11 21:00:00,1.9503333333333333,1.7244335200000003,0.22589981333333298,0.22589981333333298
2010-09-11 22:00:00,1.9510666666666665,2.0127343333333334,-0.0616676666666669,0.0616676666666669
2010-09-11 23:00:00,1.9163,1.9139263333333332,0.0023736666666667183,0.0023736666666667183
2010-09-12 00:00:00,1.7626333333333333,1.882004666666666,-0.11937133333333283,0.11937133333333283
2010-09-12 01:00:00,2.2741,1.813973213333333,0.46012678666666673,0.46012678666666673
2010-09-12 02:00:00,2.235966666666667,1.3821105678668324,0.8538560987998347,0.8538560987998347
2010-09-12 03:00:00,1.4288333333333334,1.3583966032539083,0.07043673007942508,0.07043673007942508
2010-09-12 04:00:00,0.2998,1.0064900266666665,-0.7066900266666665,0.7066900266666665
2010-09-12 05:00:00,0.2696,0.45527199999999973,-0.18567199999999973,0.18567199999999973
2010-09-12 06:00:00,0.3461,0.46676233333333345,-0.12066233333333343,0.12066233333333343
2010-09-12 07:00:00,0.3628,0.6175523333333333,-0.25475233333333325,0.25475233333333325
2010-09-12 08:00:00,0.4345,0.9387396666666671,-0.5042396666666671,0.5042396666666671
2010-09-12 09:00:00,0.2618666666666666,1.0621246666666666,-0.800258,0.800258
2010-09-12 10:00:00,0.8206,0.7222913333333334,0.0983086666666666,0.0983086666666666
2010-09-12 11:00:00,1.1534333333333333,0.9200370000000002,0.2333963333333331,0.2333963333333331
2010-09-12 12:00:00,2.1095333333333333,1.6613560480802487,0.44817728525308453,0.44817728525308453
2010-09-12 13:00:00,1.6432,1.8972016666666673,-0.25400166666666735,0.25400166666666735
2010-09-12 14:00:00,1.5487333333333335,1.7415680000000002,-0.1928346666666667,0.1928346666666667
2010-09-12 15:00:00,1.0166,1.3459279999999998,-0.32932799999999984,0.32932799999999984
2010-09-12 16:00:00,0.4826,1.2594167288135594,-0.7768167288135595,0.7768167288135595
2010-09-12 17:00:00,0.4251666666666667,1.0547539999999997,-0.629587333333333,0.629587333333333
2010-09-12 18:00:00,0.3076666666666667,1.0994616666666661,-0.7917949999999994,0.7917949999999994
2010-09-12 19:00:00,1.3974,0.5000383333333331,0.8973616666666668,0.8973616666666668
2010-09-12 20:00:00,1.5438333333333332,1.9744734,-0.43064006666666677,0.43064006666666677
2010-09-12 21:00:00,1.5374333333333332,1.3865184533333335,0.15091487999999975,0.15091487999999975
2010-09-12 22:00:00,1.2895,1.0518089466666667,0.2376910533333334,0.2376910533333334
2010-09-12 23:00:00,0.7721333333333333,0.8398866666666674,-0.06775333333333411,0.06775333333333411
2010-09-13 00:00:00,0.3366,0.3884736666666666,-0.051873666666666596,0.051873666666666596
2010-09-13 01:00:00,0.9683333333333334,0.32326333333333324,0.6450700000000001,0.6450700000000001
2010-09-13 02:00:00,0.3106666666666667,0.3879623333333332,-0.07729566666666648,0.07729566666666648
2010-09-13 03:00:00,0.2142,0.35169233333333333,-0.13749233333333333,0.13749233333333333
2010-09-13 04:00:00,0.2632,0.40768299999999996,-0.14448299999999997,0.14448299999999997
2010-09-13 05:00:00,0.6192333333333333,0.8225145480225987,-0.2032812146892654,0.2032812146892654
2010-09-13 06:00:00,1.9085666666666663,1.6450553333333329,0.26351133333333343,0.26351133333333343
2010-09-13 07:00:00,1.4395666666666669,1.5021519999999997,-0.06258533333333283,0.06258533333333283
2010-09-13 08:00:00,0.5902333333333334,1.3011966666666668,-0.7109633333333334,0.7109633333333334
2010-09-13 09:00:00,0.3597666666666666,0.5881684444444445,-0.22840177777777787,0.22840177777777787
2010-09-13 10:00:00,0.3375666666666667,0.38186566666666655,-0.044298999999999866,0.044298999999999866
2010-09-13 11:00:00,0.2678666666666666,0.3354513333333333,-0.06758466666666674,0.06758466666666674
2010-09-13 12:00:00,1.2969000000000002,0.45651466666666657,0.8403853333333335,0.8403853333333335
2010-09-13 13:00:00,0.3499666666666667,0.9003196666666666,-0.5503529999999999,0.5503529999999999
2010-09-13 14:00:00,0.2418,0.49595599999999995,-0.25415599999999994,0.25415599999999994
2010-09-13 15:00:00,0.3480666666666667,0.3970663333333333,-0.04899966666666661,0.04899966666666661
2010-09-13 16:00:00,0.3459,0.7096301468926559,-0.3637301468926559,0.3637301468926559
2010-09-13 17:00:00,0.7102666666666667,0.683013666666667,0.02725299999999975,0.02725299999999975
2010-09-13 18:00:00,1.227833333333333,1.809364666666666,-0.581531333333333,0.581531333333333
2010-09-13 19:00:00,1.4991,2.151991985687382,-0.652891985687382,0.652891985687382
2010-09-13 20:00:00,1.7951,2.119691824858757,-0.3245918248587569,0.3245918248587569
2010-09-13 21:00:00,1.4222333333333337,1.4131482400000008,0.00908509333333285,0.00908509333333285
2010-09-13 22:00:00,0.3135666666666666,0.7985693333333335,-0.48500266666666686,0.48500266666666686
2010-09-13 23:00:00,0.3368333333333334,0.4707146666666665,-0.13388133333333313,0.13388133333333313
2010-09-14 00:00:00,0.3358,0.3077566666666666,0.028043333333333365,0.028043333333333365
2010-09-14 01:00:00,0.3402,0.32325200000000004,0.016947999999999963,0.016947999999999963
2010-09-14 02:00:00,0.2792333333333333,0.3289796666666666,-0.04974633333333334,0.04974633333333334
2010-09-14 03:00:00,0.2566666666666666,0.3663526666666666,-0.109686,0.109686
2010-09-14 04:00:00,0.2604,0.3559156666666665,-0.0955156666666665,0.0955156666666665
2010-09-14 05:00:00,0.6287,0.751641548022599,-0.12294154802259893,0.12294154802259893
2010-09-14 06:00:00,1.7493333333333334,1.8059229999999997,-0.056589666666666316,0.056589666666666316
2010-09-14 07:00:00,1.4405,1.6320823333333332,-0.1915823333333333,0.1915823333333333
2010-09-14 08:00:00,2.193433333333333,1.418,0.7754333333333332,0.7754333333333332
2010-09-14 09:00:00,0.9704666666666668,1.9361620000000013,-0.9656953333333345,0.9656953333333345
2010-09-14 10:00:00,1.7899,1.1258610000000002,0.6640389999999998,0.6640389999999998
2010-09-14 11:00:00,0.5667666666666666,1.4842283333333341,-0.9174616666666675,0.9174616666666675
2010-09-14 12:00:00,0.5091666666666667,0.7162087777777779,-0.20704211111111126,0.20704211111111126
2010-09-14 13:00:00,0.9451666666666668,0.7729700000000002,0.17219666666666666,0.17219666666666666
2010-09-14 14:00:00,0.3289666666666667,0.6301956666666667,-0.301229,0.301229
2010-09-14 15:00:00,0.3869666666666667,0.5302463333333334,-0.1432796666666667,0.1432796666666667
2010-09-14 16:00:00,0.5251666666666667,0.6177533333333338,-0.09258666666666715,0.09258666666666715
2010-09-14 17:00:00,1.5987,0.9998413999999998,0.5988586000000002,0.5988586000000002
2010-09-14 18:00:00,1.9842333333333333,1.9916386666666674,-0.007405333333334152,0.007405333333334152
2010-09-14 19:00:00,2.0944333333333334,1.960188666666667,0.13424466666666635,0.13424466666666635
2010-09-14 20:00:00,2.1402666666666668,1.729701412429379,0.41056525423728774,0.41056525423728774
2010-09-14 21:00:00,1.3248333333333333,1.5256966666666665,-0.20086333333333317,0.20086333333333317
2010-09-14 22:00:00,0.8584999999999999,0.6779676666666669,0.18053233333333307,0.18053233333333307
2010-09-14 23:00:00,0.3932,0.4435303333333335,-0.05033033333333353,0.05033033333333353
2010-09-15 00:00:00,0.4083666666666666,0.35851600000000006,0.04985066666666654,0.04985066666666654
2010-09-15 01:00:00,0.3807333333333333,0.36029666666666676,0.020436666666666548,0.020436666666666548
2010-09-15 02:00:00,0.351,0.36334399999999994,-0.012343999999999966,0.012343999999999966
2010-09-15 03:00:00,0.2393333333333333,0.35842199999999985,-0.11908866666666656,0.11908866666666656
2010-09-15 04:00:00,0.305,0.525782,-0.22078199999999998,0.22078199999999998
2010-09-15 05:00:00,0.8122666666666667,1.0749530960451974,-0.2626864293785307,0.2626864293785307
2010-09-15 06:00:00,2.0184,1.7422990000000005,0.2761009999999997,0.2761009999999997
2010-09-15 07:00:00,1.5053666666666667,1.5038962068965516,0.0014704597701151734,0.0014704597701151734
2010-09-15 08:00:00,1.1082333333333334,1.4319640000000005,-0.32373066666666706,0.32373066666666706
2010-09-15 09:00:00,0.3105666666666666,0.7476088474576273,-0.43704218079096074,0.43704218079096074
2010-09-15 10:00:00,0.2289666666666666,0.4501103333333333,-0.22114366666666668,0.22114366666666668
2010-09-15 11:00:00,0.3728666666666667,0.3888530000000002,-0.015986333333333547,0.015986333333333547
2010-09-15 12:00:00,0.2737666666666666,0.615596,-0.34182933333333343,0.34182933333333343
2010-09-15 13:00:00,0.3443333333333333,0.5185306666666667,-0.17419733333333337,0.17419733333333337
2010-09-15 14:00:00,0.3588666666666666,0.3921863333333333,-0.03331966666666669,0.03331966666666669
2010-09-15 15:00:00,0.4031333333333333,0.49851966666666664,-0.09538633333333335,0.09538633333333335
2010-09-15 16:00:00,0.3624,0.6099310000000001,-0.2475310000000001,0.2475310000000001
2010-09-15 17:00:00,0.9830333333333332,0.5417330000000002,0.44130033333333296,0.44130033333333296
2010-09-15 18:00:00,0.2080333333333333,0.8816172824858759,-0.6735839491525426,0.6735839491525426
2010-09-15 19:00:00,0.7553,0.8325149999999999,-0.07721499999999992,0.07721499999999992
2010-09-15 20:00:00,1.586666666666667,1.874774853333333,-0.28810818666666616,0.28810818666666616
2010-09-15 21:00:00,1.7083666666666666,1.55874,0.14962666666666657,0.14962666666666657
2010-09-15 22:00:00,1.0167,1.2817858444444443,-0.2650858444444444,0.2650858444444444
2010-09-15 23:00:00,0.4185666666666667,0.6432909999999998,-0.22472433333333314,0.22472433333333314
2010-09-16 00:00:00,0.3141333333333333,0.3864566666666667,-0.0723233333333334,0.0723233333333334
2010-09-16 01:00:00,0.2648666666666666,0.288732,-0.023865333333333405,0.023865333333333405
2010-09-16 02:00:00,0.9835,0.3225316666666665,0.6609683333333336,0.6609683333333336
2010-09-16 03:00:00,0.2645,0.35591966666666663,-0.09141966666666662,0.09141966666666662
2010-09-16 04:00:00,0.3103999999999999,0.3613153333333335,-0.05091533333333359,0.05091533333333359
2010-09-16 05:00:00,0.6315666666666666,0.8053107627118645,-0.17374409604519792,0.17374409604519792
2010-09-16 06:00:00,1.9140666666666664,1.7289450666666668,0.18512159999999955,0.18512159999999955
2010-09-16 07:00:00,1.4490333333333334,1.5993644252873558,-0.1503310919540224,0.1503310919540224
2010-09-16 08:00:00,0.5514666666666667,1.3357959999999993,-0.7843293333333327,0.7843293333333327
2010-09-16 09:00:00,0.5208333333333334,0.5794616666666665,-0.05862833333333317,0.05862833333333317
2010-09-16 10:00:00,1.34,0.7572580000000003,0.5827419999999998,0.5827419999999998
2010-09-16 11:00:00,1.4146666666666663,1.136337666666667,0.2783289999999994,0.2783289999999994
2010-09-16 12:00:00,1.4808333333333332,1.0327946888888886,0.44803864444444463,0.44803864444444463
2010-09-16 13:00:00,0.5958666666666667,1.0852376666666665,-0.4893709999999999,0.4893709999999999
2010-09-16 14:00:00,0.2752666666666667,0.5353463333333329,-0.2600796666666662,0.2600796666666662
2010-09-16 15:00:00,0.2105,0.5372983333333331,-0.3267983333333331,0.3267983333333331
2010-09-16 16:00:00,0.2618333333333333,0.36043066666666657,-0.09859733333333326,0.09859733333333326
2010-09-16 17:00:00,0.7915333333333333,0.6830145593220343,0.10851877401129906,0.10851877401129906
2010-09-16 18:00:00,1.3970333333333331,1.603608666666667,-0.20657533333333378,0.20657533333333378
2010-09-16 19:00:00,2.9843,2.216037177777778,0.7682628222222223,0.7682628222222223
2010-09-16 20:00:00,1.731933333333333,2.1641092940311735,-0.43217596069784037,0.43217596069784037
2010-09-16 21:00:00,1.4389,1.5700363333333334,-0.1311363333333333,0.1311363333333333
2010-09-16 22:00:00,0.7833666666666667,0.9698036666666665,-0.18643699999999985,0.18643699999999985
2010-09-16 23:00:00,0.4765666666666667,0.4501053333333331,0.026461333333333614,0.026461333333333614
2010-09-17 00:00:00,0.2953,0.5216956666666664,-0.22639566666666644,0.22639566666666644
2010-09-17 01:00:00,0.5791000000000001,0.28161699999999995,0.2974830000000001,0.2974830000000001
2010-09-17 02:00:00,0.6627333333333334,0.5758289999999998,0.08690433333333358,0.08690433333333358
2010-09-17 03:00:00,0.1994999999999999,0.41608533333333336,-0.21658533333333346,0.21658533333333346
2010-09-17 04:00:00,0.2623666666666666,0.4072893333333333,-0.1449226666666667,0.1449226666666667
2010-09-17 05:00:00,0.6324333333333333,0.8586553333333334,-0.22622200000000015,0.22622200000000015
2010-09-17 06:00:00,1.9198,1.9083123333333345,0.011487666666665453,0.011487666666665453
2010-09-17 07:00:00,1.3942666666666663,1.629678712643678,-0.2354120459770117,0.2354120459770117
2010-09-17 08:00:00,0.8596,1.2617596666666666,-0.4021596666666666,0.4021596666666666
2010-09-17 09:00:00,0.1999,0.48776966666666643,-0.28786966666666647,0.28786966666666647
2010-09-17 10:00:00,0.2872333333333333,0.3736716666666667,-0.0864383333333334,0.0864383333333334
2010-09-17 11:00:00,0.5261666666666667,0.5536536666666667,-0.02748700000000004,0.02748700000000004
2010-09-17 12:00:00,0.3563,0.7748593333333331,-0.4185593333333331,0.4185593333333331
2010-09-17 13:00:00,0.7945666666666666,0.5347443333333334,0.25982233333333327,0.25982233333333327
2010-09-17 14:00:00,1.6732333333333334,1.370532,0.30270133333333327,0.30270133333333327
2010-09-17 15:00:00,2.9641666666666664,1.448734706214689,1.5154319604519775,1.5154319604519775
2010-09-17 16:00:00,1.5464666666666669,1.9966588983050857,-0.4501922316384188,0.4501922316384188
2010-09-17 17:00:00,1.945633333333333,1.579767000000001,0.36586633333333207,0.36586633333333207
2010-09-17 18:00:00,2.9272,2.2240916647721005,0.7031083352278995,0.7031083352278995
2010-09-17 19:00:00,2.873133333333333,2.1267237683615816,0.7464095649717515,0.7464095649717515
2010-09-17 20:00:00,0.5738333333333333,2.490199666666667,-1.9163663333333334,1.9163663333333334
2010-09-17 21:00:00,0.5266333333333334,0.8951703333333336,-0.3685370000000002,0.3685370000000002
2010-09-17 22:00:00,0.484,0.6881653333333334,-0.20416533333333342,0.20416533333333342
2010-09-17 23:00:00,0.2914333333333333,0.5062973333333334,-0.21486400000000005,0.21486400000000005
2010-09-18 00:00:00,0.2673666666666667,0.3712059999999998,-0.10383933333333312,0.10383933333333312
2010-09-18 01:00:00,0.8251666666666666,0.34269333333333324,0.48247333333333337,0.48247333333333337
2010-09-18 02:00:00,0.3550333333333333,0.34379466666666675,0.011238666666666564,0.011238666666666564
2010-09-18 03:00:00,0.331,0.4162449999999998,-0.0852449999999998,0.0852449999999998
2010-09-18 04:00:00,0.2082333333333333,0.47032033333333345,-0.2620870000000002,0.2620870000000002
2010-09-18 05:00:00,0.6108666666666667,0.6586929999999999,-0.04782633333333319,0.04782633333333319
2010-09-18 06:00:00,1.804,1.9104200000000007,-0.10642000000000063,0.10642000000000063
2010-09-18 07:00:00,1.3785999999999998,1.7932189999999997,-0.41461899999999985,0.41461899999999985
2010-09-18 08:00:00,0.8287,1.3279199491525424,-0.4992199491525424,0.4992199491525424
2010-09-18 09:00:00,0.5166333333333334,1.0699996666666665,-0.5533663333333331,0.5533663333333331
2010-09-18 10:00:00,0.3648666666666667,1.0354020000000002,-0.6705353333333335,0.6705353333333335
2010-09-18 11:00:00,0.3004,1.1868366666666668,-0.8864366666666668,0.8864366666666668
2010-09-18 12:00:00,0.8346333333333333,0.9005969999999998,-0.06596366666666642,0.06596366666666642
2010-09-18 13:00:00,1.0549333333333333,1.2132691513056844,-0.15833581797235108,0.15833581797235108
2010-09-18 14:00:00,0.8408666666666667,1.1923486666666658,-0.3514819999999992,0.3514819999999992
2010-09-18 15:00:00,0.9072666666666668,0.9835791345183235,-0.07631246785165668,0.07631246785165668
2010-09-18 16:00:00,1.3213666666666666,0.7215013333333335,0.599865333333333,0.599865333333333
2010-09-18 17:00:00,0.7356333333333333,1.1354026158192085,-0.3997692824858753,0.3997692824858753
2010-09-18 18:00:00,1.5119,1.422053,0.08984700000000001,0.08984700000000001
2010-09-18 19:00:00,1.7384666666666666,1.518917,0.21954966666666653,0.21954966666666653
2010-09-18 20:00:00,1.5982333333333334,1.484402,0.1138313333333334,0.1138313333333334
2010-09-18 21:00:00,1.6708,1.2974221866666664,0.37337781333333364,0.37337781333333364
2010-09-18 22:00:00,0.5027,1.1033500000000003,-0.6006500000000002,0.6006500000000002
2010-09-18 23:00:00,0.3826,0.5412566666666666,-0.1586566666666666,0.1586566666666666
2010-09-19 00:00:00,0.4039666666666666,0.39446733333333306,0.009499333333333526,0.009499333333333526
2010-09-19 01:00:00,0.414,0.42917566666666673,-0.015175666666666754,0.015175666666666754
2010-09-19 02:00:00,0.4856999999999999,0.4808253333333333,0.004874666666666583,0.004874666666666583
2010-09-19 03:00:00,0.2816333333333333,0.531743831111111,-0.2501104977777777,0.2501104977777777
2010-09-19 04:00:00,0.1971,0.4448259111111109,-0.24772591111111092,0.24772591111111092
2010-09-19 05:00:00,0.2370666666666666,0.38986733333333345,-0.15280066666666686,0.15280066666666686
2010-09-19 06:00:00,0.5294333333333333,0.5431123333333333,-0.013678999999999997,0.013678999999999997
2010-09-19 07:00:00,0.9478333333333332,0.9108110000000005,0.03702233333333271,0.03702233333333271
2010-09-19 08:00:00,0.8190666666666666,1.2091263333333335,-0.3900596666666669,0.3900596666666669
2010-09-19 09:00:00,0.5698333333333333,1.0137953333333332,-0.44396199999999986,0.44396199999999986
2010-09-19 10:00:00,0.2659,0.9066690444444441,-0.640769044444444,0.640769044444444
2010-09-19 11:00:00,0.2129333333333333,0.5636846666666666,-0.3507513333333333,0.3507513333333333
2010-09-19 12:00:00,0.4809333333333334,0.572308,-0.09137466666666666,0.09137466666666666
2010-09-19 13:00:00,0.3187333333333333,1.158001227177658,-0.8392678938443248,0.8392678938443248
2010-09-19 14:00:00,0.2951,0.6829943333333333,-0.3878943333333333,0.3878943333333333
2010-09-19 15:00:00,0.2527999999999999,0.43136500000000005,-0.17856500000000014,0.17856500000000014
2010-09-19 16:00:00,0.3328,0.5569853333333331,-0.22418533333333313,0.22418533333333313
2010-09-19 17:00:00,1.6387333333333334,0.6639026666666666,0.9748306666666667,0.9748306666666667
2010-09-19 18:00:00,1.0944666666666667,1.8960307062146902,-0.8015640395480235,0.8015640395480235
2010-09-19 19:00:00,2.343566666666667,1.8370696666666666,0.5064970000000002,0.5064970000000002
2010-09-19 20:00:00,1.8975666666666664,2.22757,-0.33000333333333365,0.33000333333333365
2010-09-19 21:00:00,0.7172333333333333,1.23263052,-0.5153971866666668,0.5153971866666668
2010-09-19 22:00:00,0.2076666666666667,0.45244633333333295,-0.24477966666666626,0.24477966666666626
2010-09-19 23:00:00,0.3577666666666667,0.3785599999999999,-0.02079333333333322,0.02079333333333322
2010-09-20 00:00:00,0.3307333333333334,0.3337466666666666,-0.0030133333333332013,0.0030133333333332013
2010-09-20 01:00:00,0.8504666666666666,0.3479196666666667,0.5025469999999999,0.5025469999999999
2010-09-20 02:00:00,0.2718666666666667,0.3611733333333335,-0.08930666666666681,0.08930666666666681
2010-09-20 03:00:00,0.1951,0.33273733333333316,-0.13763733333333317,0.13763733333333317
2010-09-20 04:00:00,0.2795333333333333,0.4356586666666668,-0.1561253333333335,0.1561253333333335
2010-09-20 05:00:00,0.6302,0.7258582146892657,-0.09565821468926572,0.09565821468926572
2010-09-20 06:00:00,2.116966666666667,1.6625740666666664,0.4543926000000005,0.4543926000000005
2010-09-20 07:00:00,1.4034333333333333,1.568880850574712,-0.16544751724137874,0.16544751724137874
2010-09-20 08:00:00,1.3784666666666667,1.3196636666666663,0.05880300000000038,0.05880300000000038
2010-09-20 09:00:00,1.4202666666666666,1.234906333333333,0.18536033333333357,0.18536033333333357
2010-09-20 10:00:00,0.8689,1.2191886666666667,-0.3502886666666667,0.3502886666666667
2010-09-20 11:00:00,2.172266666666667,0.9013576666666663,1.2709090000000005,1.2709090000000005
2010-09-20 12:00:00,1.165266666666667,1.7700640395480227,-0.6047973728813558,0.6047973728813558
2010-09-20 13:00:00,0.9749333333333332,1.0663389999999995,-0.09140566666666627,0.09140566666666627
2010-09-20 14:00:00,1.3373333333333333,1.0002440000000004,0.3370893333333329,0.3370893333333329
2010-09-20 15:00:00,1.3559,1.093888,0.26201200000000013,0.26201200000000013
2010-09-20 16:00:00,1.4825333333333333,0.9857253333333337,0.4968079999999996,0.4968079999999996
2010-09-20 17:00:00,1.1808666666666667,1.4509166666666664,-0.2700499999999997,0.2700499999999997
2010-09-20 18:00:00,1.3009,2.203675141242938,-0.9027751412429379,0.9027751412429379
2010-09-20 19:00:00,2.063066666666667,2.1629543728813543,-0.09988770621468746,0.09988770621468746
2010-09-20 20:00:00,2.5983666666666663,1.918908666666667,0.6794579999999992,0.6794579999999992
2010-09-20 21:00:00,1.689366666666667,1.5556971414173657,0.1336695252493012,0.1336695252493012
2010-09-20 22:00:00,0.6227,0.8140066666666671,-0.19130666666666707,0.19130666666666707
2010-09-20 23:00:00,0.4720333333333333,0.47169733333333336,0.00033599999999994745,0.00033599999999994745
2010-09-21 00:00:00,0.3028333333333333,0.4274597866666667,-0.12462645333333339,0.12462645333333339
2010-09-21 01:00:00,0.2044666666666666,0.3971523333333332,-0.19268566666666662,0.19268566666666662
2010-09-21 02:00:00,0.2689,0.4099313333333332,-0.14103133333333323,0.14103133333333323
2010-09-21 03:00:00,0.2723,0.33742499999999986,-0.06512499999999988,0.06512499999999988
2010-09-21 04:00:00,0.9105,0.31614399999999976,0.5943560000000002,0.5943560000000002
2010-09-21 05:00:00,0.6151666666666668,0.8280763333333332,-0.21290966666666644,0.21290966666666644
2010-09-21 06:00:00,1.8787333333333327,1.8578313333333332,0.020901999999999532,0.020901999999999532
2010-09-21 07:00:00,1.3339666666666663,1.6524030459770116,-0.3184363793103453,0.3184363793103453
2010-09-21 08:00:00,1.3714666666666666,1.2672789999999998,0.10418766666666679,0.10418766666666679
2010-09-21 09:00:00,1.0264,1.2783366666666667,-0.2519366666666667,0.2519366666666667
2010-09-21 10:00:00,0.7342333333333334,1.114928711111111,-0.3806953777777776,0.3806953777777776
2010-09-21 11:00:00,0.8323666666666667,0.9545543333333336,-0.12218766666666692,0.12218766666666692
2010-09-21 12:00:00,0.5928666666666668,0.7383003333333334,-0.14543366666666668,0.14543366666666668
2010-09-21 13:00:00,0.3046333333333333,0.6359203333333333,-0.331287,0.331287
2010-09-21 14:00:00,0.4209333333333333,0.44360233333333327,-0.02266899999999994,0.02266899999999994
2010-09-21 15:00:00,0.4111333333333333,0.5431359999999996,-0.13200266666666632,0.13200266666666632
2010-09-21 16:00:00,0.2477333333333333,0.6929856666666667,-0.4452523333333334,0.4452523333333334
2010-09-21 17:00:00,0.3106333333333334,0.5740646666666669,-0.2634313333333335,0.2634313333333335
2010-09-21 18:00:00,0.5627666666666666,0.9694543333333335,-0.4066876666666669,0.4066876666666669
2010-09-21 19:00:00,2.0710333333333333,1.716043666666667,0.3549896666666663,0.3549896666666663
2010-09-21 20:00:00,2.0067666666666666,1.8377196666666666,0.16904699999999995,0.16904699999999995
2010-09-21 21:00:00,1.0306666666666666,1.4370650000000007,-0.4063983333333341,0.4063983333333341
2010-09-21 22:00:00,0.3404,0.5651563333333337,-0.22475633333333372,0.22475633333333372
2010-09-21 23:00:00,0.2854333333333333,0.4005893333333334,-0.11515600000000009,0.11515600000000009
2010-09-22 00:00:00,0.3053666666666667,0.3779399999999999,-0.07257333333333321,0.07257333333333321
2010-09-22 01:00:00,0.3270666666666666,0.2844443333333334,0.04262233333333321,0.04262233333333321
2010-09-22 02:00:00,0.2604333333333333,0.3207353333333332,-0.06030199999999991,0.06030199999999991
2010-09-22 03:00:00,0.7687,0.34218899999999997,0.4265110000000001,0.4265110000000001
2010-09-22 04:00:00,0.3939666666666667,0.42638166666666666,-0.03241499999999997,0.03241499999999997
2010-09-22 05:00:00,0.5784,1.028671214689266,-0.450271214689266,0.450271214689266
2010-09-22 06:00:00,2.0355333333333334,1.858251,0.17728233333333332,0.17728233333333332
2010-09-22 07:00:00,1.8892,1.6255909655172411,0.26360903448275885,0.26360903448275885
2010-09-22 08:00:00,1.8499333333333328,1.5897070000000009,0.2602263333333319,0.2602263333333319
2010-09-22 09:00:00,1.5564,1.4690693333333338,0.08733066666666622,0.08733066666666622
2010-09-22 10:00:00,0.3938333333333333,0.9464220000000002,-0.5525886666666668,0.5525886666666668
2010-09-22 11:00:00,0.7272666666666667,0.622649333333333,0.10461733333333367,0.10461733333333367
2010-09-22 12:00:00,1.437466666666667,0.9130783333333337,0.5243883333333332,0.5243883333333332
2010-09-22 13:00:00,0.3046333333333333,1.0873253333333337,-0.7826920000000004,0.7826920000000004
2010-09-22 14:00:00,0.9953,0.46386533333333335,0.5314346666666666,0.5314346666666666
2010-09-22 15:00:00,1.3890333333333331,0.5664353333333334,0.8225979999999997,0.8225979999999997
2010-09-22 16:00:00,1.4524333333333332,1.2535260000000001,0.1989073333333331,0.1989073333333331
2010-09-22 17:00:00,1.643,1.3780726666666667,0.2649273333333333,0.2649273333333333
2010-09-22 18:00:00,1.6807,2.355434767049808,-0.6747347670498078,0.6747347670498078
2010-09-22 19:00:00,2.1387,2.245346367816092,-0.10664636781609182,0.10664636781609182
2010-09-22 20:00:00,1.5795666666666668,1.933300777777778,-0.3537341111111112,0.3537341111111112
2010-09-22 21:00:00,0.8024,1.3067879999999992,-0.5043879999999992,0.5043879999999992
2010-09-22 22:00:00,0.3784666666666666,0.5667526666666667,-0.18828600000000006,0.18828600000000006
2010-09-22 23:00:00,0.3320666666666667,0.4784943333333333,-0.14642766666666662,0.14642766666666662
2010-09-23 00:00:00,0.4959,0.3193923333333333,0.17650766666666673,0.17650766666666673
2010-09-23 01:00:00,0.7034,0.5458983333333335,0.15750166666666654,0.15750166666666654
2010-09-23 02:00:00,0.2988333333333333,0.3799549999999999,-0.08112166666666659,0.08112166666666659
2010-09-23 03:00:00,0.2033333333333333,0.3040886666666667,-0.10075533333333336,0.10075533333333336
2010-09-23 04:00:00,0.2656,0.4141740000000001,-0.1485740000000001,0.1485740000000001
2010-09-23 05:00:00,0.7313666666666666,0.9130592146892659,-0.18169254802259927,0.18169254802259927
2010-09-23 06:00:00,2.5547,1.9296273333333334,0.6250726666666666,0.6250726666666666
2010-09-23 07:00:00,1.9102333333333328,2.0684330000000006,-0.15819966666666785,0.15819966666666785
2010-09-23 08:00:00,1.4231666666666667,1.6676853333333324,-0.24451866666666566,0.24451866666666566
2010-09-23 09:00:00,1.818466666666667,1.323372,0.4950946666666669,0.4950946666666669
2010-09-23 10:00:00,0.8200666666666667,1.425239333333334,-0.6051726666666672,0.6051726666666672
2010-09-23 11:00:00,1.5701,0.42271433333333336,1.1473856666666666,1.1473856666666666
2010-09-23 12:00:00,1.4991,1.2440126666666662,0.2550873333333339,0.2550873333333339
2010-09-23 13:00:00,1.401166666666667,1.2202229999999996,0.18094366666666728,0.18094366666666728
2010-09-23 14:00:00,0.6156666666666666,0.8819089999999999,-0.26624233333333336,0.26624233333333336
2010-09-23 15:00:00,0.3339,0.5525179999999998,-0.21861799999999987,0.21861799999999987
2010-09-23 16:00:00,0.3684333333333333,0.5265456666666668,-0.15811233333333352,0.15811233333333352
2010-09-23 17:00:00,0.6257333333333333,0.7247694293785305,-0.09903609604519725,0.09903609604519725
2010-09-23 18:00:00,1.2010333333333334,1.5600226666666668,-0.3589893333333334,0.3589893333333334
2010-09-23 19:00:00,0.9679333333333332,2.2378793333333324,-1.2699459999999991,1.2699459999999991
2010-09-23 20:00:00,2.0422333333333333,1.673462333333334,0.3687709999999993,0.3687709999999993
2010-09-23 21:00:00,1.0331,1.3660456666666665,-0.3329456666666666,0.3329456666666666
2010-09-23 22:00:00,0.9488333333333332,0.5901844266666668,0.3586489066666664,0.3586489066666664
2010-09-23 23:00:00,0.4999333333333333,0.6110683333333332,-0.11113499999999993,0.11113499999999993
2010-09-24 00:00:00,0.3203,0.5059430000000001,-0.18564300000000017,0.18564300000000017
2010-09-24 01:00:00,0.3141666666666666,0.2797089999999999,0.03445766666666672,0.03445766666666672
2010-09-24 02:00:00,0.2668333333333333,0.30437899999999984,-0.03754566666666653,0.03754566666666653
2010-09-24 03:00:00,0.2029,0.34120733333333336,-0.13830733333333337,0.13830733333333337
2010-09-24 04:00:00,0.7952666666666667,0.4417443333333332,0.3535223333333335,0.3535223333333335
2010-09-24 05:00:00,0.7827666666666667,0.8648806666666664,-0.08211399999999969,0.08211399999999969
2010-09-24 06:00:00,2.1366666666666663,1.5524570000000002,0.5842096666666661,0.5842096666666661
2010-09-24 07:00:00,1.4683333333333333,1.6740060459770125,-0.20567271264367926,0.20567271264367926
2010-09-24 08:00:00,1.3575333333333333,1.3670456666666657,-0.009512333333332457,0.009512333333332457
2010-09-24 09:00:00,1.2882,1.2527266666666668,0.035473333333333246,0.035473333333333246
2010-09-24 10:00:00,0.3957666666666666,0.9245960000000004,-0.5288293333333338,0.5288293333333338
2010-09-24 11:00:00,0.5886666666666667,0.7315213333333334,-0.14285466666666669,0.14285466666666669
2010-09-24 12:00:00,0.8107,0.8706008888888885,-0.05990088888888856,0.05990088888888856
2010-09-24 13:00:00,0.9828333333333332,0.9026075555555555,0.08022577777777773,0.08022577777777773
2010-09-24 14:00:00,0.2648666666666666,1.0137158503401364,-0.7488491836734699,0.7488491836734699
2010-09-24 15:00:00,0.6632,0.5509816666666665,0.11221833333333353,0.11221833333333353
2010-09-24 16:00:00,0.7355333333333333,1.066501,-0.33096766666666666,0.33096766666666666
2010-09-24 17:00:00,0.8364666666666667,0.792361,0.04410566666666671,0.04410566666666671
2010-09-24 18:00:00,2.0984,1.7516289999999999,0.34677099999999994,0.34677099999999994
2010-09-24 19:00:00,2.2476,2.6652899999999993,-0.41768999999999945,0.41768999999999945
2010-09-24 20:00:00,1.5723666666666667,1.9094769999999994,-0.33711033333333273,0.33711033333333273
2010-09-24 21:00:00,1.0881666666666667,1.2504453333333325,-0.1622786666666658,0.1622786666666658
2010-09-24 22:00:00,0.4157333333333333,0.5428856666666665,-0.1271523333333332,0.1271523333333332
2010-09-24 23:00:00,0.3555,0.40210899999999994,-0.046608999999999956,0.046608999999999956
2010-09-25 00:00:00,0.9487333333333332,0.3423179999999999,0.6064153333333333,0.6064153333333333
2010-09-25 01:00:00,0.2379666666666667,0.3363546666666668,-0.09838800000000011,0.09838800000000011
2010-09-25 02:00:00,0.2406071428571428,0.3783403333333334,-0.1377331904761906,0.1377331904761906
2010-09-25 03:00:00,0.2628386380906327,0.3457333333333334,-0.08289469524270071,0.08289469524270071
2010-09-25 04:00:00,0.2850701333241226,0.3588963333333334,-0.07382620000921075,0.07382620000921075
2010-09-25 05:00:00,0.3073016285576125,0.8367073333333331,-0.5294057047757206,0.5294057047757206
2010-09-25 06:00:00,0.3295331237911024,0.8888529999999999,-0.5593198762088976,0.5593198762088976
2010-09-25 07:00:00,0.3517646190245924,1.0460273333333339,-0.6942627143087414,0.6942627143087414
2010-09-25 08:00:00,0.3739961142580823,0.9168489999999998,-0.5428528857419175,0.5428528857419175
2010-09-25 09:00:00,0.3962276094915722,0.9664489999999994,-0.5702213905084272,0.5702213905084272
2010-09-25 10:00:00,0.4184591047250621,0.8641046666666661,-0.445645561941604,0.445645561941604
2010-09-25 11:00:00,0.4406905999585521,0.837223333333333,-0.3965327333747809,0.3965327333747809
2010-09-25 12:00:00,0.4629220951920419,0.9759796666666667,-0.5130575714746248,0.5130575714746248
2010-09-25 13:00:00,0.4851535904255319,0.9449693333333339,-0.45981574290780197,0.45981574290780197
2010-09-25 14:00:00,0.5073850856590219,1.1175895333333334,-0.6102044476743116,0.6102044476743116
2010-09-25 15:00:00,0.5296165808925117,1.1589384470046091,-0.6293218661120974,0.6293218661120974
2010-09-25 16:00:00,0.5518480761260016,1.1971064133333338,-0.6452583372073322,0.6452583372073322
2010-09-25 17:00:00,0.5740795713594916,1.1373511813655386,-0.563271610006047,0.563271610006047
2010-09-25 18:00:00,0.5963110665929815,1.2123339104398185,-0.616022843846837,0.616022843846837
2010-09-25 19:00:00,0.6185425618264715,1.301674206896552,-0.6831316450700806,0.6831316450700806
2010-09-25 20:00:00,0.6407740570599614,1.0794736666666664,-0.43869960960670507,0.43869960960670507
2010-09-25 21:00:00,0.6630055522934513,0.7932270799999998,-0.1302215277065485,0.1302215277065485
2010-09-25 22:00:00,0.6852370475269411,0.7974026485714285,-0.11216560104448736,0.11216560104448736
2010-09-25 23:00:00,0.7074685427604311,0.80427276,-0.09680421723956889,0.09680421723956889
2010-09-26 00:00:00,0.729700037993921,0.7009886666666667,0.02871137132725432,0.02871137132725432
2010-09-26 01:00:00,0.7519315332274109,0.7540504346441373,-0.0021189014167264375,0.0021189014167264375
2010-09-26 02:00:00,0.7741630284609009,0.7433482671582184,0.03081476130268246,0.03081476130268246
2010-09-26 03:00:00,0.7963945236943908,0.6893243924935998,0.10707013120079101,0.10707013120079101
2010-09-26 04:00:00,0.8186260189278807,0.8007672453353816,0.0178587735924991,0.0178587735924991
2010-09-26 05:00:00,0.8408575141613707,0.9548017737736818,-0.11394425961231114,0.11394425961231114
2010-09-26 06:00:00,0.8630890093948606,1.1438616324935997,-0.2807726230987392,0.2807726230987392
2010-09-26 07:00:00,0.8853205046283504,1.0027025211879161,-0.1173820165595657,0.1173820165595657
2010-09-26 08:00:00,0.9075519998618404,1.246693719139785,-0.3391417192779447,0.3391417192779447
2010-09-26 09:00:00,0.9297834950953304,1.2538292635739892,-0.32404576847865874,0.32404576847865874
2010-09-26 10:00:00,0.9520149903288202,1.2123421957501284,-0.26032720542130816,0.26032720542130816
2010-09-26 11:00:00,0.9742464855623102,1.3151408950128012,-0.340894409450491,0.340894409450491
2010-09-26 12:00:00,0.9964779807958,1.4208757052534566,-0.42439772445765667,0.42439772445765667
2010-09-26 13:00:00,1.01870947602929,1.4583280727905787,-0.43961859676128867,0.43961859676128867
2010-09-26 14:00:00,1.04094097126278,1.4353268787403994,-0.3943859074776195,0.3943859074776195
2010-09-26 15:00:00,1.0631724664962698,1.3546024088888884,-0.29142994239261855,0.29142994239261855
2010-09-26 16:00:00,1.0854039617297595,1.400814582222222,-0.3154106204924625,0.3154106204924625
2010-09-26 17:00:00,1.1076354569632496,1.6874592056323607,-0.5798237486691111,0.5798237486691111
2010-09-26 18:00:00,1.1298669521967395,1.9253992622222225,-0.795532310025483,0.795532310025483
2010-09-26 19:00:00,1.1520984474302294,1.90100616888889,-0.7489077214586606,0.7489077214586606
2010-09-26 20:00:00,1.1743299426637197,1.663813893333333,-0.48948395066961337,0.48948395066961337
2010-09-26 21:00:00,1.1965614378972094,1.2703638799999992,-0.07380244210278986,0.07380244210278986
2010-09-26 22:00:00,1.2187929331306993,0.9030691600000003,0.315723773130699,0.315723773130699
2010-09-26 23:00:00,1.2410244283641891,0.9089207333333339,0.33210369503085524,0.33210369503085524
2010-09-27 00:00:00,1.263255923597679,0.8419946533333332,0.4212612702643458,0.4212612702643458
2010-09-27 01:00:00,1.2854874188311691,0.9243121866666667,0.3611752321645024,0.3611752321645024
2010-09-27 02:00:00,1.307718914064659,0.9745908799999995,0.3331280340646595,0.3331280340646595
2010-09-27 03:00:00,1.329950409298149,1.208534306666666,0.12141610263148284,0.12141610263148284
2010-09-27 04:00:00,1.3521819045316388,1.298205853333333,0.05397605119830584,0.05397605119830584
2010-09-27 05:00:00,1.3744133997651289,1.6736215380235533,-0.2992081382584244,0.2992081382584244
2010-09-27 06:00:00,1.3966448949986183,1.8957536533333328,-0.49910875833471446,0.49910875833471446
2010-09-27 07:00:00,1.4188763902321089,1.7876518313568868,-0.3687754411247779,0.3687754411247779
2010-09-27 08:00:00,1.4411078854655983,1.846165573333333,-0.4050576878677348,0.4050576878677348
2010-09-27 09:00:00,1.4633393806990884,1.7156049066666665,-0.2522655259675781,0.2522655259675781
2010-09-27 10:00:00,1.4855708759325783,1.6424215733333327,-0.1568506974007544,0.1568506974007544
2010-09-27 11:00:00,1.5078023711660682,1.5149570000000006,-0.007154628833932364,0.007154628833932364
2010-09-27 12:00:00,1.530033866399558,1.480636253333334,0.049397613066224144,0.049397613066224144
2010-09-27 13:00:00,1.5522653616330482,1.4870803333333336,0.06518502829971462,0.06518502829971462
2010-09-27 14:00:00,1.574496856866538,1.403783537777778,0.17071331908875997,0.17071331908875997
2010-09-27 15:00:00,1.596728352100028,1.6692725111111115,-0.07254415901108358,0.07254415901108358
2010-09-27 16:00:00,1.6189598473335178,1.765422715555556,-0.14646286822203813,0.14646286822203813
2010-09-27 17:00:00,1.6411913425670075,1.9433280977777776,-0.3021367552107701,0.3021367552107701
2010-09-27 18:00:00,1.6634228378004976,2.093585344827586,-0.43016250702708847,0.43016250702708847
2010-09-27 19:00:00,1.6856543330339877,1.973648061149425,-0.2879937281154372,0.2879937281154372
2010-09-27 20:00:00,1.7078858282674776,1.9798884096551732,-0.2720025813876956,0.2720025813876956
2010-09-27 21:00:00,1.7301173235009677,1.4965792266666669,0.23353809683430082,0.23353809683430082
2010-09-27 22:00:00,1.7523488187344574,1.3287152399999993,0.42363357873445806,0.42363357873445806
2010-09-27 23:00:00,1.7745803139679472,1.273793213333333,0.5007871006346143,0.5007871006346143
2010-09-28 00:00:00,1.7968118092014371,1.3909281999999998,0.4058836092014373,0.4058836092014373
2010-09-28 01:00:00,1.8190433044349272,1.4239136594216453,0.39512964501328196,0.39512964501328196
2010-09-28 02:00:00,1.841274799668417,1.3672310222560486,0.47404377741236825,0.47404377741236825
2010-09-28 03:00:00,1.863506294901907,1.5183189331161333,0.3451873617857737,0.3451873617857737
2010-09-28 04:00:00,1.8857377901353969,1.793934106449467,0.09180368368592995,0.09180368368592995
2010-09-28 05:00:00,1.9079692853688868,1.9528225597828004,-0.044853274413913624,0.044853274413913624
2010-09-28 06:00:00,1.9302007806023769,2.0206570800000008,-0.0904562993976239,0.0904562993976239
2010-09-28 07:00:00,1.9524322758358663,1.7607237378126321,0.19170853802323418,0.19170853802323418
2010-09-28 08:00:00,1.9746637710693569,1.7746194248874616,0.20004434618189526,0.20004434618189526
2010-09-28 09:00:00,1.9968952663028463,1.717027424887461,0.27986784141538523,0.27986784141538523
2010-09-28 10:00:00,2.019126761536336,1.664657091554128,0.3544696699822081,0.3544696699822081
2010-09-28 11:00:00,2.0413582567698265,1.7879247378126315,0.253433518957195,0.253433518957195
2010-09-28 12:00:00,2.063589752003316,1.7331661106939875,0.33042364130932844,0.33042364130932844
2010-09-28 13:00:00,2.0858212472368063,1.8015073649312752,0.2843138823055311,0.2843138823055311
2010-09-28 14:00:00,2.108052742470296,1.705811277367902,0.4022414651023942,0.4022414651023942
2010-09-28 15:00:00,2.130284237703786,1.8755208564711947,0.25476338123259135,0.25476338123259135
2010-09-28 16:00:00,2.152515732937276,2.059649699202149,0.09286603373512703,0.09286603373512703
2010-09-28 17:00:00,2.174747228170766,2.155211653535639,0.019535574635126896,0.019535574635126896
2010-09-28 18:00:00,2.196978723404256,2.071963369064133,0.12501535434012334,0.12501535434012334
2010-09-28 19:00:00,1.9826333333333328,2.168234747126437,-0.18560141379310435,0.18560141379310435
2010-09-28 20:00:00,2.0791666666666666,2.133403333333333,-0.05423666666666627,0.05423666666666627
2010-09-28 21:00:00,1.0864333333333334,1.8889306666666668,-0.8024973333333334,0.8024973333333334
2010-09-28 22:00:00,0.9712333333333334,0.6363226666666667,0.3349106666666667,0.3349106666666667
2010-09-28 23:00:00,0.9060333333333334,0.7442038799999999,0.16182945333333343,0.16182945333333343
2010-09-29 00:00:00,0.7261666666666666,0.8383440000000003,-0.11217733333333368,0.11217733333333368
2010-09-29 01:00:00,0.8463999999999999,0.7391336991807478,0.10726630081925215,0.10726630081925215
2010-09-29 02:00:00,0.5398333333333334,0.4097200000000001,0.1301133333333333,0.1301133333333333
2010-09-29 03:00:00,0.3545666666666667,0.510674,-0.15610733333333326,0.15610733333333326
2010-09-29 04:00:00,0.3657666666666667,0.47883733333333334,-0.11307066666666665,0.11307066666666665
2010-09-29 05:00:00,0.7652333333333333,1.095647214689265,-0.33041388135593175,0.33041388135593175
2010-09-29 06:00:00,2.4926000000000004,2.1729380000000003,0.3196620000000001,0.3196620000000001
2010-09-29 07:00:00,1.5998666666666668,1.760029,-0.1601623333333333,0.1601623333333333
2010-09-29 08:00:00,1.5772666666666666,1.4847933333333339,0.09247333333333274,0.09247333333333274
2010-09-29 09:00:00,1.4527,1.4266516666666669,0.02604833333333323,0.02604833333333323
2010-09-29 10:00:00,1.4236666666666666,1.4887853333333332,-0.06511866666666655,0.06511866666666655
2010-09-29 11:00:00,1.0519666666666667,1.4116846666666667,-0.359718,0.359718
2010-09-29 12:00:00,0.3959666666666666,1.0596805333333332,-0.6637138666666667,0.6637138666666667
2010-09-29 13:00:00,1.1739333333333333,1.0544766666666667,0.11945666666666654,0.11945666666666654
2010-09-29 14:00:00,1.6014333333333333,1.1973406158192088,0.40409271751412446,0.40409271751412446
2010-09-29 15:00:00,1.4675333333333331,1.4424593333333338,0.025073999999999375,0.025073999999999375
2010-09-29 16:00:00,1.4179666666666668,1.2667813333333335,0.15118533333333328,0.15118533333333328
2010-09-29 17:00:00,1.231,1.3300550000000002,-0.09905500000000012,0.09905500000000012
2010-09-29 18:00:00,0.9260666666666668,1.1077729999999997,-0.18170633333333286,0.18170633333333286
2010-09-29 19:00:00,1.7860666666666667,1.8232783333333336,-0.037211666666666865,0.037211666666666865
2010-09-29 20:00:00,1.5102666666666666,2.4907167670498067,-0.9804501003831401,0.9804501003831401
2010-09-29 21:00:00,1.3882,1.542948933333333,-0.15474893333333295,0.15474893333333295
2010-09-29 22:00:00,1.0732666666666666,0.6816633333333333,0.3916033333333333,0.3916033333333333
2010-09-29 23:00:00,0.4951,0.41739433333333326,0.07770566666666673,0.07770566666666673
2010-09-30 00:00:00,0.6155666666666666,0.5572760000000001,0.05829066666666649,0.05829066666666649
2010-09-30 01:00:00,0.6082,0.5253593600000002,0.0828406399999998,0.0828406399999998
2010-09-30 02:00:00,0.4977999999999999,0.5201896933333334,-0.022389693333333516,0.022389693333333516
2010-09-30 03:00:00,0.5483,0.5429000266666669,0.005399973333333086,0.005399973333333086
2010-09-30 04:00:00,0.4808,0.6007230000000001,-0.11992300000000011,0.11992300000000011
2010-09-30 05:00:00,0.9968333333333332,0.9254824399999998,0.07135089333333344,0.07135089333333344
2010-09-30 06:00:00,2.6383666666666667,2.08654,0.5518266666666669,0.5518266666666669
2010-09-30 07:00:00,1.6083,2.0305250229885057,-0.4222250229885056,0.4222250229885056
2010-09-30 08:00:00,1.3473333333333335,1.5249983333333341,-0.17766500000000063,0.17766500000000063
2010-09-30 09:00:00,1.447633333333333,1.2897423333333327,0.15789100000000045,0.15789100000000045
2010-09-30 10:00:00,1.1480333333333337,1.2942153333333335,-0.1461819999999998,0.1461819999999998
2010-09-30 11:00:00,0.5352,0.6755358983050849,-0.14033589830508486,0.14033589830508486
2010-09-30 12:00:00,0.5711333333333334,0.9903509999999994,-0.41921766666666604,0.41921766666666604
2010-09-30 13:00:00,0.6650666666666666,0.7905279999999999,-0.1254613333333333,0.1254613333333333
2010-09-30 14:00:00,0.6374333333333334,0.9018999999999999,-0.2644666666666665,0.2644666666666665
2010-09-30 15:00:00,0.4538666666666666,0.6926483333333331,-0.2387816666666665,0.2387816666666665
2010-09-30 16:00:00,0.6844,0.7053040000000002,-0.020904000000000145,0.020904000000000145
2010-09-30 17:00:00,2.023333333333333,0.8962903333333333,1.1270429999999996,1.1270429999999996
2010-09-30 18:00:00,0.7304333333333334,2.259663,-1.5292296666666667,1.5292296666666667
2010-09-30 19:00:00,0.4445333333333333,1.5228813333333335,-1.0783480000000003,1.0783480000000003
2010-09-30 20:00:00,0.3501666666666667,0.893354,-0.5431873333333332,0.5431873333333332
2010-09-30 21:00:00,0.4571666666666666,0.6249634464925751,-0.16779677982590846,0.16779677982590846
2010-09-30 22:00:00,0.8196333333333333,0.568021809267793,0.2516115240655403,0.2516115240655403
2010-09-30 23:00:00,0.4665333333333333,0.6692062826420891,-0.20267294930875585,0.20267294930875585
2010-10-01 00:00:00,0.4644666666666667,0.5007802399999998,-0.03631357333333307,0.03631357333333307
2010-10-01 01:00:00,0.3935333333333333,0.4472539999999999,-0.05372066666666658,0.05372066666666658
2010-10-01 02:00:00,1.1539666666666666,0.37695866666666683,0.7770079999999997,0.7770079999999997
2010-10-01 03:00:00,0.2984333333333333,0.5110437966101697,-0.21261046327683647,0.21261046327683647
2010-10-01 04:00:00,0.3476999999999999,0.48349466666666663,-0.13579466666666673,0.13579466666666673
2010-10-01 05:00:00,0.7348666666666667,0.8506338813559325,-0.11576721468926587,0.11576721468926587
2010-10-01 06:00:00,2.3709,1.9122323333333338,0.45866766666666603,0.45866766666666603
2010-10-01 07:00:00,1.4533999999999998,1.9601066666666664,-0.5067066666666666,0.5067066666666666
2010-10-01 08:00:00,0.4615999999999999,1.4332113333333334,-0.9716113333333335,0.9716113333333335
2010-10-01 09:00:00,0.4330666666666667,0.6144899999999996,-0.18142333333333294,0.18142333333333294
2010-10-01 10:00:00,1.5200666666666665,0.6331680000000002,0.8868986666666663,0.8868986666666663
2010-10-01 11:00:00,2.4493666666666667,1.3291563333333338,1.1202103333333329,1.1202103333333329
2010-10-01 12:00:00,1.7681666666666669,1.836396333333333,-0.06822966666666619,0.06822966666666619
2010-10-01 13:00:00,1.4742666666666666,1.4463975649717509,0.027869101694915743,0.027869101694915743
2010-10-01 14:00:00,1.0447666666666666,1.1991820000000006,-0.15441533333333402,0.15441533333333402
2010-10-01 15:00:00,1.7117666666666669,1.2436378117913829,0.468128854875284,0.468128854875284
2010-10-01 16:00:00,0.3544333333333334,1.331903964971751,-0.9774706316384176,0.9774706316384176
2010-10-01 17:00:00,0.5629000000000001,1.1060121129943496,-0.5431121129943496,0.5431121129943496
2010-10-01 18:00:00,1.1308333333333331,1.3906170960451973,-0.2597837627118642,0.2597837627118642
2010-10-01 19:00:00,0.7974666666666667,1.8717936666666657,-1.074326999999999,1.074326999999999
2010-10-01 20:00:00,2.1828333333333334,1.4244366666666664,0.758396666666667,0.758396666666667
2010-10-01 21:00:00,0.6092,1.2892029999999999,-0.6800029999999999,0.6800029999999999
2010-10-01 22:00:00,0.8957999999999999,0.5862533333333333,0.30954666666666664,0.30954666666666664
2010-10-01 23:00:00,0.3651999999999999,0.4719893333333333,-0.1067893333333334,0.1067893333333334
2010-10-02 00:00:00,0.8989666666666667,0.330011,0.5689556666666666,0.5689556666666666
2010-10-02 01:00:00,0.3085333333333333,0.7013187854582693,-0.392785452124936,0.392785452124936
2010-10-02 02:00:00,0.9448,0.4483723333333332,0.49642766666666677,0.49642766666666677
2010-10-02 03:00:00,0.3613666666666666,0.3695973333333334,-0.008230666666666775,0.008230666666666775
2010-10-02 04:00:00,0.4222333333333333,0.43481133333333316,-0.012577999999999867,0.012577999999999867
2010-10-02 05:00:00,0.8281666666666666,0.591622548022599,0.23654411864406766,0.23654411864406766
2010-10-02 06:00:00,2.1751666666666667,1.505210615819209,0.6699560508474578,0.6699560508474578
2010-10-02 07:00:00,1.8114666666666668,1.8075236666666672,0.003942999999999586,0.003942999999999586
2010-10-02 08:00:00,0.4921333333333333,1.670859517352703,-1.1787261840193697,1.1787261840193697
2010-10-02 09:00:00,0.417,0.9223177777777772,-0.5053177777777773,0.5053177777777773
2010-10-02 10:00:00,0.8097,0.8837313333333333,-0.07403133333333334,0.07403133333333334
2010-10-02 11:00:00,0.5983,1.156337609195403,-0.5580376091954029,0.5580376091954029
2010-10-02 12:00:00,0.7486333333333334,1.1248272266666668,-0.3761938933333334,0.3761938933333334
2010-10-02 13:00:00,1.8700666666666663,1.1811800133333341,0.6888866533333322,0.6888866533333322
2010-10-02 14:00:00,2.1852333333333336,1.7877954745762716,0.39743785875706195,0.39743785875706195
2010-10-02 15:00:00,1.9975666666666667,2.0221342316384185,-0.024567564971751832,0.024567564971751832
2010-10-02 16:00:00,1.5547666666666666,1.9620741299435018,-0.4073074632768352,0.4073074632768352
2010-10-02 17:00:00,0.7696666666666666,1.6418359999999996,-0.872169333333333,0.872169333333333
2010-10-02 18:00:00,1.5142666666666666,1.451853,0.06241366666666659,0.06241366666666659
2010-10-02 19:00:00,3.9403,1.8554239999999993,2.084876000000001,2.084876000000001
2010-10-02 20:00:00,3.749733333333333,2.8406993333333332,0.9090339999999997,0.9090339999999997
2010-10-02 21:00:00,1.6859,2.5444383333333334,-0.8585383333333334,0.8585383333333334
2010-10-02 22:00:00,1.6050666666666666,1.4182033333333328,0.18686333333333383,0.18686333333333383
2010-10-02 23:00:00,0.3721,1.0387896666666672,-0.6666896666666672,0.6666896666666672
2010-10-03 00:00:00,0.3647,0.3946826666666668,-0.02998266666666677,0.02998266666666677
2010-10-03 01:00:00,0.4496666666666666,0.4352949999999998,0.014371666666666782,0.014371666666666782
2010-10-03 02:00:00,0.4408,0.4379830000000001,0.002816999999999903,0.002816999999999903
2010-10-03 03:00:00,0.3455333333333333,0.4937296666666667,-0.14819633333333337,0.14819633333333337
2010-10-03 04:00:00,0.3832666666666666,0.46039566666666665,-0.07712900000000006,0.07712900000000006
2010-10-03 05:00:00,0.3012333333333333,0.6398389999999998,-0.3386056666666665,0.3386056666666665
2010-10-03 06:00:00,0.6125333333333334,0.5514093333333333,0.06112400000000007,0.06112400000000007
2010-10-03 07:00:00,1.1061,1.3467103333333335,-0.24061033333333337,0.24061033333333337
2010-10-03 08:00:00,2.2386,1.5116986666666667,0.7269013333333332,0.7269013333333332
2010-10-03 09:00:00,2.4140333333333337,2.2164160000000006,0.1976173333333331,0.1976173333333331
2010-10-03 10:00:00,3.395,2.523145999999999,0.8718540000000012,0.8718540000000012
2010-10-03 11:00:00,0.9115666666666667,2.535665,-1.624098333333333,1.624098333333333
2010-10-03 12:00:00,0.4968333333333333,1.7135589999999998,-1.2167256666666666,1.2167256666666666
2010-10-03 13:00:00,1.9401,1.3208900000000006,0.6192099999999994,0.6192099999999994
2010-10-03 14:00:00,1.2537999999999998,1.8815981221030782,-0.6277981221030784,0.6277981221030784
2010-10-03 15:00:00,0.9990666666666668,1.5233070000000006,-0.5242403333333339,0.5242403333333339
2010-10-03 16:00:00,0.4815666666666667,1.412573959279394,-0.9310072926127273,0.9310072926127273
2010-10-03 17:00:00,0.6803333333333333,1.0969253333333335,-0.4165920000000002,0.4165920000000002
2010-10-03 18:00:00,2.3235666666666663,1.6328253333333325,0.6907413333333339,0.6907413333333339
2010-10-03 19:00:00,3.389533333333333,2.734362858757061,0.6551704745762721,0.6551704745762721
2010-10-03 20:00:00,2.5301666666666667,2.7364873333333333,-0.2063206666666666,0.2063206666666666
2010-10-03 21:00:00,1.6654000000000002,1.6407621414173659,0.024637858582634342,0.024637858582634342
2010-10-03 22:00:00,1.4159,1.1285266666666671,0.2873733333333328,0.2873733333333328
2010-10-03 23:00:00,0.9609333333333332,0.6584214266666667,0.3025119066666665,0.3025119066666665
2010-10-04 00:00:00,0.8805999999999999,0.7761717599999999,0.10442824000000006,0.10442824000000006
2010-10-04 01:00:00,0.8617,0.699230666666667,0.16246933333333302,0.16246933333333302
2010-10-04 02:00:00,0.9168,0.7380993333333332,0.17870066666666673,0.17870066666666673
2010-10-04 03:00:00,0.8580666666666666,0.8321106666666656,0.02595600000000109,0.02595600000000109
2010-10-04 04:00:00,0.8383,0.9014574799999994,-0.06315747999999932,0.06315747999999932
2010-10-04 05:00:00,1.1786666666666668,1.6472510533333327,-0.4685843866666659,0.4685843866666659
2010-10-04 06:00:00,2.6861,2.3373573333333333,0.34874266666666687,0.34874266666666687
2010-10-04 07:00:00,2.0932666666666666,1.7268490000000007,0.36641766666666586,0.36641766666666586
2010-10-04 08:00:00,2.0266,1.729677000000001,0.29692299999999916,0.29692299999999916
2010-10-04 09:00:00,1.3339,1.5486093333333324,-0.2147093333333323,0.2147093333333323
2010-10-04 10:00:00,0.7101666666666666,1.1776886666666662,-0.46752199999999955,0.46752199999999955
2010-10-04 11:00:00,2.3162666666666665,1.0709379999999997,1.2453286666666668,1.2453286666666668
2010-10-04 12:00:00,0.7096,1.8838780164864173,-1.1742780164864173,1.1742780164864173
2010-10-04 13:00:00,0.5258333333333334,1.0013324444444445,-0.4754991111111111,0.4754991111111111
2010-10-04 14:00:00,0.3916,0.7931120000000006,-0.4015120000000006,0.4015120000000006
2010-10-04 15:00:00,0.3992666666666666,0.5495196666666666,-0.15025300000000003,0.15025300000000003
2010-10-04 16:00:00,0.4111,0.7666150000000002,-0.35551500000000014,0.35551500000000014
2010-10-04 17:00:00,1.7182,0.8696753333333332,0.8485246666666667,0.8485246666666667
2010-10-04 18:00:00,1.9817,2.2091454444444443,-0.22744544444444426,0.22744544444444426
2010-10-04 19:00:00,3.039833333333333,2.359121679580821,0.6807116537525122,0.6807116537525122
2010-10-04 20:00:00,1.7196666666666665,2.277022751769746,-0.5573560851030797,0.5573560851030797
2010-10-04 21:00:00,0.5482,1.087889333333333,-0.539689333333333,0.539689333333333
2010-10-04 22:00:00,0.4929666666666666,0.5003923333333333,-0.007425666666666719,0.007425666666666719
2010-10-04 23:00:00,0.8594333333333334,0.5666673333333331,0.2927660000000003,0.2927660000000003
2010-10-05 00:00:00,0.5624,0.4870796666666669,0.0753203333333331,0.0753203333333331
2010-10-05 01:00:00,0.358,0.44873899999999983,-0.09073899999999985,0.09073899999999985
2010-10-05 02:00:00,0.3088333333333333,0.4216546666666666,-0.11282133333333333,0.11282133333333333
2010-10-05 03:00:00,0.3718,0.47585366666666673,-0.10405366666666671,0.10405366666666671
2010-10-05 04:00:00,0.4306666666666666,0.4782154293785313,-0.0475487627118647,0.0475487627118647
2010-10-05 05:00:00,0.7420333333333333,1.0693972146892659,-0.32736388135593253,0.32736388135593253
2010-10-05 06:00:00,2.0004,1.8766589999999996,0.12374100000000032,0.12374100000000032
2010-10-05 07:00:00,1.517,1.7097123333333337,-0.19271233333333382,0.19271233333333382
2010-10-05 08:00:00,1.8257,1.6136256666666673,0.2120743333333328,0.2120743333333328
2010-10-05 09:00:00,1.846,1.6560083333333337,0.18999166666666634,0.18999166666666634
2010-10-05 10:00:00,1.727933333333333,1.6451419999999988,0.08279133333333433,0.08279133333333433
2010-10-05 11:00:00,1.7133666666666665,1.5194379999999996,0.19392866666666686,0.19392866666666686
2010-10-05 12:00:00,1.4542666666666666,1.6579243333333331,-0.20365766666666651,0.20365766666666651
2010-10-05 13:00:00,2.089933333333333,1.471933666666667,0.6179996666666663,0.6179996666666663
2010-10-05 14:00:00,1.905333333333333,2.1313545082432084,-0.22602117490987528,0.22602117490987528
2010-10-05 15:00:00,1.0108666666666666,1.591645666666667,-0.5807790000000004,0.5807790000000004
2010-10-05 16:00:00,0.6083666666666667,1.7506922598870065,-1.1423255932203398,1.1423255932203398
2010-10-05 17:00:00,0.7721666666666667,0.9598273333333333,-0.1876606666666666,0.1876606666666666
2010-10-05 18:00:00,1.6627,1.7907493333333335,-0.12804933333333346,0.12804933333333346
2010-10-05 19:00:00,2.654733333333333,2.4660718079096053,0.18866152542372783,0.18866152542372783
2010-10-05 20:00:00,2.0591666666666666,2.372352845709399,-0.3131861790427326,0.3131861790427326
2010-10-05 21:00:00,1.4242,1.8603966666666674,-0.43619666666666745,0.43619666666666745
2010-10-05 22:00:00,1.0051,0.8508433333333335,0.1542566666666666,0.1542566666666666
2010-10-05 23:00:00,0.8750666666666667,0.6649813333333334,0.21008533333333324,0.21008533333333324
2010-10-06 00:00:00,0.6805666666666668,0.5603929999999999,0.12017366666666685,0.12017366666666685
2010-10-06 01:00:00,0.9842333333333334,0.6044523600000001,0.37978097333333327,0.37978097333333327
2010-10-06 02:00:00,0.4594,0.3434796666666666,0.11592033333333335,0.11592033333333335
2010-10-06 03:00:00,0.3727999999999999,0.4297563333333332,-0.056956333333333276,0.056956333333333276
2010-10-06 04:00:00,0.3991,0.3816853333333334,0.017414666666666634,0.017414666666666634
2010-10-06 05:00:00,0.7513333333333333,1.011136762711865,-0.25980342937853174,0.25980342937853174
2010-10-06 06:00:00,2.597066666666667,2.0704863111111105,0.5265803555555566,0.5265803555555566
2010-10-06 07:00:00,1.6357333333333337,1.853134333333333,-0.2174009999999993,0.2174009999999993
2010-10-06 08:00:00,1.5241333333333336,1.6744926666666666,-0.15035933333333307,0.15035933333333307
2010-10-06 09:00:00,1.1807,1.6339550000000014,-0.4532550000000013,0.4532550000000013
2010-10-06 10:00:00,0.5537333333333333,0.6991842824858758,-0.14545094915254253,0.14545094915254253
2010-10-06 11:00:00,0.8956999999999999,0.6946196666666665,0.20108033333333342,0.20108033333333342
2010-10-06 12:00:00,0.5153333333333333,0.9818363333333329,-0.46650299999999956,0.46650299999999956
2010-10-06 13:00:00,0.8986666666666667,0.9329400000000002,-0.03427333333333349,0.03427333333333349
2010-10-06 14:00:00,0.3354999999999999,0.9754480000000006,-0.6399480000000007,0.6399480000000007
2010-10-06 15:00:00,1.0196666666666667,0.60354,0.41612666666666676,0.41612666666666676
2010-10-06 16:00:00,0.6263000000000001,0.9578046666666671,-0.331504666666667,0.331504666666667
2010-10-06 17:00:00,0.8464666666666667,1.208632999999999,-0.36216633333333226,0.36216633333333226
2010-10-06 18:00:00,0.5906,1.7500360000000001,-1.1594360000000001,1.1594360000000001
2010-10-06 19:00:00,0.3263999999999999,1.3068939999999998,-0.9804939999999999,0.9804939999999999
2010-10-06 20:00:00,0.6318333333333332,0.8149596666666664,-0.18312633333333317,0.18312633333333317
2010-10-06 21:00:00,2.0092,0.776147,1.233053,1.233053
2010-10-06 22:00:00,1.2147333333333334,1.0420656666666666,0.17266766666666689,0.17266766666666689
2010-10-06 23:00:00,1.0243666666666666,0.7775948800000001,0.24677178666666655,0.24677178666666655
2010-10-07 00:00:00,0.3856333333333333,0.8855068311111112,-0.4998734977777779,0.4998734977777779
2010-10-07 01:00:00,0.3896666666666666,0.35700933333333323,0.03265733333333337,0.03265733333333337
2010-10-07 02:00:00,0.3555333333333333,0.44431400000000004,-0.08878066666666673,0.08878066666666673
2010-10-07 03:00:00,0.3215,0.4508156666666665,-0.1293156666666665,0.1293156666666665
2010-10-07 04:00:00,0.4098,0.46006191111111144,-0.050261911111111446,0.050261911111111446
2010-10-07 05:00:00,1.0831666666666668,0.91484,0.16832666666666685,0.16832666666666685
2010-10-07 06:00:00,1.9995333333333327,2.0215369999999995,-0.022003666666666755,0.022003666666666755
2010-10-07 07:00:00,1.6685333333333332,1.7753210000000001,-0.10678766666666695,0.10678766666666695
2010-10-07 08:00:00,1.3728333333333331,1.603816666666667,-0.23098333333333376,0.23098333333333376
2010-10-07 09:00:00,0.3074333333333333,1.2779299999999996,-0.9704966666666663,0.9704966666666663
2010-10-07 10:00:00,2.0634666666666663,0.5260610000000001,1.5374056666666662,1.5374056666666662
2010-10-07 11:00:00,2.740333333333333,1.7540143333333342,0.9863189999999988,0.9863189999999988
2010-10-07 12:00:00,1.7775,1.9617359999999993,-0.18423599999999918,0.18423599999999918
2010-10-07 13:00:00,1.4842333333333333,1.4291529999999995,0.05508033333333384,0.05508033333333384
2010-10-07 14:00:00,1.5586,1.3630293333333332,0.19557066666666678,0.19557066666666678
2010-10-07 15:00:00,0.8323333333333333,1.3751659999999999,-0.5428326666666666,0.5428326666666666
2010-10-07 16:00:00,0.3585,0.8190836666666667,-0.46058366666666667,0.46058366666666667
2010-10-07 17:00:00,1.3071,0.9057493333333332,0.40135066666666674,0.40135066666666674
2010-10-07 18:00:00,1.518233333333333,2.5387596666666674,-1.0205263333333343,1.0205263333333343
2010-10-07 19:00:00,2.6653333333333333,2.0008288308981106,0.6645045024352227,0.6645045024352227
2010-10-07 20:00:00,2.6905666666666668,2.0727149474808817,0.6178517191857851,0.6178517191857851
2010-10-07 21:00:00,1.0739333333333334,1.828728539841151,-0.7547952065078176,0.7547952065078176
2010-10-07 22:00:00,0.7777666666666667,0.5816246666666666,0.19614200000000015,0.19614200000000015
2010-10-07 23:00:00,0.6089333333333333,0.47939066666666685,0.12954266666666647,0.12954266666666647
2010-10-08 00:00:00,0.3700666666666666,0.4795456666666665,-0.10947899999999988,0.10947899999999988
2010-10-08 01:00:00,0.3442,0.48311333333333323,-0.13891333333333322,0.13891333333333322
2010-10-08 02:00:00,0.3934333333333333,0.3672386666666667,0.02619466666666659,0.02619466666666659
2010-10-08 03:00:00,0.3692666666666666,0.411127,-0.041860333333333444,0.041860333333333444
2010-10-08 04:00:00,0.9103333333333332,0.41589433333333303,0.4944390000000002,0.4944390000000002
2010-10-08 05:00:00,1.2194333333333334,0.9739343333333332,0.24549900000000013,0.24549900000000013
2010-10-08 06:00:00,2.505133333333333,2.316410666666666,0.18872266666666704,0.18872266666666704
2010-10-08 07:00:00,1.4521666666666666,1.8915698045977003,-0.4394031379310337,0.4394031379310337
2010-10-08 08:00:00,1.4495333333333331,1.4630796666666672,-0.013546333333334104,0.013546333333334104
2010-10-08 09:00:00,1.1779000000000002,1.4348350000000003,-0.25693500000000014,0.25693500000000014
2010-10-08 10:00:00,0.8395666666666666,0.7187059491525425,0.12086071751412408,0.12086071751412408
2010-10-08 11:00:00,1.4639,0.5539036666666665,0.9099963333333335,0.9099963333333335
2010-10-08 12:00:00,0.8123333333333334,1.2511066666666673,-0.4387733333333339,0.4387733333333339
2010-10-08 13:00:00,0.5837333333333333,0.9551880000000004,-0.37145466666666704,0.37145466666666704
2010-10-08 14:00:00,0.538,0.9343925244444451,-0.39639252444444506,0.39639252444444506
2010-10-08 15:00:00,0.4584,0.9058484475166414,-0.4474484475166414,0.4474484475166414
2010-10-08 16:00:00,1.0036,0.7544926666666669,0.24910733333333313,0.24910733333333313
2010-10-08 17:00:00,1.0515333333333332,0.9309626666666668,0.12057066666666638,0.12057066666666638
2010-10-08 18:00:00,1.6870666666666665,2.0923558988895383,-0.40528923222287183,0.40528923222287183
2010-10-08 19:00:00,2.436433333333333,2.323128322033898,0.11330501129943515,0.11330501129943515
2010-10-08 20:00:00,2.3099333333333334,2.147226333333333,0.1627070000000006,0.1627070000000006
2010-10-08 21:00:00,0.6566333333333334,1.5144690000000005,-0.8578356666666671,0.8578356666666671
2010-10-08 22:00:00,0.5327333333333333,0.47077199999999997,0.06196133333333331,0.06196133333333331
2010-10-08 23:00:00,0.5206333333333333,0.46453033333333343,0.05610299999999985,0.05610299999999985
2010-10-09 00:00:00,0.4619999999999999,0.4517391733333333,0.010260826666666611,0.010260826666666611
2010-10-09 01:00:00,0.4480666666666666,0.4664642666666665,-0.018397599999999903,0.018397599999999903
2010-10-09 02:00:00,0.4321,0.4335803599999999,-0.0014803599999999029,0.0014803599999999029
2010-10-09 03:00:00,0.3716666666666667,0.47094499999999995,-0.09927833333333325,0.09927833333333325
2010-10-09 04:00:00,0.4349666666666666,0.439253,-0.004286333333333392,0.004286333333333392
2010-10-09 05:00:00,0.9831333333333332,0.5678922146892658,0.41524111864406743,0.41524111864406743
2010-10-09 06:00:00,2.269966666666667,1.7991730000000006,0.47079366666666633,0.47079366666666633
2010-10-09 07:00:00,1.6211666666666666,1.9444410000000005,-0.3232743333333339,0.3232743333333339
2010-10-09 08:00:00,1.1513666666666666,1.5574243333333342,-0.40605766666666754,0.40605766666666754
2010-10-09 09:00:00,0.4325333333333334,1.2561361807909606,-0.8236028474576271,0.8236028474576271
2010-10-09 10:00:00,0.6496666666666666,0.678991779661017,-0.029325112994350366,0.029325112994350366
2010-10-09 11:00:00,0.457,1.0858081066666663,-0.6288081066666662,0.6288081066666662
2010-10-09 12:00:00,1.6798333333333335,1.18974011299435,0.4900932203389836,0.4900932203389836
2010-10-09 13:00:00,1.0910333333333333,1.483486,-0.3924526666666668,0.3924526666666668
2010-10-09 14:00:00,1.7415666666666667,1.5295830000000001,0.21198366666666657,0.21198366666666657
2010-10-09 15:00:00,2.0009,1.3654400204081631,0.635459979591837,0.635459979591837
2010-10-09 16:00:00,1.167266666666667,1.8105935649717515,-0.6433268983050846,0.6433268983050846
2010-10-09 17:00:00,1.4580666666666666,1.7715196666666666,-0.313453,0.313453
2010-10-09 18:00:00,1.998,2.0928756133333337,-0.09487561333333372,0.09487561333333372
2010-10-09 19:00:00,1.6389333333333334,2.1688553333333336,-0.5299220000000002,0.5299220000000002
2010-10-09 20:00:00,1.7664666666666666,1.425711,0.3407556666666667,0.3407556666666667
2010-10-09 21:00:00,1.3904333333333334,1.5387490000000001,-0.14831566666666673,0.14831566666666673
2010-10-09 22:00:00,0.6962333333333334,0.7964863333333331,-0.1002529999999997,0.1002529999999997
2010-10-09 23:00:00,0.8864,0.50444776,0.38195223999999994,0.38195223999999994
2010-10-10 00:00:00,0.4669666666666667,0.5603866991807478,-0.0934200325140811,0.0934200325140811
2010-10-10 01:00:00,0.5641333333333333,0.5079453333333336,0.05618799999999968,0.05618799999999968
2010-10-10 02:00:00,0.4410999999999999,0.5060258933333335,-0.0649258933333336,0.0649258933333336
2010-10-10 03:00:00,0.6176666666666667,0.48207566666666646,0.13559100000000024,0.13559100000000024
2010-10-10 04:00:00,0.4273666666666667,0.6672906666666668,-0.23992400000000014,0.23992400000000014
2010-10-10 05:00:00,0.4357666666666667,0.4946263333333335,-0.05885966666666681,0.05885966666666681
2010-10-10 06:00:00,0.7048666666666666,0.849927666666666,-0.14506099999999933,0.14506099999999933
2010-10-10 07:00:00,0.9307,1.1958466632299722,-0.26514666322997227,0.26514666322997227
2010-10-10 08:00:00,0.9249333333333334,1.284969609195403,-0.36003627586206965,0.36003627586206965
2010-10-10 09:00:00,0.8739,1.2902369508448541,-0.4163369508448541,0.4163369508448541
2010-10-10 10:00:00,2.3828666666666667,1.2341059503328211,1.1487607163338456,1.1487607163338456
2010-10-10 11:00:00,2.1923000000000004,2.547084666666667,-0.35478466666666675,0.35478466666666675
2010-10-10 12:00:00,1.5573666666666666,2.084246563218391,-0.5268798965517243,0.5268798965517243
2010-10-10 13:00:00,1.1002333333333332,1.4154296666666673,-0.3151963333333341,0.3151963333333341
2010-10-10 14:00:00,0.5263,1.2801412824858756,-0.7538412824858756,0.7538412824858756
2010-10-10 15:00:00,0.9970333333333332,1.2357513333333334,-0.2387180000000002,0.2387180000000002
2010-10-10 16:00:00,1.6078666666666666,2.088923124293786,-0.48105645762711924,0.48105645762711924
2010-10-10 17:00:00,1.8290666666666664,2.002828818305085,-0.17376215163841868,0.17376215163841868
2010-10-10 18:00:00,3.4918,2.730602141242936,0.7611978587570638,0.7611978587570638
2010-10-10 19:00:00,3.3115,3.047506,0.2639940000000003,0.2639940000000003
2010-10-10 20:00:00,3.9012666666666656,2.557510999999999,1.3437556666666666,1.3437556666666666
2010-10-10 21:00:00,1.9866,2.4014706666666665,-0.4148706666666666,0.4148706666666666
2010-10-10 22:00:00,1.157066666666667,1.2986140000000006,-0.1415473333333337,0.1415473333333337
2010-10-10 23:00:00,0.5145333333333333,0.6479876666666669,-0.13345433333333356,0.13345433333333356
2010-10-11 00:00:00,0.4487333333333333,0.4752503333333334,-0.02651700000000007,0.02651700000000007
2010-10-11 01:00:00,0.5646666666666668,0.5052009999999999,0.05946566666666686,0.05946566666666686
2010-10-11 02:00:00,0.4428999999999999,0.5311883333333335,-0.08828833333333358,0.08828833333333358
2010-10-11 03:00:00,0.5548666666666667,0.5562346666666663,-0.0013679999999995918,0.0013679999999995918
2010-10-11 04:00:00,0.8806999999999999,0.5459309333333335,0.3347690666666664,0.3347690666666664
2010-10-11 05:00:00,0.9417333333333332,0.9971496666666668,-0.05541633333333362,0.05541633333333362
2010-10-11 06:00:00,2.378833333333333,2.099372,0.27946133333333334,0.27946133333333334
2010-10-11 07:00:00,1.6553,1.8778893563218397,-0.22258935632183974,0.22258935632183974
2010-10-11 08:00:00,1.6319666666666668,1.7220896666666667,-0.09012299999999995,0.09012299999999995
2010-10-11 09:00:00,1.0574333333333332,1.6700116666666664,-0.6125783333333332,0.6125783333333332
2010-10-11 10:00:00,0.4408333333333333,0.8390476666666664,-0.3982143333333331,0.3982143333333331
2010-10-11 11:00:00,0.6579666666666667,0.7332823333333331,-0.07531566666666645,0.07531566666666645
2010-10-11 12:00:00,0.5452333333333333,1.146349666666667,-0.6011163333333337,0.6011163333333337
2010-10-11 13:00:00,1.0426666666666666,0.9877460000000003,0.054920666666666285,0.054920666666666285
2010-10-11 14:00:00,0.6156666666666666,1.4848261977401132,-0.8691595310734466,0.8691595310734466
2010-10-11 15:00:00,0.4349,0.8274093333333332,-0.3925093333333332,0.3925093333333332
2010-10-11 16:00:00,0.9638666666666666,0.6711343333333333,0.29273233333333337,0.29273233333333337
2010-10-11 17:00:00,0.7316,0.9256976666666664,-0.1940976666666664,0.1940976666666664
2010-10-11 18:00:00,3.093166666666667,1.8454013333333321,1.2477653333333347,1.2477653333333347
2010-10-11 19:00:00,2.285566666666667,3.1185950000000005,-0.8330283333333335,0.8330283333333335
2010-10-11 20:00:00,3.043,2.062438666666668,0.9805613333333323,0.9805613333333323
2010-10-11 21:00:00,1.514,1.5119110000000004,0.0020889999999995634,0.0020889999999995634
2010-10-11 22:00:00,0.6030333333333334,0.6871989999999998,-0.08416566666666636,0.08416566666666636
2010-10-11 23:00:00,0.3945333333333333,0.5906083333333333,-0.196075,0.196075
2010-10-12 00:00:00,0.3976333333333333,0.35425266666666666,0.04338066666666662,0.04338066666666662
2010-10-12 01:00:00,0.4686333333333333,0.474921,-0.006287666666666691,0.006287666666666691
2010-10-12 02:00:00,0.3374666666666667,0.600425,-0.2629583333333333,0.2629583333333333
2010-10-12 03:00:00,0.3338333333333333,0.4055673157894738,-0.07173398245614049,0.07173398245614049
2010-10-12 04:00:00,0.4511333333333333,0.4535349999999999,-0.0024016666666666353,0.0024016666666666353
2010-10-12 05:00:00,1.1301666666666668,1.1791072146892665,-0.04894054802259973,0.04894054802259973
2010-10-12 06:00:00,2.5198666666666667,2.076739282485875,0.4431273841807917,0.4431273841807917
2010-10-12 07:00:00,1.7209333333333334,1.8484410000000004,-0.12750766666666702,0.12750766666666702
2010-10-12 08:00:00,1.7519333333333331,1.7024113333333333,0.049521999999999844,0.049521999999999844
2010-10-12 09:00:00,1.828566666666667,1.6355503333333332,0.19301633333333368,0.19301633333333368
2010-10-12 10:00:00,0.9488666666666667,1.7035031428571423,-0.7546364761904756,0.7546364761904756
2010-10-12 11:00:00,1.8454,1.0254706666666669,0.8199293333333331,0.8199293333333331
2010-10-12 12:00:00,0.8567,1.5311069999999989,-0.6744069999999989,0.6744069999999989
2010-10-12 13:00:00,0.4580666666666667,0.6349436666666661,-0.17687699999999945,0.17687699999999945
2010-10-12 14:00:00,0.5882333333333333,0.7829903333333331,-0.19475699999999985,0.19475699999999985
2010-10-12 15:00:00,0.416,1.0602702222222222,-0.6442702222222223,0.6442702222222223
2010-10-12 16:00:00,0.4102666666666666,0.7063583333333336,-0.29609166666666703,0.29609166666666703
2010-10-12 17:00:00,2.1127333333333334,0.9813203333333331,1.1314130000000002,1.1314130000000002
2010-10-12 18:00:00,2.1564666666666668,2.5666944573586,-0.41022779069193316,0.41022779069193316
2010-10-12 19:00:00,1.9102,2.7916959999999977,-0.8814959999999978,0.8814959999999978
2010-10-12 20:00:00,1.3085666666666669,1.8635676440677966,-0.5550009774011297,0.5550009774011297
2010-10-12 21:00:00,1.2893,1.4007390000000006,-0.11143900000000073,0.11143900000000073
2010-10-12 22:00:00,0.6927,0.8173930000000001,-0.12469300000000016,0.12469300000000016
2010-10-12 23:00:00,0.3837666666666666,0.4568263333333333,-0.07305966666666669,0.07305966666666669
2010-10-13 00:00:00,0.4585999999999999,0.41597400000000034,0.04262599999999955,0.04262599999999955
2010-10-13 01:00:00,0.3169666666666667,0.5650406666666671,-0.2480740000000004,0.2480740000000004
2010-10-13 02:00:00,0.3646666666666666,0.3926726666666667,-0.028006000000000142,0.028006000000000142
2010-10-13 03:00:00,0.9848,0.3646733333333335,0.6201266666666665,0.6201266666666665
2010-10-13 04:00:00,0.4641,0.39161433333333334,0.07248566666666667,0.07248566666666667
2010-10-13 05:00:00,0.9301333333333334,1.0271873333333337,-0.0970540000000003,0.0970540000000003
2010-10-13 06:00:00,2.844266666666667,2.2910960000000014,0.5531706666666656,0.5531706666666656
2010-10-13 07:00:00,2.3646666666666665,1.7708793333333332,0.5937873333333332,0.5937873333333332
2010-10-13 08:00:00,1.6671,1.8962059999999996,-0.2291059999999996,0.2291059999999996
2010-10-13 09:00:00,2.0778666666666665,1.7557653333333334,0.32210133333333313,0.32210133333333313
2010-10-13 10:00:00,1.5266,1.8152486666666652,-0.2886486666666652,0.2886486666666652
2010-10-13 11:00:00,1.600766666666667,1.3187586666666662,0.2820080000000007,0.2820080000000007
2010-10-13 12:00:00,1.5731666666666666,1.2784193333333331,0.29474733333333347,0.29474733333333347
2010-10-13 13:00:00,1.9105,1.1524663333333334,0.7580336666666667,0.7580336666666667
2010-10-13 14:00:00,1.9113,1.570510333333333,0.340789666666667,0.340789666666667
2010-10-13 15:00:00,1.6611,1.7003689999999994,-0.03926899999999933,0.03926899999999933
2010-10-13 16:00:00,1.5491,1.8966873333333336,-0.3475873333333337,0.3475873333333337
2010-10-13 17:00:00,0.9845666666666666,1.6323333333333339,-0.6477666666666673,0.6477666666666673
2010-10-13 18:00:00,2.0344,1.9593399999999994,0.07506000000000079,0.07506000000000079
2010-10-13 19:00:00,2.377,2.201068678160919,0.175931321839081,0.175931321839081
2010-10-13 20:00:00,2.1648666666666667,2.188163000000001,-0.023296333333334474,0.023296333333334474
2010-10-13 21:00:00,2.0436,1.830771333333333,0.212828666666667,0.212828666666667
2010-10-13 22:00:00,0.3708666666666666,0.9714096666666666,-0.600543,0.600543
2010-10-13 23:00:00,0.3704333333333333,0.4217453333333333,-0.051312000000000024,0.051312000000000024
2010-10-14 00:00:00,0.4776333333333333,0.42267466666666687,0.054958666666666434,0.054958666666666434
2010-10-14 01:00:00,0.3412,0.6149899999999999,-0.2737899999999999,0.2737899999999999
2010-10-14 02:00:00,0.3867333333333333,0.5016883333333336,-0.1149550000000003,0.1149550000000003
2010-10-14 03:00:00,0.3780333333333334,0.37862066666666655,-0.0005873333333331621,0.0005873333333331621
2010-10-14 04:00:00,0.4393333333333333,0.433128,0.006205333333333285,0.006205333333333285
2010-10-14 05:00:00,1.1876,1.3267343333333332,-0.13913433333333325,0.13913433333333325
2010-10-14 06:00:00,2.9721,1.7372432824858757,1.2348567175141245,1.2348567175141245
2010-10-14 07:00:00,1.7274,1.9281723333333327,-0.20077233333333266,0.20077233333333266
2010-10-14 08:00:00,3.2096,1.637689,1.571911,1.571911
2010-10-14 09:00:00,1.8472666666666664,2.4460666666666664,-0.5988,0.5988
2010-10-14 10:00:00,0.9929333333333332,1.8588973333333343,-0.8659640000000011,0.8659640000000011
2010-10-14 11:00:00,0.9460666666666668,0.5982206666666664,0.34784600000000043,0.34784600000000043
2010-10-14 12:00:00,1.2267666666666666,0.9768386666666669,0.2499279999999997,0.2499279999999997
2010-10-14 13:00:00,1.9145,1.5293506666666659,0.38514933333333423,0.38514933333333423
2010-10-14 14:00:00,0.9038,1.5979861749098754,-0.6941861749098753,0.6941861749098753
2010-10-14 15:00:00,0.9570333333333332,1.1200853333333334,-0.1630520000000002,0.1630520000000002
2010-10-14 16:00:00,0.4178333333333333,0.8999953333333335,-0.4821620000000002,0.4821620000000002
2010-10-14 17:00:00,1.7473333333333334,0.9326993333333331,0.8146340000000003,0.8146340000000003
2010-10-14 18:00:00,4.117766666666666,2.6919756666666665,1.4257909999999998,1.4257909999999998
2010-10-14 19:00:00,2.9113,3.3368313333333344,-0.42553133333333415,0.42553133333333415
2010-10-14 20:00:00,3.2242,2.699981730423147,0.5242182695768531,0.5242182695768531
2010-10-14 21:00:00,2.3347333333333333,2.4234327726969545,-0.08869943936362112,0.08869943936362112
2010-10-14 22:00:00,0.5537666666666666,1.223757333333333,-0.6699906666666663,0.6699906666666663
2010-10-14 23:00:00,0.4012333333333334,0.49210966666666667,-0.09087633333333328,0.09087633333333328
2010-10-15 00:00:00,0.4129666666666666,0.3670686666666667,0.04589799999999988,0.04589799999999988
2010-10-15 01:00:00,0.4409666666666667,0.359085,0.08188166666666669,0.08188166666666669
2010-10-15 02:00:00,0.3288,0.5639856666666667,-0.23518566666666674,0.23518566666666674
2010-10-15 03:00:00,0.3322333333333333,0.4042853333333333,-0.07205199999999995,0.07205199999999995
2010-10-15 04:00:00,0.4362666666666666,0.5239823333333331,-0.08771566666666653,0.08771566666666653
2010-10-15 05:00:00,1.1134666666666668,1.198609666666667,-0.08514300000000019,0.08514300000000019
2010-10-15 06:00:00,2.0124,2.12871,-0.11630999999999991,0.11630999999999991
2010-10-15 07:00:00,1.8972,1.8100236666666678,0.08717633333333219,0.08717633333333219
2010-10-15 08:00:00,1.5839666666666663,1.6502092857142854,-0.06624261904761908,0.06624261904761908
2010-10-15 09:00:00,1.6329333333333331,1.551963666666667,0.08096966666666616,0.08096966666666616
2010-10-15 10:00:00,1.8261,1.5721493333333334,0.25395066666666666,0.25395066666666666
2010-10-15 11:00:00,2.0656666666666665,1.7625253333333328,0.3031413333333337,0.3031413333333337
2010-10-15 12:00:00,1.5737666666666668,1.7767936666666673,-0.2030270000000005,0.2030270000000005
2010-10-15 13:00:00,1.4675333333333331,1.202038,0.2654953333333332,0.2654953333333332
2010-10-15 14:00:00,0.5948666666666667,1.1755446666666671,-0.5806780000000005,0.5806780000000005
2010-10-15 15:00:00,0.5592,0.7728200000000004,-0.21362000000000037,0.21362000000000037
2010-10-15 16:00:00,0.5644333333333333,0.9317120000000003,-0.367278666666667,0.367278666666667
2010-10-15 17:00:00,1.4324666666666666,1.1073183333333327,0.3251483333333338,0.3251483333333338
2010-10-15 18:00:00,1.8231666666666664,2.3300133333333335,-0.5068466666666671,0.5068466666666671
2010-10-15 19:00:00,1.4465333333333334,2.4470536666666662,-1.0005203333333328,1.0005203333333328
2010-10-15 20:00:00,1.1575,1.8815709999999997,-0.7240709999999997,0.7240709999999997
2010-10-15 21:00:00,1.0036333333333334,1.1147483333333326,-0.11111499999999919,0.11111499999999919
2010-10-15 22:00:00,0.4981,0.6218645327700972,-0.12376453277009725,0.12376453277009725
2010-10-15 23:00:00,0.3273666666666666,0.5443183333333335,-0.21695166666666688,0.21695166666666688
2010-10-16 00:00:00,0.3091333333333333,0.3600006666666667,-0.050867333333333375,0.050867333333333375
2010-10-16 01:00:00,0.4311666666666667,0.40461600000000003,0.026550666666666667,0.026550666666666667
2010-10-16 02:00:00,0.3812,0.6988603333333332,-0.3176603333333332,0.3176603333333332
2010-10-16 03:00:00,0.3765,0.4006813333333332,-0.02418133333333322,0.02418133333333322
2010-10-16 04:00:00,0.3411666666666667,0.4226946666666669,-0.08152800000000021,0.08152800000000021
2010-10-16 05:00:00,0.7945333333333333,0.6862223333333333,0.10831100000000005,0.10831100000000005
2010-10-16 06:00:00,2.1444,1.4621081224858758,0.6822918775141242,0.6822918775141242
2010-10-16 07:00:00,1.9714333333333327,1.8883410000000003,0.08309233333333244,0.08309233333333244
2010-10-16 08:00:00,0.9704,1.6724734761904774,-0.7020734761904773,0.7020734761904773
2010-10-16 09:00:00,1.8662333333333327,1.419131104434204,0.44710222889912865,0.44710222889912865
2010-10-16 10:00:00,1.3443666666666667,1.7394301428571426,-0.3950634761904759,0.3950634761904759
2010-10-16 11:00:00,0.7357,1.2482456666666664,-0.5125456666666663,0.5125456666666663
2010-10-16 12:00:00,0.3585,0.9853428850574707,-0.6268428850574708,0.6268428850574708
2010-10-16 13:00:00,0.4908,0.8447299999999999,-0.35392999999999986,0.35392999999999986
2010-10-16 14:00:00,0.3715666666666666,1.2779878800000002,-0.9064212133333336,0.9064212133333336
2010-10-16 15:00:00,0.317,0.8472443333333328,-0.5302443333333329,0.5302443333333329
2010-10-16 16:00:00,0.4180333333333333,0.5582580000000001,-0.14022466666666683,0.14022466666666683
2010-10-16 17:00:00,0.3341333333333333,1.1126526666666665,-0.7785193333333332,0.7785193333333332
2010-10-16 18:00:00,0.373,0.6117476666666667,-0.2387476666666667,0.2387476666666667
2010-10-16 19:00:00,0.8722333333333333,1.0268302831541216,-0.1545969498207883,0.1545969498207883
2010-10-16 20:00:00,0.3830333333333333,0.73919404,-0.3561607066666667,0.3561607066666667
2010-10-16 21:00:00,0.4102333333333333,0.6775826666666666,-0.26734933333333327,0.26734933333333327
2010-10-16 22:00:00,0.3447666666666666,0.6278893333333333,-0.2831226666666667,0.2831226666666667
2010-10-16 23:00:00,0.3717333333333333,0.3899266666666667,-0.018193333333333395,0.018193333333333395
2010-10-17 00:00:00,0.3329,0.3660586666666667,-0.033158666666666725,0.033158666666666725
2010-10-17 01:00:00,0.4126,0.42455233333333353,-0.011952333333333509,0.011952333333333509
2010-10-17 02:00:00,0.3131,0.5708689066666668,-0.2577689066666668,0.2577689066666668
2010-10-17 03:00:00,0.3627666666666666,0.5007303333333337,-0.1379636666666671,0.1379636666666671
2010-10-17 04:00:00,0.3623333333333333,0.5176519999999998,-0.1553186666666665,0.1553186666666665
2010-10-17 05:00:00,1.0407333333333333,0.5697655480225992,0.47096778531073413,0.47096778531073413
2010-10-17 06:00:00,0.3727,0.8003392824858754,-0.4276392824858754,0.4276392824858754
2010-10-17 07:00:00,0.3803,0.9519306666666663,-0.5716306666666662,0.5716306666666662
2010-10-17 08:00:00,0.3762999999999999,0.7924526666666668,-0.4161526666666669,0.4161526666666669
2010-10-17 09:00:00,0.3289666666666667,0.7790103333333334,-0.4500436666666667,0.4500436666666667
2010-10-17 10:00:00,0.3000666666666667,0.7615073333333332,-0.4614406666666665,0.4614406666666665
2010-10-17 11:00:00,0.3132333333333333,0.6573829999999998,-0.3441496666666665,0.3441496666666665
2010-10-17 12:00:00,0.3651666666666667,0.628572,-0.2634053333333333,0.2634053333333333
2010-10-17 13:00:00,0.4966,0.6110400000000002,-0.11444000000000026,0.11444000000000026
2010-10-17 14:00:00,0.3765666666666666,1.4051193333333336,-1.0285526666666671,1.0285526666666671
2010-10-17 15:00:00,1.1914333333333331,0.8280026666666668,0.36343066666666635,0.36343066666666635
2010-10-17 16:00:00,0.4926,0.8680805649717511,-0.37548056497175114,0.37548056497175114
2010-10-17 17:00:00,0.5668333333333333,0.7422607270865338,-0.1754273937532005,0.1754273937532005
2010-10-17 18:00:00,2.0301,0.9430416666666669,1.0870583333333332,1.0870583333333332
2010-10-17 19:00:00,2.4540333333333333,2.9538526666666667,-0.4998193333333334,0.4998193333333334
2010-10-17 20:00:00,2.1380666666666666,2.267978333333333,-0.12991166666666665,0.12991166666666665
2010-10-17 21:00:00,0.9011,1.501177333333334,-0.600077333333334,0.600077333333334
2010-10-17 22:00:00,1.1761333333333333,0.5387149999999999,0.6374183333333333,0.6374183333333333
2010-10-17 23:00:00,0.5301333333333333,0.5715,-0.04136666666666666,0.04136666666666666
2010-10-18 00:00:00,0.3841,0.44229066666666683,-0.058190666666666835,0.058190666666666835
2010-10-18 01:00:00,0.3213666666666667,0.34651599999999994,-0.025149333333333246,0.025149333333333246
2010-10-18 02:00:00,0.3314333333333333,0.5073429999999997,-0.17590966666666635,0.17590966666666635
2010-10-18 03:00:00,0.4344333333333333,0.42641966666666664,0.008013666666666641,0.008013666666666641
2010-10-18 04:00:00,0.3197,0.6150290000000002,-0.2953290000000002,0.2953290000000002
2010-10-18 05:00:00,0.7896,0.9550766666666668,-0.16547666666666683,0.16547666666666683
2010-10-18 06:00:00,2.4543000000000004,1.7668623333333335,0.6874376666666668,0.6874376666666668
2010-10-18 07:00:00,2.4651,1.9033605172413794,0.5617394827586206,0.5617394827586206
2010-10-18 08:00:00,3.657066666666666,1.9320863333333338,1.724980333333332,1.724980333333332
2010-10-18 09:00:00,2.6036,2.4033107295597493,0.2002892704402508,0.2002892704402508
2010-10-18 10:00:00,2.8090333333333333,2.124537,0.6844963333333332,0.6844963333333332
2010-10-18 11:00:00,3.836433333333333,2.182505832017775,1.6539275013155579,1.6539275013155579
2010-10-18 12:00:00,3.2431,2.398516101694915,0.8445838983050851,0.8445838983050851
2010-10-18 13:00:00,1.9637,1.9555542641509431,0.008145735849056868,0.008145735849056868
2010-10-18 14:00:00,0.5180666666666667,1.676642666666667,-1.1585760000000003,1.1585760000000003
2010-10-18 15:00:00,0.4604,1.0289974444444447,-0.5685974444444448,0.5685974444444448
2010-10-18 16:00:00,0.6647333333333333,0.7853656666666667,-0.12063233333333345,0.12063233333333345
2010-10-18 17:00:00,3.391466666666666,1.1642563333333327,2.2272103333333337,2.2272103333333337
2010-10-18 18:00:00,3.7569666666666666,2.807599666666668,0.9493669999999987,0.9493669999999987
2010-10-18 19:00:00,2.67,2.796655126608643,-0.1266551266086431,0.1266551266086431
2010-10-18 20:00:00,3.3769,2.6427767993436526,0.7341232006563474,0.7341232006563474
2010-10-18 21:00:00,2.5095,2.5123845027763783,-0.002884502776378195,0.002884502776378195
2010-10-18 22:00:00,1.7402666666666666,1.6367755398411519,0.10349112682551476,0.10349112682551476
2010-10-18 23:00:00,1.5425666666666666,1.210903666666667,0.3316629999999996,0.3316629999999996
2010-10-19 00:00:00,0.6851,1.3101793333333331,-0.6250793333333331,0.6250793333333331
2010-10-19 01:00:00,0.3174333333333333,0.4171186666666668,-0.09968533333333351,0.09968533333333351
2010-10-19 02:00:00,0.3078,0.3760599999999999,-0.06825999999999988,0.06825999999999988
2010-10-19 03:00:00,0.4394666666666667,0.388966,0.05050066666666675,0.05050066666666675
2010-10-19 04:00:00,0.3994666666666667,0.6345063333333333,-0.2350396666666666,0.2350396666666666
2010-10-19 05:00:00,1.0450333333333333,1.019533,0.025500333333333236,0.025500333333333236
2010-10-19 06:00:00,2.989033333333333,2.4724076666666663,0.5166256666666666,0.5166256666666666
2010-10-19 07:00:00,2.1062,2.074424333333334,0.03177566666666598,0.03177566666666598
2010-10-19 08:00:00,1.7980333333333334,1.9434040000000001,-0.14537066666666676,0.14537066666666676
2010-10-19 09:00:00,0.5930333333333333,1.6862430000000002,-1.0932096666666669,1.0932096666666669
2010-10-19 10:00:00,1.8148,0.8155557777777775,0.9992442222222224,0.9992442222222224
2010-10-19 11:00:00,1.1293,1.5501803333333326,-0.42088033333333263,0.42088033333333263
2010-10-19 12:00:00,0.5172333333333333,1.324078,-0.8068446666666668,0.8068446666666668
2010-10-19 13:00:00,0.4046,0.781374,-0.376774,0.376774
2010-10-19 14:00:00,0.4017666666666667,0.6466859999999997,-0.24491933333333293,0.24491933333333293
2010-10-19 15:00:00,0.4735,0.7214073333333334,-0.24790733333333342,0.24790733333333342
2010-10-19 16:00:00,1.1286666666666667,0.808719,0.31994766666666674,0.31994766666666674
2010-10-19 17:00:00,3.5383333333333336,1.9995398644067797,1.5387934689265539,1.5387934689265539
2010-10-19 18:00:00,2.9301000000000004,2.913156666666666,0.0169433333333342,0.0169433333333342
2010-10-19 19:00:00,2.9603333333333333,3.0311307471264373,-0.070797413793104,0.070797413793104
2010-10-19 20:00:00,2.530066666666667,2.6352348347766434,-0.10516816810997653,0.10516816810997653
2010-10-19 21:00:00,1.326633333333333,1.7928041189444437,-0.4661707856111106,0.4661707856111106
2010-10-19 22:00:00,0.7211333333333333,0.8000853333333324,-0.07895199999999913,0.07895199999999913
2010-10-19 23:00:00,1.030333333333333,0.47455266666666673,0.5557806666666664,0.5557806666666664
2010-10-20 00:00:00,0.3933999999999999,0.40220666666666666,-0.00880666666666674,0.00880666666666674
2010-10-20 01:00:00,0.3293999999999999,0.3578226666666666,-0.028422666666666707,0.028422666666666707
2010-10-20 02:00:00,0.4425666666666667,0.44188466666666676,0.0006819999999999604,0.0006819999999999604
2010-10-20 03:00:00,0.3193,0.5835396666666667,-0.2642396666666667,0.2642396666666667
2010-10-20 04:00:00,0.3124333333333333,0.5664470000000001,-0.25401366666666686,0.25401366666666686
2010-10-20 05:00:00,0.9232333333333334,1.2184236666666672,-0.2951903333333339,0.2951903333333339
2010-10-20 06:00:00,2.8661000000000003,2.303413666666668,0.5626863333333323,0.5626863333333323
2010-10-20 07:00:00,1.8684666666666667,1.9152503333333337,-0.046783666666667,0.046783666666667
2010-10-20 08:00:00,1.8460666666666663,1.7749166666666665,0.07114999999999982,0.07114999999999982
2010-10-20 09:00:00,2.010866666666667,1.5784869999999993,0.4323796666666675,0.4323796666666675
2010-10-20 10:00:00,1.8959333333333328,1.5980046666666652,0.2979286666666676,0.2979286666666676
2010-10-20 11:00:00,1.3926666666666667,1.6444633333333325,-0.2517966666666658,0.2517966666666658
2010-10-20 12:00:00,0.4085333333333333,1.2584573333333329,-0.8499239999999996,0.8499239999999996
2010-10-20 13:00:00,0.5300666666666667,0.6610896666666666,-0.1310229999999999,0.1310229999999999
2010-10-20 14:00:00,0.5278333333333333,0.9703093333333338,-0.44247600000000054,0.44247600000000054
2010-10-20 15:00:00,0.3318666666666666,1.0277839999999998,-0.6959173333333333,0.6959173333333333
2010-10-20 16:00:00,0.3321333333333333,0.6210060000000001,-0.2888726666666668,0.2888726666666668
2010-10-20 17:00:00,1.3226666666666669,0.8485929999999999,0.47407366666666695,0.47407366666666695
2010-10-20 18:00:00,2.1848,2.6994573333333336,-0.5146573333333335,0.5146573333333335
2010-10-20 19:00:00,2.2927666666666666,2.732007331438766,-0.43924066477209944,0.43924066477209944
2010-10-20 20:00:00,2.804333333333333,2.1733056666666664,0.6310276666666668,0.6310276666666668
2010-10-20 21:00:00,1.6536333333333333,1.7468761694430457,-0.0932428361097124,0.0932428361097124
2010-10-20 22:00:00,0.7799999999999999,0.5974573333333332,0.18254266666666674,0.18254266666666674
2010-10-20 23:00:00,0.4468,0.4893726666666669,-0.042572666666666925,0.042572666666666925
2010-10-21 00:00:00,0.6637666666666667,0.46884566666666677,0.19492099999999996,0.19492099999999996
2010-10-21 01:00:00,0.4378666666666666,0.6635160000000002,-0.2256493333333336,0.2256493333333336
2010-10-21 02:00:00,0.3406333333333333,0.42030866666666655,-0.07967533333333326,0.07967533333333326
2010-10-21 03:00:00,0.341,0.49464333333333327,-0.15364333333333324,0.15364333333333324
2010-10-21 04:00:00,1.0228666666666666,0.436826,0.5860406666666667,0.5860406666666667
2010-10-21 05:00:00,1.2183666666666668,1.1348516666666666,0.08351500000000023,0.08351500000000023
2010-10-21 06:00:00,2.4748666666666663,2.396742999999999,0.07812366666666737,0.07812366666666737
2010-10-21 07:00:00,1.2261666666666668,1.8064285402298847,-0.5802618735632179,0.5802618735632179
2010-10-21 08:00:00,0.3173333333333333,0.7154296158192094,-0.3980962824858761,0.3980962824858761
2010-10-21 09:00:00,0.3232333333333334,0.5692429999999999,-0.24600966666666657,0.24600966666666657
2010-10-21 10:00:00,0.3919666666666667,0.502826,-0.11085933333333331,0.11085933333333331
2010-10-21 11:00:00,0.4943666666666667,0.5082533333333331,-0.013886666666666436,0.013886666666666436
2010-10-21 12:00:00,0.3880333333333333,1.024853333333333,-0.6368199999999997,0.6368199999999997
2010-10-21 13:00:00,0.4769666666666666,0.5369829999999997,-0.06001633333333306,0.06001633333333306
2010-10-21 14:00:00,0.3270333333333333,1.0392053466666666,-0.7121720133333334,0.7121720133333334
2010-10-21 15:00:00,0.9159333333333334,0.45296933333333333,0.46296400000000004,0.46296400000000004
2010-10-21 16:00:00,0.3668333333333333,0.7732716666666668,-0.4064383333333335,0.4064383333333335
2010-10-21 17:00:00,1.3011333333333333,0.8330513333333329,0.46808200000000033,0.46808200000000033
2010-10-21 18:00:00,1.824433333333333,2.676270000000001,-0.8518366666666681,0.8518366666666681
2010-10-21 19:00:00,1.947566666666667,1.8846573333333323,0.0629093333333346,0.0629093333333346
2010-10-21 20:00:00,2.5819666666666667,1.8077276666666662,0.7742390000000006,0.7742390000000006
2010-10-21 21:00:00,1.9928666666666668,2.2014124078516106,-0.20854574118494384,0.20854574118494384
2010-10-21 22:00:00,0.7646333333333334,0.8520299999999997,-0.08739666666666634,0.08739666666666634
2010-10-21 23:00:00,0.5243666666666666,0.459886666666667,0.06447999999999965,0.06447999999999965
2010-10-22 00:00:00,0.6322666666666666,0.5726244533333329,0.05964221333333375,0.05964221333333375
2010-10-22 01:00:00,0.5181,0.5663781066666668,-0.048278106666666765,0.048278106666666765
2010-10-22 02:00:00,0.5205666666666667,0.5973135999999998,-0.07674693333333305,0.07674693333333305
2010-10-22 03:00:00,0.5208666666666667,0.5724020000000001,-0.05153533333333338,0.05153533333333338
2010-10-22 04:00:00,0.5856,0.5692639333333332,0.01633606666666676,0.01633606666666676
2010-10-22 05:00:00,1.7711666666666666,1.3764,0.3947666666666665,0.3947666666666665
2010-10-22 06:00:00,2.4588,2.4101926666666666,0.04860733333333345,0.04860733333333345
2010-10-22 07:00:00,1.5222,2.006262827586207,-0.4840628275862071,0.4840628275862071
2010-10-22 08:00:00,1.5559333333333332,1.4913673333333335,0.06456599999999968,0.06456599999999968
2010-10-22 09:00:00,1.3845999999999998,1.323084333333334,0.06151566666666586,0.06151566666666586
2010-10-22 10:00:00,1.373,1.4032876666666665,-0.03028766666666649,0.03028766666666649
2010-10-22 11:00:00,1.7621666666666669,1.2528043333333327,0.5093623333333341,0.5093623333333341
2010-10-22 12:00:00,1.5787,1.5563643333333328,0.022335666666667198,0.022335666666667198
2010-10-22 13:00:00,1.4756,1.2233996666666669,0.25220033333333314,0.25220033333333314
2010-10-22 14:00:00,0.767,1.261835666666667,-0.494835666666667,0.494835666666667
2010-10-22 15:00:00,1.1825666666666663,0.8388993333333329,0.34366733333333344,0.34366733333333344
2010-10-22 16:00:00,0.4821,1.0043402824858765,-0.5222402824858765,0.5222402824858765
2010-10-22 17:00:00,0.7137,0.9272443333333332,-0.21354433333333322,0.21354433333333322
2010-10-22 18:00:00,1.4246666666666667,1.6274019999999993,-0.2027353333333326,0.2027353333333326
2010-10-22 19:00:00,1.3845,1.8144009999999995,-0.4299009999999994,0.4299009999999994
2010-10-22 20:00:00,2.2917666666666667,1.9581790133333328,0.33358765333333396,0.33358765333333396
2010-10-22 21:00:00,1.0726666666666669,1.3119720000000006,-0.2393053333333337,0.2393053333333337
2010-10-22 22:00:00,0.3119666666666666,0.6553793333333334,-0.3434126666666668,0.3434126666666668
2010-10-22 23:00:00,1.4291666666666667,0.45084699999999983,0.9783196666666669,0.9783196666666669
2010-10-23 00:00:00,0.3663333333333333,0.9962796666666668,-0.6299463333333335,0.6299463333333335
2010-10-23 01:00:00,0.4864666666666666,0.41016699999999995,0.07629966666666665,0.07629966666666665
2010-10-23 02:00:00,0.3881333333333333,0.46161002666666645,-0.07347669333333318,0.07347669333333318
2010-10-23 03:00:00,0.3773333333333333,0.41454933333333316,-0.03721599999999986,0.03721599999999986
2010-10-23 04:00:00,0.3275333333333333,0.4521660000000001,-0.12463266666666684,0.12463266666666684
2010-10-23 05:00:00,0.6353000000000001,0.687781666666667,-0.05248166666666687,0.05248166666666687
2010-10-23 06:00:00,2.3587333333333333,2.124111789152543,0.2346215441807904,0.2346215441807904
2010-10-23 07:00:00,1.5689333333333333,1.9007450229885063,-0.33181168965517305,0.33181168965517305
2010-10-23 08:00:00,1.2997666666666667,1.5517476666666667,-0.251981,0.251981
2010-10-23 09:00:00,0.4229,1.256749949152542,-0.833849949152542,0.833849949152542
2010-10-23 10:00:00,1.0934,0.8891353333333335,0.20426466666666643,0.20426466666666643
2010-10-23 11:00:00,2.0735,1.3519271977401124,0.7215728022598877,0.7215728022598877
2010-10-23 12:00:00,1.7854666666666668,1.870456666666668,-0.08499000000000123,0.08499000000000123
2010-10-23 13:00:00,2.6106,1.7548310000000007,0.8557689999999991,0.8557689999999991
2010-10-23 14:00:00,2.4896000000000003,2.080562333333332,0.4090376666666682,0.4090376666666682
2010-10-23 15:00:00,2.5465,2.4931925340715178,0.053307465928482234,0.053307465928482234
2010-10-23 16:00:00,3.2707333333333333,2.391670012914154,0.8790633204191791,0.8790633204191791
2010-10-23 17:00:00,2.5243,2.6464310000000006,-0.12213100000000043,0.12213100000000043
2010-10-23 18:00:00,1.7952666666666666,2.850331333333333,-1.0550646666666665,1.0550646666666665
2010-10-23 19:00:00,1.6555,2.2507593448275847,-0.5952593448275847,0.5952593448275847
2010-10-23 20:00:00,3.3083,1.9554517003831409,1.3528482996168592,1.3528482996168592
2010-10-23 21:00:00,1.2988333333333333,2.3302233333333318,-1.0313899999999985,1.0313899999999985
2010-10-23 22:00:00,2.108,1.1001016190476194,1.0078983809523807,1.0078983809523807
2010-10-23 23:00:00,1.7188666666666668,1.440918333333333,0.2779483333333337,0.2779483333333337
2010-10-24 00:00:00,1.4979333333333331,1.7910180000000002,-0.2930846666666671,0.2930846666666671
2010-10-24 01:00:00,1.9704,1.5469073050904518,0.4234926949095481,0.4234926949095481
2010-10-24 02:00:00,1.7044333333333337,1.3796840650904525,0.3247492682428812,0.3247492682428812
2010-10-24 03:00:00,0.8521333333333333,1.3561093317571187,-0.5039759984237854,0.5039759984237854
2010-10-24 04:00:00,0.3794666666666667,0.4120568533333332,-0.03259018666666652,0.03259018666666652
2010-10-24 05:00:00,0.3674666666666666,0.4824896666666666,-0.11502299999999999,0.11502299999999999
2010-10-24 06:00:00,0.3862,0.6077119999999997,-0.2215119999999997,0.2215119999999997
2010-10-24 07:00:00,0.6389,0.8983086666666665,-0.2594086666666665,0.2594086666666665
2010-10-24 08:00:00,1.1032000000000002,1.0969062372881353,0.006293762711864881,0.006293762711864881
2010-10-24 09:00:00,1.5886666666666664,1.438929112994351,0.14973755367231556,0.14973755367231556
2010-10-24 10:00:00,1.8669,1.4430696666666663,0.42383033333333375,0.42383033333333375
2010-10-24 11:00:00,2.8367333333333336,1.658194285714286,1.1785390476190476,1.1785390476190476
2010-10-24 12:00:00,2.8522333333333334,2.4725873333333324,0.37964600000000104,0.37964600000000104
2010-10-24 13:00:00,3.734,2.603246,1.130754,1.130754
2010-10-24 14:00:00,1.742135593220339,2.856412333333334,-1.114276740112995,1.114276740112995
2010-10-24 15:00:00,1.4822,1.6823710932275866,-0.20017109322758664,0.20017109322758664
2010-10-24 16:00:00,1.9752666666666667,1.5355895310734462,0.4396771355932205,0.4396771355932205
2010-10-24 17:00:00,2.5342,2.3787400734463278,0.15545992655367202,0.15545992655367202
2010-10-24 18:00:00,2.580433333333333,2.63403,-0.05359666666666696,0.05359666666666696
2010-10-24 19:00:00,1.3936333333333333,2.5795796666666657,-1.1859463333333324,1.1859463333333324
2010-10-24 20:00:00,1.0190666666666666,1.7075950621468914,-0.6885283954802248,0.6885283954802248
2010-10-24 21:00:00,2.318866666666666,1.0029306400000002,1.315936026666666,1.315936026666666
2010-10-24 22:00:00,1.3281666666666667,1.318990893752839,0.009175772913827762,0.009175772913827762
2010-10-24 23:00:00,0.6191666666666666,0.6648613333333334,-0.04569466666666677,0.04569466666666677
2010-10-25 00:00:00,0.5782666666666666,0.5171053333333334,0.06116133333333318,0.06116133333333318
2010-10-25 01:00:00,0.3816,0.5442593333333333,-0.16265933333333332,0.16265933333333332
2010-10-25 02:00:00,0.3448333333333334,0.3960593333333333,-0.05122599999999994,0.05122599999999994
2010-10-25 03:00:00,0.3414,0.4731113333333332,-0.13171133333333324,0.13171133333333324
2010-10-25 04:00:00,0.3576666666666667,0.447814612391193,-0.09014794572452633,0.09014794572452633
2010-10-25 05:00:00,0.4922333333333333,0.9976489774011305,-0.5054156440677972,0.5054156440677972
2010-10-25 06:00:00,1.7558333333333331,2.1227753333333337,-0.36694200000000055,0.36694200000000055
2010-10-25 07:00:00,2.1565333333333334,1.6719213333333327,0.4846120000000007,0.4846120000000007
2010-10-25 08:00:00,1.4889333333333332,1.7177256666666665,-0.22879233333333326,0.22879233333333326
2010-10-25 09:00:00,1.5511,1.4779876666666658,0.07311233333333411,0.07311233333333411
2010-10-25 10:00:00,0.7614,1.419650666666667,-0.6582506666666671,0.6582506666666671
2010-10-25 11:00:00,0.3274999999999999,0.611362333333333,-0.2838623333333331,0.2838623333333331
2010-10-25 12:00:00,0.3194666666666667,0.5807323333333333,-0.2612656666666666,0.2612656666666666
2010-10-25 13:00:00,0.3587999999999999,0.4872289999999999,-0.12842900000000002,0.12842900000000002
2010-10-25 14:00:00,0.3935,0.41331033333333317,-0.019810333333333152,0.019810333333333152
2010-10-25 15:00:00,0.4519666666666666,0.4787233333333332,-0.026756666666666595,0.026756666666666595
2010-10-25 16:00:00,0.3531666666666667,0.9783359999999999,-0.6251693333333332,0.6251693333333332
2010-10-25 17:00:00,0.4421,0.8725159999999996,-0.43041599999999963,0.43041599999999963
2010-10-25 18:00:00,1.4117666666666666,1.5824496666666668,-0.17068300000000014,0.17068300000000014
2010-10-25 19:00:00,1.0944,1.699210333333333,-0.604810333333333,0.604810333333333
2010-10-25 20:00:00,0.9947,1.9518623333333331,-0.9571623333333331,0.9571623333333331
2010-10-25 21:00:00,1.2006333333333332,1.130513306666666,0.07012002666666728,0.07012002666666728
2010-10-25 22:00:00,1.2112333333333334,1.01904424,0.19218909333333345,0.19218909333333345
2010-10-25 23:00:00,0.6891,0.8043410000000002,-0.11524100000000015,0.11524100000000015
2010-10-26 00:00:00,0.3165666666666666,0.5457133333333334,-0.22914666666666678,0.22914666666666678
2010-10-26 01:00:00,1.0714666666666666,0.562955,0.5085116666666666,0.5085116666666666
2010-10-26 02:00:00,0.3536666666666666,0.35739533333333356,-0.003728666666666991,0.003728666666666991
2010-10-26 03:00:00,0.5006666666666667,0.4100443333333333,0.09062233333333342,0.09062233333333342
2010-10-26 04:00:00,0.3230666666666666,0.5802126666666666,-0.257146,0.257146
2010-10-26 05:00:00,0.3164666666666667,0.8841786666666668,-0.5677120000000001,0.5677120000000001
2010-10-26 06:00:00,0.6149666666666666,0.9678233333333327,-0.35285666666666615,0.35285666666666615
2010-10-26 07:00:00,0.6816333333333334,1.2154403333333337,-0.5338070000000003,0.5338070000000003
2010-10-26 08:00:00,1.0353,1.2689375870455715,-0.23363758704557136,0.23363758704557136
2010-10-26 09:00:00,0.6316666666666666,1.5937931333333342,-0.9621264666666676,0.9621264666666676
2010-10-26 10:00:00,3.0101,0.7554179999999999,2.254682,2.254682
2010-10-26 11:00:00,1.1093666666666666,2.4059981320754718,-1.2966314654088051,1.2966314654088051
2010-10-26 12:00:00,0.4098333333333333,1.19916,-0.7893266666666667,0.7893266666666667
2010-10-26 13:00:00,0.3274666666666667,0.6304683333333331,-0.3030016666666664,0.3030016666666664
2010-10-26 14:00:00,0.3354999999999999,0.5400150000000002,-0.20451500000000034,0.20451500000000034
2010-10-26 15:00:00,0.3538333333333333,0.5006,-0.14676666666666677,0.14676666666666677
2010-10-26 16:00:00,0.5167333333333334,0.6585700000000003,-0.14183666666666694,0.14183666666666694
2010-10-26 17:00:00,0.3454,1.0542320666666665,-0.7088320666666665,0.7088320666666665
2010-10-26 18:00:00,0.2993333333333333,1.2153436666666666,-0.9160103333333334,0.9160103333333334
2010-10-26 19:00:00,1.0135333333333334,0.8176629999999999,0.19587033333333348,0.19587033333333348
2010-10-26 20:00:00,0.3625666666666667,0.7324308533333331,-0.36986418666666643,0.36986418666666643
2010-10-26 21:00:00,0.4894,0.6037069999999994,-0.11430699999999944,0.11430699999999944
2010-10-26 22:00:00,0.6574333333333333,0.6970146666666666,-0.039581333333333246,0.039581333333333246
2010-10-26 23:00:00,0.7889666666666667,0.6946999493087557,0.09426671735791103,0.09426671735791103
2010-10-27 00:00:00,0.7074,0.6938936991807474,0.013506300819252637,0.013506300819252637
2010-10-27 01:00:00,0.8959333333333334,0.48862233333333305,0.4073110000000003,0.4073110000000003
2010-10-27 02:00:00,0.3767,0.46856000000000014,-0.09186000000000016,0.09186000000000016
2010-10-27 03:00:00,0.3225666666666666,0.4248253333333334,-0.10225866666666678,0.10225866666666678
2010-10-27 04:00:00,0.3140666666666666,0.4462516666666666,-0.132185,0.132185
2010-10-27 05:00:00,0.3945,0.6937393333333333,-0.29923933333333325,0.29923933333333325
2010-10-27 06:00:00,1.7022666666666666,1.020896214689265,0.6813704519774015,0.6813704519774015
2010-10-27 07:00:00,1.8992666666666669,1.7166823333333334,0.18258433333333346,0.18258433333333346
2010-10-27 08:00:00,1.5356999999999998,1.581559809523809,-0.04585980952380919,0.04585980952380919
2010-10-27 09:00:00,1.8381,1.4627223333333337,0.3753776666666664,0.3753776666666664
2010-10-27 10:00:00,2.5886,1.7429913333333327,0.8456086666666673,0.8456086666666673
2010-10-27 11:00:00,0.3977,2.3713183333333334,-1.9736183333333335,1.9736183333333335
2010-10-27 12:00:00,0.6810666666666666,0.856775333333334,-0.1757086666666674,0.1757086666666674
2010-10-27 13:00:00,0.5176666666666666,0.9918936666666667,-0.47422700000000007,0.47422700000000007
2010-10-27 14:00:00,0.4710333333333333,0.8210999999999999,-0.35006666666666664,0.35006666666666664
2010-10-27 15:00:00,0.6847666666666666,0.834302666666667,-0.14953600000000034,0.14953600000000034
2010-10-27 16:00:00,0.5363,1.2675320000000005,-0.7312320000000005,0.7312320000000005
2010-10-27 17:00:00,0.5009,1.0022102988505746,-0.5013102988505745,0.5013102988505745
2010-10-27 18:00:00,0.8276,1.5111603333333332,-0.6835603333333332,0.6835603333333332
2010-10-27 19:00:00,1.0392333333333332,1.093223,-0.053989666666666825,0.053989666666666825
2010-10-27 20:00:00,0.3815666666666667,1.0662610000000001,-0.6846943333333334,0.6846943333333334
2010-10-27 21:00:00,0.8087,0.6032823333333331,0.20541766666666683,0.20541766666666683
2010-10-27 22:00:00,0.7940333333333334,0.8501012826420898,-0.05606794930875647,0.05606794930875647
2010-10-27 23:00:00,2.0628,0.7172441812596009,1.3455558187403993,1.3455558187403993
2010-10-28 00:00:00,0.5760000000000001,1.3082188080840322,-0.7322188080840322,0.7322188080840322
2010-10-28 01:00:00,0.3520333333333333,0.45490533333333316,-0.10287199999999985,0.10287199999999985
2010-10-28 02:00:00,0.3282666666666667,0.44114500000000023,-0.11287833333333352,0.11287833333333352
2010-10-28 03:00:00,0.4179666666666666,0.5033000000000002,-0.0853333333333336,0.0853333333333336
2010-10-28 04:00:00,0.3954,0.5250656666666668,-0.1296656666666668,0.1296656666666668
2010-10-28 05:00:00,0.3842,1.0503024293785315,-0.6661024293785315,0.6661024293785315
2010-10-28 06:00:00,0.4864,1.2332857627118636,-0.7468857627118637,0.7468857627118637
2010-10-28 07:00:00,0.7909333333333334,1.22106,-0.43012666666666666,0.43012666666666666
2010-10-28 08:00:00,1.6559,1.3045846666666667,0.3513153333333332,0.3513153333333332
2010-10-28 09:00:00,1.3800666666666668,1.4787206666666668,-0.09865400000000002,0.09865400000000002
2010-10-28 10:00:00,0.3667666666666667,1.0072759999999998,-0.6405093333333332,0.6405093333333332
2010-10-28 11:00:00,0.4730666666666667,0.5263173333333334,-0.053250666666666724,0.053250666666666724
2010-10-28 12:00:00,0.5296666666666667,0.840236666666667,-0.31057000000000023,0.31057000000000023
2010-10-28 13:00:00,1.4190333333333334,0.9850109999999997,0.4340223333333336,0.4340223333333336
2010-10-28 14:00:00,2.2539,1.0303783333333338,1.223521666666666,1.223521666666666
2010-10-28 15:00:00,2.0625,1.8633151016949157,0.19918489830508435,0.19918489830508435
2010-10-28 16:00:00,2.1038666666666668,1.7863678983050844,0.3174987683615824,0.3174987683615824
2010-10-28 17:00:00,1.3175333333333334,1.8745813742731705,-0.5570480409398371,0.5570480409398371
2010-10-28 18:00:00,2.4235,2.2103349999999997,0.2131650000000005,0.2131650000000005
2010-10-28 19:00:00,0.5319,2.5064383333333318,-1.9745383333333317,1.9745383333333317
2010-10-28 20:00:00,0.4278333333333333,1.2330900000000002,-0.805256666666667,0.805256666666667
2010-10-28 21:00:00,0.7487999999999999,0.6275063333333335,0.12129366666666641,0.12129366666666641
2010-10-28 22:00:00,0.9004333333333334,0.812439199436764,0.0879941338965694,0.0879941338965694
2010-10-28 23:00:00,1.0362,0.6294362319508449,0.40676376804915515,0.40676376804915515
2010-10-29 00:00:00,0.5989,0.5516269999999999,0.04727300000000012,0.04727300000000012
2010-10-29 01:00:00,0.4650999999999999,0.49186833333333313,-0.026768333333333227,0.026768333333333227
2010-10-29 02:00:00,0.3167999999999999,0.5448633333333333,-0.22806333333333334,0.22806333333333334
2010-10-29 03:00:00,0.3162,0.45754300000000003,-0.14134300000000005,0.14134300000000005
2010-10-29 04:00:00,0.3864,0.42996733333333337,-0.04356733333333335,0.04356733333333335
2010-10-29 05:00:00,0.5107,0.9307193107344628,-0.42001931073446275,0.42001931073446275
2010-10-29 06:00:00,0.3061666666666667,1.7948674,-1.4887007333333333,1.4887007333333333
2010-10-29 07:00:00,0.4793666666666666,0.8385423333333337,-0.3591756666666671,0.3591756666666671
2010-10-29 08:00:00,1.4061666666666668,1.0004211129943505,0.40574555367231624,0.40574555367231624
2010-10-29 09:00:00,0.5284666666666666,1.3634973333333331,-0.8350306666666665,0.8350306666666665
2010-10-29 10:00:00,0.6154,1.0197173333333334,-0.4043173333333334,0.4043173333333334
2010-10-29 11:00:00,1.0566666666666666,1.3717083333333324,-0.3150416666666658,0.3150416666666658
2010-10-29 12:00:00,0.8221333333333334,1.7513897656356585,-0.9292564323023251,0.9292564323023251
2010-10-29 13:00:00,0.7339333333333333,1.1558686800000004,-0.4219353466666671,0.4219353466666671
2010-10-29 14:00:00,1.3253,1.2608447466666661,0.0644552533333338,0.0644552533333338
2010-10-29 15:00:00,0.5244333333333333,1.2116436666666666,-0.6872103333333333,0.6872103333333333
2010-10-29 16:00:00,0.6262333333333333,1.0713043333333336,-0.4450710000000003,0.4450710000000003
2010-10-29 17:00:00,1.2063666666666668,1.226992,-0.020625333333333273,0.020625333333333273
2010-10-29 18:00:00,1.314,2.1004656666666657,-0.7864656666666656,0.7864656666666656
2010-10-29 19:00:00,1.5519666666666665,1.5118360000000002,0.040130666666666315,0.040130666666666315
2010-10-29 20:00:00,1.641233333333333,1.9192725649717515,-0.27803923163841837,0.27803923163841837
2010-10-29 21:00:00,0.9650666666666666,1.612307487301587,-0.6472408206349204,0.6472408206349204
2010-10-29 22:00:00,1.3404999999999998,0.6044176666666669,0.736082333333333,0.736082333333333
2010-10-29 23:00:00,1.6557,0.8359886666666673,0.8197113333333327,0.8197113333333327
2010-10-30 00:00:00,1.2114666666666667,1.5406865680840323,-0.32921990141736557,0.32921990141736557
2010-10-30 01:00:00,0.9088666666666666,0.7493412400000004,0.15952542666666625,0.15952542666666625
2010-10-30 02:00:00,0.5199,0.556821035074245,-0.036921035074244934,0.036921035074244934
2010-10-30 03:00:00,0.3635666666666666,0.46453333333333324,-0.10096666666666665,0.10096666666666665
2010-10-30 04:00:00,0.3116,0.42140666666666676,-0.10980666666666677,0.10980666666666677
2010-10-30 05:00:00,0.3201666666666666,0.6631220000000002,-0.3429553333333336,0.3429553333333336
2010-10-30 06:00:00,0.4655666666666667,0.6937966666666665,-0.22822999999999982,0.22822999999999982
2010-10-30 07:00:00,0.4008333333333333,1.0855115480225987,-0.6846782146892654,0.6846782146892654
2010-10-30 08:00:00,0.3779333333333333,0.917140333333333,-0.5392069999999998,0.5392069999999998
2010-10-30 09:00:00,0.7758666666666667,0.8354553333333328,-0.05958866666666607,0.05958866666666607
2010-10-30 10:00:00,3.133233333333333,1.4376049200000005,1.6956284133333326,1.6956284133333326
2010-10-30 11:00:00,0.905,2.399280333333333,-1.494280333333333,1.494280333333333
2010-10-30 12:00:00,1.2232666666666667,1.2891790000000003,-0.06591233333333357,0.06591233333333357
2010-10-30 13:00:00,1.7464000000000002,1.6355886666666655,0.1108113333333347,0.1108113333333347
2010-10-30 14:00:00,1.5429,1.6638563333333338,-0.12095633333333389,0.12095633333333389
2010-10-30 15:00:00,1.6637,1.8550303333333338,-0.19133033333333382,0.19133033333333382
2010-10-30 16:00:00,1.5299,1.727634177777778,-0.1977341777777779,0.1977341777777779
2010-10-30 17:00:00,2.1401666666666666,1.7587073333333327,0.3814593333333338,0.3814593333333338
2010-10-30 18:00:00,2.602633333333333,2.3578460000000003,0.24478733333333258,0.24478733333333258
2010-10-30 19:00:00,3.3127,2.408176361581921,0.904523638418079,0.904523638418079
2010-10-30 20:00:00,3.0156,2.5904253333333327,0.42517466666666737,0.42517466666666737
2010-10-30 21:00:00,2.8801666666666668,2.4448853333333336,0.4352813333333332,0.4352813333333332
2010-10-30 22:00:00,2.8712,2.5839136666666658,0.2872863333333342,0.2872863333333342
2010-10-30 23:00:00,1.8089666666666664,2.5279045884451863,-0.7189379217785199,0.7189379217785199
2010-10-31 00:00:00,1.4759,1.695381333333333,-0.21948133333333297,0.21948133333333297
2010-10-31 01:00:00,1.4299,1.260511546666667,0.16938845333333297,0.16938845333333297
2010-10-31 02:00:00,1.5552333333333332,1.3380169999999996,0.21721633333333368,0.21721633333333368
2010-10-31 03:00:00,1.4665,1.5524423333333328,-0.0859423333333329,0.0859423333333329
2010-10-31 04:00:00,2.9103,1.5437986133333335,1.3665013866666664,1.3665013866666664
2010-10-31 05:00:00,1.9305666666666668,2.239621107924855,-0.30905444125818815,0.30905444125818815
2010-10-31 06:00:00,0.3292,1.7676658399999996,-1.4384658399999997,1.4384658399999997
2010-10-31 07:00:00,0.355,0.9538963333333331,-0.5988963333333331,0.5988963333333331
2010-10-31 08:00:00,0.3982333333333333,0.8777816666666668,-0.4795483333333335,0.4795483333333335
2010-10-31 09:00:00,0.5090333333333333,1.043576892655367,-0.5345435593220337,0.5345435593220337
2010-10-31 10:00:00,0.3197666666666666,1.2811183333333331,-0.9613516666666666,0.9613516666666666
2010-10-31 11:00:00,0.3359333333333333,0.9241333333333337,-0.5882000000000004,0.5882000000000004
2010-10-31 12:00:00,1.1764333333333332,0.800429333333334,0.3760039999999992,0.3760039999999992
2010-10-31 13:00:00,1.5386666666666666,1.560610542372881,-0.021943875706214477,0.021943875706214477
2010-10-31 14:00:00,0.5955999999999999,2.0685426666666666,-1.4729426666666667,1.4729426666666667
2010-10-31 15:00:00,0.3451666666666667,1.100676666666667,-0.7555100000000003,0.7555100000000003
2010-10-31 16:00:00,0.4587333333333333,0.7870903333333337,-0.32835700000000034,0.32835700000000034
2010-10-31 17:00:00,0.3284666666666667,1.3388286666666667,-1.010362,1.010362
2010-10-31 18:00:00,0.3643333333333333,0.6935876666666668,-0.32925433333333354,0.32925433333333354
2010-10-31 19:00:00,0.3928,0.7947273333333332,-0.40192733333333325,0.40192733333333325
2010-10-31 20:00:00,1.2171666666666667,0.8294253333333335,0.38774133333333327,0.38774133333333327
2010-10-31 21:00:00,1.3272666666666666,1.632608531073446,-0.30534186440677935,0.30534186440677935
2010-10-31 22:00:00,2.038,1.1223506666666665,0.9156493333333333,0.9156493333333333
2010-10-31 23:00:00,1.3194,1.1231797599999995,0.19622024000000038,0.19622024000000038
2010-11-01 00:00:00,1.4804333333333333,1.2583486666666672,0.22208466666666604,0.22208466666666604
2010-11-01 01:00:00,1.2860333333333334,1.3993838800000002,-0.11335054666666688,0.11335054666666688
2010-11-01 02:00:00,1.0646666666666669,1.1477506666666664,-0.08308399999999949,0.08308399999999949
2010-11-01 03:00:00,0.3274333333333333,0.9129703600000002,-0.5855370266666668,0.5855370266666668
2010-11-01 04:00:00,0.4504,0.44929600000000003,0.0011039999999999939,0.0011039999999999939
2010-11-01 05:00:00,0.4049666666666666,1.1475366666666666,-0.7425700000000001,0.7425700000000001
2010-11-01 06:00:00,0.3845666666666666,1.1489956666666665,-0.7644289999999999,0.7644289999999999
2010-11-01 07:00:00,0.3178,1.066973881355932,-0.7491738813559319,0.7491738813559319
2010-11-01 08:00:00,1.1984,0.5696901136712748,0.6287098863287252,0.6287098863287252
2010-11-01 09:00:00,0.4413,1.029056361581921,-0.587756361581921,0.587756361581921
2010-11-01 10:00:00,0.4067333333333333,0.6336476666666665,-0.22691433333333322,0.22691433333333322
2010-11-01 11:00:00,0.7283333333333334,0.7146180000000002,0.01371533333333319,0.01371533333333319
2010-11-01 12:00:00,1.8742666666666667,0.9312136666666666,0.9430530000000001,0.9430530000000001
2010-11-01 13:00:00,1.4407,1.941732999999999,-0.501032999999999,0.501032999999999
2010-11-01 14:00:00,1.4621666666666668,1.302851,0.15931566666666686,0.15931566666666686
2010-11-01 15:00:00,1.6175,1.0562492666666667,0.5612507333333332,0.5612507333333332
2010-11-01 16:00:00,1.4483,1.6674933333333342,-0.21919333333333424,0.21919333333333424
2010-11-01 17:00:00,0.6616333333333333,1.1225163333333328,-0.4608829999999995,0.4608829999999995
2010-11-01 18:00:00,0.3319333333333333,1.192254,-0.8603206666666666,0.8603206666666666
2010-11-01 19:00:00,0.475,0.7929596666666664,-0.3179596666666664,0.3179596666666664
2010-11-01 20:00:00,1.0677333333333332,1.0829649999999997,-0.015231666666666532,0.015231666666666532
2010-11-01 21:00:00,1.3896666666666666,1.3483069999999993,0.04135966666666735,0.04135966666666735
2010-11-01 22:00:00,1.4736333333333331,1.1332996666666666,0.34033366666666653,0.34033366666666653
2010-11-01 23:00:00,1.4327333333333334,1.1091523333333337,0.3235809999999997,0.3235809999999997
2010-11-02 00:00:00,1.2633666666666667,1.289476333333334,-0.026109666666667142,0.026109666666667142
2010-11-02 01:00:00,0.3963333333333333,1.1381380000000003,-0.741804666666667,0.741804666666667
2010-11-02 02:00:00,0.3301,0.4618489999999999,-0.1317489999999999,0.1317489999999999
2010-11-02 03:00:00,1.4277333333333333,0.4603283333333333,0.9674050000000001,0.9674050000000001
2010-11-02 04:00:00,0.3799666666666667,0.85968524,-0.47971857333333334,0.47971857333333334
2010-11-02 05:00:00,0.4035333333333333,0.8131078813559323,-0.40957454802259896,0.40957454802259896
2010-11-02 06:00:00,0.4835,1.051814881355932,-0.568314881355932,0.568314881355932
2010-11-02 07:00:00,0.5343333333333333,1.0056305480225989,-0.47129721468926555,0.47129721468926555
2010-11-02 08:00:00,1.4453333333333334,1.0706711129943507,0.37466222033898267,0.37466222033898267
2010-11-02 09:00:00,0.8653666666666666,1.3573330000000001,-0.4919663333333335,0.4919663333333335
2010-11-02 10:00:00,0.4302666666666666,0.6286846666666664,-0.19841799999999987,0.19841799999999987
2010-11-02 11:00:00,0.3439666666666667,0.9401519999999999,-0.5961853333333331,0.5961853333333331
2010-11-02 12:00:00,0.4027333333333333,0.46685166666666644,-0.06411833333333317,0.06411833333333317
2010-11-02 13:00:00,0.3610666666666667,0.5638486666666668,-0.20278200000000007,0.20278200000000007
2010-11-02 14:00:00,0.3765666666666666,0.5118719999999998,-0.13530533333333317,0.13530533333333317
2010-11-02 15:00:00,0.3728,0.4962106666666666,-0.12341066666666656,0.12341066666666656
2010-11-02 16:00:00,0.3232,0.8565616666666663,-0.5333616666666663,0.5333616666666663
2010-11-02 17:00:00,1.1502333333333332,0.809573,0.34066033333333323,0.34066033333333323
2010-11-02 18:00:00,0.8409,1.1722674632768357,-0.33136746327683575,0.33136746327683575
2010-11-02 19:00:00,1.2145,1.562261333333333,-0.34776133333333314,0.34776133333333314
2010-11-02 20:00:00,1.3573666666666668,1.6499468666666672,-0.2925802000000004,0.2925802000000004
2010-11-02 21:00:00,1.4289999999999998,1.5717309047619046,-0.14273090476190475,0.14273090476190475
2010-11-02 22:00:00,2.286466666666666,1.0323576666666667,1.2541089999999995,1.2541089999999995
2010-11-02 23:00:00,0.6133000000000001,1.2972578937528392,-0.6839578937528391,0.6839578937528391
2010-11-03 00:00:00,0.9561666666666668,0.5403590000000001,0.4158076666666667,0.4158076666666667
2010-11-03 01:00:00,1.0623,0.9104054533333334,0.15189454666666657,0.15189454666666657
2010-11-03 02:00:00,0.4022666666666666,0.9751222382795701,-0.5728555716129036,0.5728555716129036
2010-11-03 03:00:00,0.33,0.4546319999999998,-0.1246319999999998,0.1246319999999998
2010-11-03 04:00:00,0.3884333333333333,0.43872566666666674,-0.05029233333333344,0.05029233333333344
2010-11-03 05:00:00,0.5263333333333333,0.8864116974011302,-0.3600783640677969,0.3600783640677969
2010-11-03 06:00:00,1.0215,1.6332327333333339,-0.6117327333333338,0.6117327333333338
2010-11-03 07:00:00,1.9960666666666669,1.4482996666666665,0.5477670000000003,0.5477670000000003
2010-11-03 08:00:00,2.0325,1.731754333333333,0.30074566666666724,0.30074566666666724
2010-11-03 09:00:00,1.0415666666666668,1.628385333333334,-0.5868186666666673,0.5868186666666673
2010-11-03 10:00:00,0.3885666666666666,0.7183593333333337,-0.32979266666666707,0.32979266666666707
2010-11-03 11:00:00,0.3289,0.8638376666666667,-0.5349376666666668,0.5349376666666668
2010-11-03 12:00:00,0.4435333333333334,0.5543596666666666,-0.1108263333333332,0.1108263333333332
2010-11-03 13:00:00,0.3258333333333333,0.7663669999999999,-0.4405336666666666,0.4405336666666666
2010-11-03 14:00:00,0.3891,0.5268456666666667,-0.13774566666666666,0.13774566666666666
2010-11-03 15:00:00,0.3891666666666667,0.7057076666666663,-0.3165409999999996,0.3165409999999996
2010-11-03 16:00:00,0.6790666666666667,0.9218073333333338,-0.24274066666666705,0.24274066666666705
2010-11-03 17:00:00,0.9811,1.3014409777777778,-0.3203409777777778,0.3203409777777778
2010-11-03 18:00:00,1.2302,1.8255806666666672,-0.5953806666666672,0.5953806666666672
2010-11-03 19:00:00,1.619033333333333,1.2423796666666667,0.37665366666666644,0.37665366666666644
2010-11-03 20:00:00,3.1431666666666667,2.2304224849535688,0.9127441817130979,0.9127441817130979
2010-11-03 21:00:00,0.8998,1.6734591694430463,-0.7736591694430462,0.7736591694430462
2010-11-03 22:00:00,0.3670666666666667,0.5448180000000001,-0.17775133333333343,0.17775133333333343
2010-11-03 23:00:00,0.5018333333333334,0.5073006666666664,-0.0054673333333330465,0.0054673333333330465
2010-11-04 00:00:00,0.8423,0.572977333333333,0.26932266666666704,0.26932266666666704
2010-11-04 01:00:00,0.5743666666666667,0.45871933333333353,0.11564733333333316,0.11564733333333316
2010-11-04 02:00:00,0.3427666666666666,0.4668503333333333,-0.1240836666666667,0.1240836666666667
2010-11-04 03:00:00,0.4557333333333334,0.4449196666666666,0.010813666666666777,0.010813666666666777
2010-11-04 04:00:00,0.3952666666666667,0.6332165733333334,-0.23794990666666666,0.23794990666666666
2010-11-04 05:00:00,0.8127333333333333,0.9487606666666659,-0.1360273333333326,0.1360273333333326
2010-11-04 06:00:00,2.2722,1.8429740000000001,0.4292260000000001,0.4292260000000001
2010-11-04 07:00:00,4.4189,2.0367346666666672,2.3821653333333326,2.3821653333333326
2010-11-04 08:00:00,2.2490333333333337,3.063160333333334,-0.8141270000000005,0.8141270000000005
2010-11-04 09:00:00,3.626633333333333,2.2993645201671167,1.3272688131662163,1.3272688131662163
2010-11-04 10:00:00,3.2412666666666667,2.5408321881268336,0.7004344785398331,0.7004344785398331
2010-11-04 11:00:00,2.1015666666666664,2.163077011240067,-0.061510344573400655,0.061510344573400655
2010-11-04 12:00:00,2.1523,1.6308424077656798,0.5214575922343201,0.5214575922343201
2010-11-04 13:00:00,0.8233,1.634712353741497,-0.8114123537414969,0.8114123537414969
2010-11-04 14:00:00,0.7059,1.0982800000000004,-0.3923800000000004,0.3923800000000004
2010-11-04 15:00:00,0.4494999999999999,1.0206380000000002,-0.5711380000000003,0.5711380000000003
2010-11-04 16:00:00,0.6564666666666666,0.8690779999999999,-0.21261133333333326,0.21261133333333326
2010-11-04 17:00:00,1.6958666666666666,1.4287363333333332,0.26713033333333347,0.26713033333333347
2010-11-04 18:00:00,4.053766666666666,2.7539313333333335,1.2998353333333328,1.2998353333333328
2010-11-04 19:00:00,4.462599999999999,3.357668397795083,1.1049316022049163,1.1049316022049163
2010-11-04 20:00:00,3.097166666666667,3.234672333333334,-0.1375056666666672,0.1375056666666672
2010-11-04 21:00:00,2.0152666666666668,2.5240325157764643,-0.5087658491097975,0.5087658491097975
2010-11-04 22:00:00,0.6390333333333333,0.8795653333333334,-0.24053200000000008,0.24053200000000008
2010-11-04 23:00:00,0.4877666666666666,0.5073273333333335,-0.019560666666666837,0.019560666666666837
2010-11-05 00:00:00,0.3417666666666666,0.5255086666666667,-0.18374200000000013,0.18374200000000013
2010-11-05 01:00:00,0.3838666666666667,0.4643493333333335,-0.08048266666666681,0.08048266666666681
2010-11-05 02:00:00,0.4214333333333334,0.38886266666666686,0.032570666666666526,0.032570666666666526
2010-11-05 03:00:00,0.4793333333333333,0.4103503333333333,0.06898299999999996,0.06898299999999996
2010-11-05 04:00:00,0.3457666666666666,0.6806005999999999,-0.3348339333333333,0.3348339333333333
2010-11-05 05:00:00,0.7456,0.845833,-0.1002329999999999,0.1002329999999999
2010-11-05 06:00:00,2.7622,2.0803573333333336,0.6818426666666664,0.6818426666666664
2010-11-05 07:00:00,1.8461333333333327,2.1069532029355567,-0.2608198696022239,0.2608198696022239
2010-11-05 08:00:00,1.5481,2.0369110919540234,-0.4888110919540234,0.4888110919540234
2010-11-05 09:00:00,1.4172333333333331,1.5248816666666674,-0.10764833333333423,0.10764833333333423
2010-11-05 10:00:00,1.4705,1.2383686666666671,0.2321313333333328,0.2321313333333328
2010-11-05 11:00:00,1.7144333333333333,1.0961986666666668,0.6182346666666665,0.6182346666666665
2010-11-05 12:00:00,1.6337000000000002,1.3553569999999993,0.2783430000000009,0.2783430000000009
2010-11-05 13:00:00,1.4995666666666667,1.281354333333333,0.21821233333333367,0.21821233333333367
2010-11-05 14:00:00,1.5889666666666666,1.3166886666666668,0.2722779999999998,0.2722779999999998
2010-11-05 15:00:00,0.8524666666666667,1.2940126666666663,-0.44154599999999955,0.44154599999999955
2010-11-05 16:00:00,0.7742666666666668,1.6149443954802263,-0.8406777288135595,0.8406777288135595
2010-11-05 17:00:00,1.1301,1.2640599999999997,-0.13395999999999963,0.13395999999999963
2010-11-05 18:00:00,1.7654999999999998,1.8738719999999989,-0.10837199999999902,0.10837199999999902
2010-11-05 19:00:00,2.204533333333333,2.457832666666666,-0.2532993333333331,0.2532993333333331
2010-11-05 20:00:00,1.8398666666666663,1.778404666666667,0.06146199999999924,0.06146199999999924
2010-11-05 21:00:00,1.3280333333333334,1.6505400000000001,-0.3225066666666667,0.3225066666666667
2010-11-05 22:00:00,0.3536666666666666,0.9307449523809528,-0.5770782857142862,0.5770782857142862
2010-11-05 23:00:00,0.3185,0.4404553333333336,-0.12195533333333358,0.12195533333333358
2010-11-06 00:00:00,0.4849333333333333,0.44542766666666667,0.03950566666666666,0.03950566666666666
2010-11-06 01:00:00,1.002133333333333,0.5489163333333333,0.45321699999999976,0.45321699999999976
2010-11-06 02:00:00,0.3465,0.3856999999999999,-0.0391999999999999,0.0391999999999999
2010-11-06 03:00:00,0.3384333333333333,0.37723266666666655,-0.03879933333333324,0.03879933333333324
2010-11-06 04:00:00,0.4397333333333333,0.4070249999999999,0.032708333333333395,0.032708333333333395
2010-11-06 05:00:00,0.6567333333333334,0.7434226013559321,-0.08668926802259869,0.08668926802259869
2010-11-06 06:00:00,2.6104333333333334,2.0306213111111124,0.579812022222221,0.579812022222221
2010-11-06 07:00:00,2.113733333333333,2.118416942528736,-0.004683609195403005,0.004683609195403005
2010-11-06 08:00:00,1.3696,1.8371316666666664,-0.46753166666666646,0.46753166666666646
2010-11-06 09:00:00,1.199733333333333,1.4491800000000004,-0.24944666666666726,0.24944666666666726
2010-11-06 10:00:00,2.470133333333333,1.7181493333333338,0.7519839999999993,0.7519839999999993
2010-11-06 11:00:00,1.9629666666666663,2.2602669999999994,-0.29730033333333306,0.29730033333333306
2010-11-06 12:00:00,1.1770333333333334,1.8363484252873565,-0.6593150919540232,0.6593150919540232
2010-11-06 13:00:00,0.5483333333333333,1.5518697733333324,-1.003536439999999,1.003536439999999
2010-11-06 14:00:00,1.8849,1.3111084666666668,0.5737915333333332,0.5737915333333332
2010-11-06 15:00:00,1.7088333333333334,1.839755353741497,-0.1309220204081636,0.1309220204081636
2010-11-06 16:00:00,1.5478333333333334,2.2205751777777785,-0.6727418444444451,0.6727418444444451
2010-11-06 17:00:00,2.0902333333333334,2.3792366666666673,-0.28900333333333394,0.28900333333333394
2010-11-06 18:00:00,1.8949333333333327,2.6305906666666674,-0.7356573333333347,0.7356573333333347
2010-11-06 19:00:00,1.2521666666666669,2.3212029999999997,-1.0690363333333328,1.0690363333333328
2010-11-06 20:00:00,1.1034333333333337,1.6173738533333324,-0.5139405199999987,0.5139405199999987
2010-11-06 21:00:00,1.0556666666666668,1.0574556666666663,-0.0017889999999995965,0.0017889999999995965
2010-11-06 22:00:00,0.5132,0.6369987599999996,-0.12379875999999956,0.12379875999999956
2010-11-06 23:00:00,0.511,0.6057723333333336,-0.09477233333333357,0.09477233333333357
2010-11-07 00:00:00,0.3605,0.5797432399999998,-0.21924323999999978,0.21924323999999978
2010-11-07 01:00:00,0.3762333333333333,0.4239493333333331,-0.047715999999999814,0.047715999999999814
2010-11-07 02:00:00,0.3991,0.4317696666666666,-0.0326696666666666,0.0326696666666666
2010-11-07 03:00:00,0.4824,0.4254296666666667,0.05697033333333329,0.05697033333333329
2010-11-07 04:00:00,0.3278333333333333,0.5860042666666667,-0.2581709333333334,0.2581709333333334
2010-11-07 05:00:00,0.3384999999999999,0.5096453333333332,-0.17114533333333326,0.17114533333333326
2010-11-07 06:00:00,1.0311,0.49949100000000013,0.5316089999999998,0.5316089999999998
2010-11-07 07:00:00,0.6107666666666667,0.9940713333333335,-0.38330466666666685,0.38330466666666685
2010-11-07 08:00:00,1.5049666666666668,1.179776211299435,0.3251904553672318,0.3251904553672318
2010-11-07 09:00:00,1.7558333333333331,1.6151613333333341,0.14067199999999902,0.14067199999999902
2010-11-07 10:00:00,2.046933333333333,1.891655666666666,0.1552776666666671,0.1552776666666671
2010-11-07 11:00:00,1.7646000000000002,2.1770781936489376,-0.41247819364893745,0.41247819364893745
2010-11-07 12:00:00,1.2351333333333334,1.8623133333333335,-0.6271800000000001,0.6271800000000001
2010-11-07 13:00:00,1.4556,1.6379333333333337,-0.18233333333333368,0.18233333333333368
2010-11-07 14:00:00,1.7619,1.5388407733333336,0.22305922666666644,0.22305922666666644
2010-11-07 15:00:00,1.2386,1.7281560000000011,-0.4895560000000012,0.4895560000000012
2010-11-07 16:00:00,1.2321333333333333,1.3165579200000002,-0.08442458666666686,0.08442458666666686
2010-11-07 17:00:00,1.9366,1.963919919020716,-0.027319919020715844,0.027319919020715844
2010-11-07 18:00:00,1.9461,2.6893620000000005,-0.7432620000000005,0.7432620000000005
2010-11-07 19:00:00,2.108233333333333,2.2168386666666664,-0.10860533333333322,0.10860533333333322
2010-11-07 20:00:00,1.7344333333333333,2.0539327777777787,-0.31949944444444545,0.31949944444444545
2010-11-07 21:00:00,1.2988333333333335,1.4740526666666673,-0.17521933333333384,0.17521933333333384
2010-11-07 22:00:00,0.4396,0.7883549999999998,-0.3487549999999998,0.3487549999999998
2010-11-07 23:00:00,0.3135,0.41606066666666647,-0.10256066666666647,0.10256066666666647
2010-11-08 00:00:00,0.4016333333333333,0.45488866666666683,-0.05325533333333354,0.05325533333333354
2010-11-08 01:00:00,0.376,0.4663273333333333,-0.09032733333333332,0.09032733333333332
2010-11-08 02:00:00,1.010066666666667,0.46039899999999984,0.5496676666666671,0.5496676666666671
2010-11-08 03:00:00,0.3308,0.4436533333333332,-0.1128533333333332,0.1128533333333332
2010-11-08 04:00:00,0.3314333333333333,0.40663900000000003,-0.07520566666666673,0.07520566666666673
2010-11-08 05:00:00,0.9282,0.8572533333333332,0.07094666666666682,0.07094666666666682
2010-11-08 06:00:00,2.6106666666666665,2.4275676666666666,0.1830989999999999,0.1830989999999999
2010-11-08 07:00:00,1.7462000000000002,2.0325616666666666,-0.2863616666666664,0.2863616666666664
2010-11-08 08:00:00,1.488,1.7374036666666668,-0.2494036666666668,0.2494036666666668
2010-11-08 09:00:00,1.342566666666667,1.5045776666666666,-0.16201099999999968,0.16201099999999968
2010-11-08 10:00:00,1.3471333333333333,1.3116179999999995,0.03551533333333379,0.03551533333333379
2010-11-08 11:00:00,1.5107333333333337,1.2382343333333334,0.27249900000000027,0.27249900000000027
2010-11-08 12:00:00,2.0889333333333333,1.3073433333333326,0.7815900000000007,0.7815900000000007
2010-11-08 13:00:00,1.2387,1.9526418505747127,-0.7139418505747128,0.7139418505747128
2010-11-08 14:00:00,0.9437333333333334,1.063100333333333,-0.11936699999999967,0.11936699999999967
2010-11-08 15:00:00,0.4469666666666667,1.0416033333333334,-0.5946366666666667,0.5946366666666667
2010-11-08 16:00:00,0.6663333333333334,0.9480936666666667,-0.2817603333333333,0.2817603333333333
2010-11-08 17:00:00,1.5786000000000002,1.296891666666666,0.2817083333333341,0.2817083333333341
2010-11-08 18:00:00,2.1504333333333334,2.5039246666666664,-0.35349133333333294,0.35349133333333294
2010-11-08 19:00:00,2.5562666666666667,2.4718443333333324,0.08442233333333427,0.08442233333333427
2010-11-08 20:00:00,2.6497333333333333,2.346603333333334,0.30312999999999946,0.30312999999999946
2010-11-08 21:00:00,1.8272333333333333,1.9644916161680632,-0.13725828283472996,0.13725828283472996
2010-11-08 22:00:00,0.5418000000000001,1.1206279999999997,-0.5788279999999997,0.5788279999999997
2010-11-08 23:00:00,0.3769,0.47639833333333315,-0.09949833333333313,0.09949833333333313
2010-11-09 00:00:00,0.3479,0.35824499999999987,-0.010344999999999882,0.010344999999999882
2010-11-09 01:00:00,0.3175666666666666,0.36375766666666665,-0.04619100000000004,0.04619100000000004
2010-11-09 02:00:00,0.3158666666666667,0.4643059999999999,-0.1484393333333332,0.1484393333333332
2010-11-09 03:00:00,0.3116666666666666,0.4828533333333332,-0.1711866666666666,0.1711866666666666
2010-11-09 04:00:00,0.3912666666666666,0.46853233333333355,-0.07726566666666695,0.07726566666666695
2010-11-09 05:00:00,1.6284999999999998,0.7872547627118641,0.8412452372881357,0.8412452372881357
2010-11-09 06:00:00,1.9789666666666668,2.2782756666666675,-0.2993090000000007,0.2993090000000007
2010-11-09 07:00:00,1.9015333333333333,1.9258416666666667,-0.024308333333333376,0.024308333333333376
2010-11-09 08:00:00,1.7798333333333334,1.7818623333333325,-0.0020289999999991704,0.0020289999999991704
2010-11-09 09:00:00,1.086833333333333,1.751796333333333,-0.664963,0.664963
2010-11-09 10:00:00,1.5032,1.4274306222222222,0.07576937777777792,0.07576937777777792
2010-11-09 11:00:00,1.3461333333333334,1.450639333333333,-0.10450599999999954,0.10450599999999954
2010-11-09 12:00:00,0.9226,1.4061614666666664,-0.48356146666666644,0.48356146666666644
2010-11-09 13:00:00,0.5484333333333333,1.0003863333333336,-0.45195300000000027,0.45195300000000027
2010-11-09 14:00:00,0.4860666666666667,0.6784593333333335,-0.19239266666666682,0.19239266666666682
2010-11-09 15:00:00,0.6602,0.7212873333333333,-0.06108733333333327,0.06108733333333327
2010-11-09 16:00:00,2.2828,1.1857573446327683,1.0970426553672317,1.0970426553672317
2010-11-09 17:00:00,2.809833333333333,2.528507858757062,0.281325474576271,0.281325474576271
2010-11-09 18:00:00,2.416,2.6819186666666672,-0.2659186666666673,0.2659186666666673
2010-11-09 19:00:00,3.7867,2.349730346247489,1.4369696537525112,1.4369696537525112
2010-11-09 20:00:00,2.9360666666666666,2.6994376367464183,0.23662902992024826,0.23662902992024826
2010-11-09 21:00:00,2.340733333333333,1.908896141417366,0.43183719191596714,0.43183719191596714
2010-11-09 22:00:00,1.2260333333333333,1.3460303333333334,-0.11999700000000013,0.11999700000000013
2010-11-09 23:00:00,0.7873333333333333,0.5382410000000002,0.24909233333333314,0.24909233333333314
2010-11-10 00:00:00,0.4217,0.6865940000000001,-0.26489400000000013,0.26489400000000013
2010-11-10 01:00:00,0.3275333333333333,0.4303666666666668,-0.1028333333333335,0.1028333333333335
2010-11-10 02:00:00,0.3299333333333333,0.4064936666666666,-0.07656033333333329,0.07656033333333329
2010-11-10 03:00:00,0.3084666666666666,0.37670866666666647,-0.06824199999999986,0.06824199999999986
2010-11-10 04:00:00,0.3451666666666667,0.5784140000000001,-0.23324733333333342,0.23324733333333342
2010-11-10 05:00:00,0.7614333333333333,0.9890337627118645,-0.2276004293785312,0.2276004293785312
2010-11-10 06:00:00,2.8744333333333336,1.6408200000000006,1.233613333333333,1.233613333333333
2010-11-10 07:00:00,2.363233333333333,2.00413,0.3591033333333331,0.3591033333333331
2010-11-10 08:00:00,1.7861,2.0662553333333324,-0.2801553333333324,0.2801553333333324
2010-11-10 09:00:00,3.372,1.734838666666667,1.6371613333333328,1.6371613333333328
2010-11-10 10:00:00,3.2857333333333334,2.420055333333334,0.8656779999999995,0.8656779999999995
2010-11-10 11:00:00,1.4770333333333334,2.1384329724976014,-0.661399639164268,0.661399639164268
2010-11-10 12:00:00,2.400233333333333,1.7069186666666667,0.6933146666666663,0.6933146666666663
2010-11-10 13:00:00,2.0136666666666665,2.6436175082432083,-0.6299508415765418,0.6299508415765418
2010-11-10 14:00:00,1.572566666666667,2.24895232008572,-0.6763856534190533,0.6763856534190533
2010-11-10 15:00:00,1.5676666666666668,1.7661086666666679,-0.19844200000000112,0.19844200000000112
2010-11-10 16:00:00,1.308,1.7179289999999998,-0.40992899999999977,0.40992899999999977
2010-11-10 17:00:00,1.7590333333333334,1.6772629999999997,0.08177033333333372,0.08177033333333372
2010-11-10 18:00:00,0.9631666666666666,2.4761530441599184,-1.512986377493252,1.512986377493252
2010-11-10 19:00:00,0.3933333333333333,1.628675666666666,-1.2353423333333327,1.2353423333333327
2010-11-10 20:00:00,0.4352,0.9245656666666666,-0.48936566666666664,0.48936566666666664
2010-11-10 21:00:00,0.3868333333333333,0.8906366666666665,-0.5038033333333332,0.5038033333333332
2010-11-10 22:00:00,1.2024333333333332,0.6604206666666664,0.5420126666666668,0.5420126666666668
2010-11-10 23:00:00,0.5653333333333334,0.5184282824858759,0.04690505084745744,0.04690505084745744
2010-11-11 00:00:00,0.3524333333333333,0.4985615999999997,-0.1461282666666664,0.1461282666666664
2010-11-11 01:00:00,0.3161,0.3430486666666666,-0.02694866666666662,0.02694866666666662
2010-11-11 02:00:00,0.3457333333333333,0.4006123333333332,-0.0548789999999999,0.0548789999999999
2010-11-11 03:00:00,0.3668666666666667,0.47733766666666705,-0.11047100000000037,0.11047100000000037
2010-11-11 04:00:00,0.3636666666666667,0.42007866666666677,-0.05641200000000007,0.05641200000000007
2010-11-11 05:00:00,1.1501666666666668,0.8413342146892654,0.3088324519774014,0.3088324519774014
2010-11-11 06:00:00,0.6459333333333334,1.5955540282485878,-0.9496206949152545,0.9496206949152545
2010-11-11 07:00:00,0.8163,1.429535333333334,-0.613235333333334,0.613235333333334
2010-11-11 08:00:00,1.1073333333333333,1.3036473333333332,-0.19631399999999988,0.19631399999999988
2010-11-11 09:00:00,1.4271666666666667,1.472452666666667,-0.04528600000000038,0.04528600000000038
2010-11-11 10:00:00,2.6264333333333334,1.5435566666666665,1.082876666666667,1.082876666666667
2010-11-11 11:00:00,1.8741333333333328,2.035326074432346,-0.16119274109901327,0.16119274109901327
2010-11-11 12:00:00,1.2342000000000002,1.6838049999999993,-0.44960499999999914,0.44960499999999914
2010-11-11 13:00:00,1.7211666666666663,1.4463613333333338,0.27480533333333246,0.27480533333333246
2010-11-11 14:00:00,2.8895,1.6353456666666673,1.2541543333333327,1.2541543333333327
2010-11-11 15:00:00,2.7048,2.033843019621326,0.6709569803786741,0.6709569803786741
2010-11-11 16:00:00,2.3609,2.467153980668324,-0.10625398066832403,0.10625398066832403
2010-11-11 17:00:00,1.5769333333333333,2.4048357710601804,-0.8279024377268471,0.8279024377268471
2010-11-11 18:00:00,1.6116333333333337,2.2337383333333327,-0.622104999999999,0.622104999999999
2010-11-11 19:00:00,1.8592666666666664,2.384765819403858,-0.5254991527371915,0.5254991527371915
2010-11-11 20:00:00,0.8788,1.9007016666666667,-1.0219016666666667,1.0219016666666667
2010-11-11 21:00:00,0.4840666666666667,0.8507756666666667,-0.366709,0.366709
2010-11-11 22:00:00,0.2809999999999999,0.49122566666666656,-0.21022566666666664,0.21022566666666664
2010-11-11 23:00:00,0.881,0.36153099999999994,0.5194690000000001,0.5194690000000001
2010-11-12 00:00:00,0.2672666666666667,0.4249373333333336,-0.1576706666666669,0.1576706666666669
2010-11-12 01:00:00,0.3506333333333333,0.35112866666666653,-0.0004953333333332366,0.0004953333333332366
2010-11-12 02:00:00,0.3204,0.32457400000000014,-0.004174000000000122,0.004174000000000122
2010-11-12 03:00:00,0.2792,0.35030599999999984,-0.07110599999999984,0.07110599999999984
2010-11-12 04:00:00,0.2896,0.46637633333333317,-0.17677633333333315,0.17677633333333315
2010-11-12 05:00:00,0.6563666666666667,1.1297119999999994,-0.47334533333333273,0.47334533333333273
2010-11-12 06:00:00,2.694,2.331106666666667,0.36289333333333307,0.36289333333333307
2010-11-12 07:00:00,2.3759,2.0851396158192093,0.29076038418079087,0.29076038418079087
2010-11-12 08:00:00,1.5554666666666668,1.8463456666666673,-0.29087900000000055,0.29087900000000055
2010-11-12 09:00:00,1.8644333333333327,1.7458136666666675,0.11861966666666524,0.11861966666666524
2010-11-12 10:00:00,1.4117333333333335,1.5936500000000007,-0.18191666666666717,0.18191666666666717
2010-11-12 11:00:00,1.4349333333333334,1.2730199999999996,0.1619133333333338,0.1619133333333338
2010-11-12 12:00:00,0.8018333333333333,1.0111966666666665,-0.20936333333333323,0.20936333333333323
2010-11-12 13:00:00,1.3209333333333333,0.9102940000000003,0.410639333333333,0.410639333333333
2010-11-12 14:00:00,1.7907666666666666,1.6520071466666666,0.13875952000000003,0.13875952000000003
2010-11-12 15:00:00,1.3616666666666668,1.6606334444444446,-0.2989667777777778,0.2989667777777778
2010-11-12 16:00:00,2.4561,1.8962575999999995,0.5598424000000006,0.5598424000000006
2010-11-12 17:00:00,2.280866666666667,2.5047766666666673,-0.2239100000000005,0.2239100000000005
2010-11-12 18:00:00,2.391966666666667,2.4854520000000004,-0.09348533333333364,0.09348533333333364
2010-11-12 19:00:00,1.7533333333333334,2.2907989999999994,-0.537465666666666,0.537465666666666
2010-11-12 20:00:00,1.1149,1.8989376666666669,-0.7840376666666669,0.7840376666666669
2010-11-12 21:00:00,0.3205333333333333,1.0940709999999998,-0.7735376666666665,0.7735376666666665
2010-11-12 22:00:00,0.6398666666666666,0.4923203333333332,0.1475463333333334,0.1475463333333334
2010-11-12 23:00:00,0.6910333333333334,0.6567986666666669,0.034234666666666524,0.034234666666666524
2010-11-13 00:00:00,0.8481,0.614069,0.234031,0.234031
2010-11-13 01:00:00,0.3094,0.3795633333333334,-0.07016333333333341,0.07016333333333341
2010-11-13 02:00:00,0.2839666666666666,0.3543673333333332,-0.07040066666666661,0.07040066666666661
2010-11-13 03:00:00,0.3494333333333334,0.3493306666666666,0.00010266666666675084,0.00010266666666675084
2010-11-13 04:00:00,0.3711666666666666,0.3520999999999999,0.019066666666666676,0.019066666666666676
2010-11-13 05:00:00,0.5848,0.8334215480225988,-0.24862154802259884,0.24862154802259884
2010-11-13 06:00:00,2.1326,2.3064686666666683,-0.17386866666666823,0.17386866666666823
2010-11-13 07:00:00,1.496033333333333,1.8941490000000007,-0.39811566666666764,0.39811566666666764
2010-11-13 08:00:00,0.7291666666666666,1.5851776666666677,-0.8560110000000011,0.8560110000000011
2010-11-13 09:00:00,0.4220333333333333,1.1571054463276835,-0.7350721129943503,0.7350721129943503
2010-11-13 10:00:00,1.1491,1.032020333333333,0.11707966666666692,0.11707966666666692
2010-11-13 11:00:00,1.1453,1.3841259999999997,-0.23882599999999976,0.23882599999999976
2010-11-13 12:00:00,2.062,1.6332603333333333,0.4287396666666665,0.4287396666666665
2010-11-13 13:00:00,2.097933333333333,2.096983,0.0009503333333333863,0.0009503333333333863
2010-11-13 14:00:00,2.195966666666666,1.9036065362688894,0.29236013039777675,0.29236013039777675
2010-11-13 15:00:00,3.2211333333333334,2.1414657043314502,1.0796676290018832,1.0796676290018832
2010-11-13 16:00:00,2.7615666666666665,2.851463,-0.08989633333333336,0.08989633333333336
2010-11-13 17:00:00,1.7152999999999998,3.209075192090397,-1.493775192090397,1.493775192090397
2010-11-13 18:00:00,2.292333333333333,2.607512666666667,-0.3151793333333339,0.3151793333333339
2010-11-13 19:00:00,1.7131666666666665,2.611821192090395,-0.8986545254237286,0.8986545254237286
2010-11-13 20:00:00,1.7058,1.9872313333333351,-0.28143133333333514,0.28143133333333514
2010-11-13 21:00:00,1.6986333333333334,1.4537113333333331,0.2449220000000003,0.2449220000000003
2010-11-13 22:00:00,1.7436,1.1658410000000003,0.5777589999999997,0.5777589999999997
2010-11-13 23:00:00,1.845,1.2973233333333334,0.5476766666666666,0.5476766666666666
2010-11-14 00:00:00,1.5677333333333332,1.2847667866666672,0.282966546666666,0.282966546666666
2010-11-14 01:00:00,1.001966666666667,1.0227116666666662,-0.020744999999999347,0.020744999999999347
2010-11-14 02:00:00,0.5980666666666666,0.45908124,0.13898542666666663,0.13898542666666663
2010-11-14 03:00:00,0.3370666666666667,0.5737669999999998,-0.23670033333333312,0.23670033333333312
2010-11-14 04:00:00,0.3650333333333334,0.38958466666666675,-0.02455133333333337,0.02455133333333337
2010-11-14 05:00:00,0.2871666666666667,0.4687123333333332,-0.1815456666666665,0.1815456666666665
2010-11-14 06:00:00,0.3058666666666667,0.5519733333333332,-0.24610666666666653,0.24610666666666653
2010-11-14 07:00:00,0.5280333333333334,0.8169180000000003,-0.2888846666666669,0.2888846666666669
2010-11-14 08:00:00,1.1209333333333331,1.2935740169491527,-0.17264068361581963,0.17264068361581963
2010-11-14 09:00:00,1.1384666666666667,1.5895543333333342,-0.45108766666666744,0.45108766666666744
2010-11-14 10:00:00,1.027,1.5510302824858755,-0.5240302824858756,0.5240302824858756
2010-11-14 11:00:00,1.3779666666666666,1.6714469999999997,-0.2934803333333331,0.2934803333333331
2010-11-14 12:00:00,1.2797666666666667,1.6739973333333331,-0.3942306666666664,0.3942306666666664
2010-11-14 13:00:00,1.4889666666666663,1.5324196888888895,-0.04345302222222314,0.04345302222222314
2010-11-14 14:00:00,4.1565666666666665,1.5723576666666668,2.5842089999999995,2.5842089999999995
2010-11-14 15:00:00,2.8365333333333336,2.7958793333333336,0.04065399999999997,0.04065399999999997
2010-11-14 16:00:00,2.359366666666667,2.726713765249627,-0.3673470985829601,0.3673470985829601
2010-11-14 17:00:00,2.384533333333333,2.6587695254237276,-0.2742361920903944,0.2742361920903944
2010-11-14 18:00:00,1.4889333333333332,2.610589525423728,-1.121656192090395,1.121656192090395
2010-11-14 19:00:00,2.6314333333333333,1.996249474576271,0.6351838587570622,0.6351838587570622
2010-11-14 20:00:00,2.5521666666666665,2.364728333333332,0.18743833333333448,0.18743833333333448
2010-11-14 21:00:00,0.9064666666666666,1.3678306161680631,-0.4613639495013965,0.4613639495013965
2010-11-14 22:00:00,0.3881666666666666,0.5289010000000001,-0.14073433333333346,0.14073433333333346
2010-11-14 23:00:00,0.2810333333333333,0.39440833333333347,-0.11337500000000017,0.11337500000000017
2010-11-15 00:00:00,0.3460666666666666,0.31498900000000013,0.031077666666666448,0.031077666666666448
2010-11-15 01:00:00,0.3284666666666667,0.3384746666666667,-0.010008000000000017,0.010008000000000017
2010-11-15 02:00:00,0.5818666666666666,0.38761100000000015,0.1942556666666665,0.1942556666666665
2010-11-15 03:00:00,0.6005,0.640495146666667,-0.039995146666666925,0.039995146666666925
2010-11-15 04:00:00,0.3533,0.4969680000000001,-0.14366800000000007,0.14366800000000007
2010-11-15 05:00:00,0.8714999999999999,0.7793252146892655,0.09217478531073442,0.09217478531073442
2010-11-15 06:00:00,2.627533333333333,2.4371810000000007,0.19035233333333235,0.19035233333333235
2010-11-15 07:00:00,1.5821,2.1905679030947325,-0.6084679030947324,0.6084679030947324
2010-11-15 08:00:00,1.3828,1.610832666666668,-0.22803266666666788,0.22803266666666788
2010-11-15 09:00:00,1.3088666666666666,1.2498903333333338,0.05897633333333285,0.05897633333333285
2010-11-15 10:00:00,1.3804,1.1380756666666667,0.24232433333333336,0.24232433333333336
2010-11-15 11:00:00,3.321066666666667,1.1469246666666673,2.174142,2.174142
2010-11-15 12:00:00,2.809266666666667,2.279366333333334,0.529900333333333,0.529900333333333
2010-11-15 13:00:00,0.4295333333333333,1.5893199923358,-1.1597866590024666,1.1597866590024666
2010-11-15 14:00:00,0.3873,0.8502396666666668,-0.46293966666666686,0.46293966666666686
2010-11-15 15:00:00,0.5152333333333333,0.6357226666666667,-0.12048933333333334,0.12048933333333334
2010-11-15 16:00:00,0.8739333333333333,0.8978403333333328,-0.023906999999999456,0.023906999999999456
2010-11-15 17:00:00,1.3073333333333332,1.5025606666666662,-0.19522733333333298,0.19522733333333298
2010-11-15 18:00:00,1.5779333333333334,2.252111666666667,-0.6741783333333335,0.6741783333333335
2010-11-15 19:00:00,2.9928000000000003,2.4139897457627124,0.5788102542372879,0.5788102542372879
2010-11-15 20:00:00,1.5087666666666666,2.1242262316384175,-0.6154595649717509,0.6154595649717509
2010-11-15 21:00:00,1.2497,1.2871959999999996,-0.03749599999999953,0.03749599999999953
2010-11-15 22:00:00,0.5057333333333334,0.7743476666666664,-0.26861433333333307,0.26861433333333307
2010-11-15 23:00:00,0.3238,0.5801763333333332,-0.2563763333333332,0.2563763333333332
2010-11-16 00:00:00,0.2922666666666667,0.3945359999999999,-0.10226933333333321,0.10226933333333321
2010-11-16 01:00:00,1.0268333333333333,0.3348274293785311,0.6920059039548021,0.6920059039548021
2010-11-16 02:00:00,0.3007333333333333,0.3730046666666667,-0.07227133333333341,0.07227133333333341
2010-11-16 03:00:00,0.2791333333333333,0.3609003333333334,-0.08176700000000009,0.08176700000000009
2010-11-16 04:00:00,0.3375666666666667,0.34989133333333344,-0.012324666666666761,0.012324666666666761
2010-11-16 05:00:00,1.2221666666666666,0.8270669999999992,0.3950996666666674,0.3950996666666674
2010-11-16 06:00:00,2.455233333333333,2.504817,-0.049583666666666915,0.049583666666666915
2010-11-16 07:00:00,1.6832333333333334,1.8486423333333335,-0.16540900000000014,0.16540900000000014
2010-11-16 08:00:00,1.5805,1.6929673333333344,-0.11246733333333436,0.11246733333333436
2010-11-16 09:00:00,1.4629666666666667,1.8185096666666676,-0.35554300000000083,0.35554300000000083
2010-11-16 10:00:00,0.9056666666666668,1.5747730000000004,-0.6691063333333336,0.6691063333333336
2010-11-16 11:00:00,0.3705333333333333,0.6125883333333333,-0.24205499999999996,0.24205499999999996
2010-11-16 12:00:00,0.3664666666666666,0.44954666666666654,-0.08307999999999993,0.08307999999999993
2010-11-16 13:00:00,0.2820333333333333,0.47334599999999966,-0.19131266666666635,0.19131266666666635
2010-11-16 14:00:00,0.3146,0.43294200000000005,-0.11834200000000006,0.11834200000000006
2010-11-16 15:00:00,0.5390999999999999,0.44353533333333345,0.09556466666666646,0.09556466666666646
2010-11-16 16:00:00,1.4056,0.9700413333333335,0.4355586666666664,0.4355586666666664
2010-11-16 17:00:00,2.062866666666667,2.065186666666667,-0.0023200000000000998,0.0023200000000000998
2010-11-16 18:00:00,1.9874,2.1410773333333326,-0.15367733333333256,0.15367733333333256
2010-11-16 19:00:00,2.177233333333333,2.576483666666667,-0.3992503333333337,0.3992503333333337
2010-11-16 20:00:00,2.5300333333333334,2.2637219774011292,0.2663113559322041,0.2663113559322041
2010-11-16 21:00:00,0.7507,1.7673439495013963,-1.0166439495013964,1.0166439495013964
2010-11-16 22:00:00,0.5058,0.4959779999999999,0.009822000000000108,0.009822000000000108
2010-11-16 23:00:00,0.3677,0.48457399999999984,-0.11687399999999981,0.11687399999999981
2010-11-17 00:00:00,0.2940666666666666,0.3494573333333332,-0.05539066666666659,0.05539066666666659
2010-11-17 01:00:00,0.3284666666666666,0.4045716666666666,-0.07610500000000003,0.07610500000000003
2010-11-17 02:00:00,0.3255333333333333,0.4015000000000002,-0.0759666666666669,0.0759666666666669
2010-11-17 03:00:00,0.5885,0.4689353333333334,0.1195646666666666,0.1195646666666666
2010-11-17 04:00:00,0.7421666666666666,0.7112689999999999,0.030897666666666712,0.030897666666666712
2010-11-17 05:00:00,0.9257,0.9515596666666666,-0.025859666666666614,0.025859666666666614
2010-11-17 06:00:00,2.757133333333333,2.3462503333333347,0.41088299999999833,0.41088299999999833
2010-11-17 07:00:00,1.4536666666666669,2.008843333333333,-0.5551766666666662,0.5551766666666662
2010-11-17 08:00:00,1.3489333333333335,1.6085146666666665,-0.259581333333333,0.259581333333333
2010-11-17 09:00:00,1.3998333333333333,1.4921523333333326,-0.09231899999999937,0.09231899999999937
2010-11-17 10:00:00,1.4121,1.70397,-0.2918700000000001,0.2918700000000001
2010-11-17 11:00:00,1.5148,1.590546,-0.07574600000000009,0.07574600000000009
2010-11-17 12:00:00,0.6901666666666666,1.3278299999999996,-0.637663333333333,0.637663333333333
2010-11-17 13:00:00,0.2803,0.78253,-0.50223,0.50223
2010-11-17 14:00:00,0.4599,0.46422333333333315,-0.004323333333333179,0.004323333333333179
2010-11-17 15:00:00,0.8000666666666666,0.8007036666666666,-0.0006369999999999987,0.0006369999999999987
2010-11-17 16:00:00,1.0461,1.2638093333333336,-0.21770933333333353,0.21770933333333353
2010-11-17 17:00:00,1.6297333333333337,1.885441666666668,-0.2557083333333343,0.2557083333333343
2010-11-17 18:00:00,2.3266666666666667,2.476026666666666,-0.14935999999999927,0.14935999999999927
2010-11-17 19:00:00,2.244666666666667,2.6420249999999985,-0.3973583333333317,0.3973583333333317
2010-11-17 20:00:00,1.7382666666666668,2.2330666949152547,-0.4948000282485878,0.4948000282485878
2010-11-17 21:00:00,1.0596,1.3768883333333337,-0.3172883333333336,0.3172883333333336
2010-11-17 22:00:00,0.6331333333333333,0.5675916666666666,0.06554166666666672,0.06554166666666672
2010-11-17 23:00:00,0.4418666666666667,0.5166823333333336,-0.07481566666666689,0.07481566666666689
2010-11-18 00:00:00,0.3906333333333333,0.5038573333333335,-0.11322400000000021,0.11322400000000021
2010-11-18 01:00:00,0.5135333333333334,0.39135766666666677,0.12217566666666663,0.12217566666666663
2010-11-18 02:00:00,1.0192,0.5338373866666664,0.48536261333333375,0.48536261333333375
2010-11-18 03:00:00,0.4596,0.4304856666666669,0.02911433333333313,0.02911433333333313
2010-11-18 04:00:00,0.3853333333333333,0.578132333333333,-0.19279899999999972,0.19279899999999972
2010-11-18 05:00:00,0.9687,1.0431814888888886,-0.07448148888888861,0.07448148888888861
2010-11-18 06:00:00,2.6866666666666665,2.3845011977401125,0.30216546892655405,0.30216546892655405
2010-11-18 07:00:00,1.5315,2.25583808045977,-0.7243380804597701,0.7243380804597701
2010-11-18 08:00:00,1.3510666666666666,1.481454,-0.1303873333333334,0.1303873333333334
2010-11-18 09:00:00,1.3487333333333331,1.2762870000000002,0.07244633333333295,0.07244633333333295
2010-11-18 10:00:00,1.3437666666666668,1.3760996666666665,-0.03233299999999972,0.03233299999999972
2010-11-18 11:00:00,1.5858,1.2438993333333332,0.34190066666666685,0.34190066666666685
2010-11-18 12:00:00,0.9234666666666668,1.417175666666666,-0.4937089999999992,0.4937089999999992
2010-11-18 13:00:00,0.4134666666666666,1.0204826666666675,-0.6070160000000009,0.6070160000000009
2010-11-18 14:00:00,0.3256333333333333,0.7549343333333333,-0.429301,0.429301
2010-11-18 15:00:00,0.4652666666666666,0.46141333333333334,0.0038533333333332642,0.0038533333333332642
2010-11-18 16:00:00,0.5778333333333333,0.8641513333333332,-0.28631799999999985,0.28631799999999985
2010-11-18 17:00:00,2.7284333333333333,1.334366571428571,1.3940667619047622,1.3940667619047622
2010-11-18 18:00:00,2.5739333333333336,2.648450333333334,-0.07451700000000017,0.07451700000000017
2010-11-18 19:00:00,2.1646666666666667,2.642170333333333,-0.4775036666666663,0.4775036666666663
2010-11-18 20:00:00,1.9349666666666667,2.0568744124293783,-0.12190774576271157,0.12190774576271157
2010-11-18 21:00:00,0.9224333333333334,1.4635459999999996,-0.5411126666666661,0.5411126666666661
2010-11-18 22:00:00,0.4793666666666666,0.5331093333333333,-0.053742666666666716,0.053742666666666716
2010-11-18 23:00:00,0.3419,0.3842896666666666,-0.0423896666666666,0.0423896666666666
2010-11-19 00:00:00,0.2770666666666666,0.3205410000000001,-0.043474333333333504,0.043474333333333504
2010-11-19 01:00:00,0.9548666666666666,0.33233609604519776,0.6225305706214689,0.6225305706214689
2010-11-19 02:00:00,0.3147,0.36604066666666685,-0.05134066666666687,0.05134066666666687
2010-11-19 03:00:00,0.3387333333333333,0.342656,-0.003922666666666741,0.003922666666666741
2010-11-19 04:00:00,0.2649333333333333,0.36630933333333343,-0.10137600000000013,0.10137600000000013
2010-11-19 05:00:00,0.8500666666666666,1.0386946666666668,-0.18862800000000013,0.18862800000000013
2010-11-19 06:00:00,2.2033,2.5183130000000005,-0.31501300000000043,0.31501300000000043
2010-11-19 07:00:00,1.4469666666666667,1.9069100000000005,-0.4599433333333338,0.4599433333333338
2010-11-19 08:00:00,1.3643666666666665,1.471108,-0.10674133333333358,0.10674133333333358
2010-11-19 09:00:00,1.3499,1.3006959999999999,0.04920400000000025,0.04920400000000025
2010-11-19 10:00:00,1.3954666666666666,1.380098333333333,0.01536833333333365,0.01536833333333365
2010-11-19 11:00:00,1.3907,1.2254946666666664,0.16520533333333365,0.16520533333333365
2010-11-19 12:00:00,1.5944,1.093324,0.5010760000000001,0.5010760000000001
2010-11-19 13:00:00,1.5211,1.3977443333333326,0.12335566666666731,0.12335566666666731
2010-11-19 14:00:00,1.622866666666667,1.1670976666666666,0.4557690000000003,0.4557690000000003
2010-11-19 15:00:00,1.4697,1.3879943333333329,0.08170566666666712,0.08170566666666712
2010-11-19 16:00:00,0.8242666666666667,1.8081117777777787,-0.983845111111112,0.983845111111112
2010-11-19 17:00:00,1.0184666666666666,1.3618649498207878,-0.34339828315412113,0.34339828315412113
2010-11-19 18:00:00,1.2497666666666667,1.848468985839646,-0.5987023191729792,0.5987023191729792
2010-11-19 19:00:00,1.665266666666667,1.694327141242937,-0.029060474576270146,0.029060474576270146
2010-11-19 20:00:00,1.7783666666666669,2.2171401412429383,-0.43877347457627147,0.43877347457627147
2010-11-19 21:00:00,0.6019666666666666,1.2022996666666665,-0.6003329999999999,0.6003329999999999
2010-11-19 22:00:00,0.3342,0.5529856666666665,-0.2187856666666665,0.2187856666666665
2010-11-19 23:00:00,0.3169666666666667,0.33714266666666654,-0.02017599999999986,0.02017599999999986
2010-11-20 00:00:00,0.2849,0.33632666666666666,-0.051426666666666676,0.051426666666666676
2010-11-20 01:00:00,0.3567,0.37214742937853096,-0.015447429378530941,0.015447429378530941
2010-11-20 02:00:00,0.3102666666666666,0.46677499999999994,-0.15650833333333336,0.15650833333333336
2010-11-20 03:00:00,0.3265333333333333,0.4102313333333333,-0.083698,0.083698
2010-11-20 04:00:00,0.8852666666666666,0.42241300000000004,0.4628536666666666,0.4628536666666666
2010-11-20 05:00:00,0.7865666666666667,0.6378883333333331,0.1486783333333337,0.1486783333333337
2010-11-20 06:00:00,2.634233333333333,1.8562339491525441,0.7779993841807888,0.7779993841807888
2010-11-20 07:00:00,1.9728333333333328,1.9775943333333328,-0.004761000000000015,0.004761000000000015
2010-11-20 08:00:00,1.8750666666666664,1.7627126666666657,0.11235400000000073,0.11235400000000073
2010-11-20 09:00:00,1.2921333333333334,2.0912913333333325,-0.7991579999999991,0.7991579999999991
2010-11-20 10:00:00,2.691133333333333,1.5055267733333335,1.1856065599999996,1.1856065599999996
2010-11-20 11:00:00,1.1306,2.1029846666666656,-0.9723846666666656,0.9723846666666656
2010-11-20 12:00:00,1.2979999999999998,1.7095879999999997,-0.41158799999999984,0.41158799999999984
2010-11-20 13:00:00,1.0514333333333332,1.3643919999999996,-0.3129586666666664,0.3129586666666664
2010-11-20 14:00:00,1.2581666666666669,1.4189532137941632,-0.1607865471274963,0.1607865471274963
2010-11-20 15:00:00,1.5170333333333337,1.0284162533333332,0.4886170800000005,0.4886170800000005
2010-11-20 16:00:00,1.7953,1.6082349999999999,0.18706500000000004,0.18706500000000004
2010-11-20 17:00:00,5.626833333333334,3.0234500000000026,2.603383333333331,2.603383333333331
2010-11-20 18:00:00,3.2597,4.143291666666669,-0.883591666666669,0.883591666666669
2010-11-20 19:00:00,2.1171333333333333,3.4887826666666633,-1.37164933333333,1.37164933333333
2010-11-20 20:00:00,1.7741,2.2276130204081634,-0.45351302040816344,0.45351302040816344
2010-11-20 21:00:00,1.3264,1.5434660000000002,-0.2170660000000002,0.2170660000000002
2010-11-20 22:00:00,0.7294666666666667,0.9940409999999998,-0.26457433333333313,0.26457433333333313
2010-11-20 23:00:00,0.5199,0.5994373333333334,-0.07953733333333335,0.07953733333333335
2010-11-21 00:00:00,0.2938,0.48559,-0.19179000000000002,0.19179000000000002
2010-11-21 01:00:00,0.8968,0.33799076271186435,0.5588092372881357,0.5588092372881357
2010-11-21 02:00:00,0.3299,0.3758146666666667,-0.04591466666666666,0.04591466666666666
2010-11-21 03:00:00,0.3445666666666666,0.36464899999999983,-0.020082333333333258,0.020082333333333258
2010-11-21 04:00:00,0.2902666666666667,0.37602033333333323,-0.08575366666666656,0.08575366666666656
2010-11-21 05:00:00,0.3368666666666666,0.4319293333333332,-0.09506266666666663,0.09506266666666663
2010-11-21 06:00:00,2.0713,0.531894333333333,1.539405666666667,1.539405666666667
2010-11-21 07:00:00,1.4247,2.124758464852606,-0.700058464852606,0.700058464852606
2010-11-21 08:00:00,1.2906333333333333,1.4264403333333329,-0.13580699999999957,0.13580699999999957
2010-11-21 09:00:00,0.2680999999999999,1.0463212824858759,-0.778221282485876,0.778221282485876
2010-11-21 10:00:00,0.2991666666666666,0.648182,-0.34901533333333346,0.34901533333333346
2010-11-21 11:00:00,0.3496333333333333,0.8991913333333335,-0.5495580000000002,0.5495580000000002
2010-11-21 12:00:00,0.2768666666666667,1.1056330000000003,-0.8287663333333336,0.8287663333333336
2010-11-21 13:00:00,0.2809666666666667,0.6797463333333335,-0.39877966666666675,0.39877966666666675
2010-11-21 14:00:00,0.2973333333333333,0.6364256666666667,-0.3390923333333334,0.3390923333333334
2010-11-21 15:00:00,0.3508333333333333,0.6393096666666668,-0.2884763333333335,0.2884763333333335
2010-11-21 16:00:00,0.7239333333333333,0.9424116666666668,-0.21847833333333344,0.21847833333333344
2010-11-21 17:00:00,0.4511333333333333,1.2858966666666662,-0.834763333333333,0.834763333333333
2010-11-21 18:00:00,0.2954666666666667,1.3536519999999999,-1.058185333333333,1.058185333333333
2010-11-21 19:00:00,0.6047666666666667,0.6259076666666669,-0.021141000000000187,0.021141000000000187
2010-11-21 20:00:00,1.2213,1.1397582181959864,0.08154178180401361,0.08154178180401361
2010-11-21 21:00:00,1.493766666666667,1.4923226666666658,0.001444000000001111,0.001444000000001111
2010-11-21 22:00:00,0.3031666666666667,0.7782933066666667,-0.47512664000000004,0.47512664000000004
2010-11-21 23:00:00,0.3675,0.3902273333333335,-0.022727333333333488,0.022727333333333488
2010-11-22 00:00:00,0.2798666666666667,0.364408,-0.0845413333333333,0.0845413333333333
2010-11-22 01:00:00,0.2833666666666666,0.3680663333333334,-0.08469966666666678,0.08469966666666678
2010-11-22 02:00:00,0.2749333333333333,0.44041166666666676,-0.16547833333333345,0.16547833333333345
2010-11-22 03:00:00,0.3682999999999999,0.5341033333333334,-0.16580333333333347,0.16580333333333347
2010-11-22 04:00:00,0.2859,0.4996153333333333,-0.2137153333333333,0.2137153333333333
2010-11-22 05:00:00,0.9530333333333334,0.6223873333333333,0.3306460000000001,0.3306460000000001
2010-11-22 06:00:00,2.137,2.132473066666667,0.004526933333333094,0.004526933333333094
2010-11-22 07:00:00,2.590233333333333,1.9496493333333342,0.6405839999999987,0.6405839999999987
2010-11-22 08:00:00,1.4276000000000002,2.098005,-0.6704049999999999,0.6704049999999999
2010-11-22 09:00:00,3.105366666666667,1.4548716666666661,1.6504950000000007,1.6504950000000007
2010-11-22 10:00:00,2.6391333333333336,2.477121798742138,0.16201153459119544,0.16201153459119544
2010-11-22 11:00:00,1.866933333333333,2.287316174909875,-0.42038284157654227,0.42038284157654227
2010-11-22 12:00:00,1.9867666666666668,1.8329616666666666,0.1538050000000002,0.1538050000000002
2010-11-22 13:00:00,1.5176666666666667,2.0686815172413815,-0.5510148505747148,0.5510148505747148
2010-11-22 14:00:00,1.3865666666666667,1.526987333333334,-0.1404206666666672,0.1404206666666672
2010-11-22 15:00:00,0.6926333333333333,1.330011872562358,-0.6373785392290247,0.6373785392290247
2010-11-22 16:00:00,0.6457666666666667,1.1912701111111108,-0.5455034444444441,0.5455034444444441
2010-11-22 17:00:00,3.1683000000000003,1.2669333333333328,1.9013666666666675,1.9013666666666675
2010-11-22 18:00:00,2.5895,3.629295333333332,-1.0397953333333319,1.0397953333333319
2010-11-22 19:00:00,1.5825333333333331,3.146934333333333,-1.5644009999999997,1.5644009999999997
2010-11-22 20:00:00,2.3887,1.9124411694915258,0.4762588305084743,0.4762588305084743
2010-11-22 21:00:00,1.1652,1.42006772881356,-0.2548677288135599,0.2548677288135599
2010-11-22 22:00:00,0.3228,0.5052623333333331,-0.18246233333333317,0.18246233333333317
2010-11-22 23:00:00,0.3651666666666667,0.5161843333333332,-0.15101766666666655,0.15101766666666655
2010-11-23 00:00:00,0.2924333333333333,0.33464266666666664,-0.04220933333333332,0.04220933333333332
2010-11-23 01:00:00,0.2823666666666666,0.36623742937853093,-0.08387076271186433,0.08387076271186433
2010-11-23 02:00:00,0.2744999999999999,0.4139856666666665,-0.13948566666666656,0.13948566666666656
2010-11-23 03:00:00,0.3601666666666666,0.37593799999999994,-0.01577133333333336,0.01577133333333336
2010-11-23 04:00:00,0.2802,0.35797466666666666,-0.07777466666666666,0.07777466666666666
2010-11-23 05:00:00,0.6357333333333333,1.1140186666666665,-0.47828533333333323,0.47828533333333323
2010-11-23 06:00:00,2.5486,2.388861,0.15973900000000008,0.15973900000000008
2010-11-23 07:00:00,1.7040666666666666,1.9027243333333328,-0.19865766666666618,0.19865766666666618
2010-11-23 08:00:00,1.4006333333333332,1.711601758620689,-0.3109684252873559,0.3109684252873559
2010-11-23 09:00:00,1.57,1.419381666666666,0.15061833333333396,0.15061833333333396
2010-11-23 10:00:00,1.7039666666666666,1.5691796666666666,0.134787,0.134787
2010-11-23 11:00:00,1.0491666666666668,1.9295473333333333,-0.8803806666666665,0.8803806666666665
2010-11-23 12:00:00,0.8319,1.2558373333333332,-0.4239373333333333,0.4239373333333333
2010-11-23 13:00:00,1.5486333333333333,0.8099213333333334,0.7387119999999999,0.7387119999999999
2010-11-23 14:00:00,0.4,1.306046666666667,-0.906046666666667,0.906046666666667
2010-11-23 15:00:00,0.5092666666666666,0.6056436666666667,-0.09637700000000005,0.09637700000000005
2010-11-23 16:00:00,0.9787333333333332,0.9737033333333333,0.005029999999999979,0.005029999999999979
2010-11-23 17:00:00,1.8401,1.7076926666666665,0.13240733333333354,0.13240733333333354
2010-11-23 18:00:00,2.221233333333333,2.522438333333333,-0.30120499999999995,0.30120499999999995
2010-11-23 19:00:00,2.6366666666666663,2.9642357457627115,-0.32756907909604527,0.32756907909604527
2010-11-23 20:00:00,1.4262333333333332,2.3631940578609,-0.9369607245275668,0.9369607245275668
2010-11-23 21:00:00,0.8328000000000001,1.2613319999999997,-0.4285319999999996,0.4285319999999996
2010-11-23 22:00:00,0.5997,0.5374126666666668,0.06228733333333325,0.06228733333333325
2010-11-23 23:00:00,0.3583666666666666,0.48716066666666663,-0.12879400000000002,0.12879400000000002
2010-11-24 00:00:00,0.2653,0.32158133333333333,-0.05628133333333335,0.05628133333333335
2010-11-24 01:00:00,0.5021,0.3478134293785311,0.1542865706214689,0.1542865706214689
2010-11-24 02:00:00,0.7512333333333333,0.6609523333333333,0.09028100000000006,0.09028100000000006
2010-11-24 03:00:00,0.3203,0.38901433333333335,-0.06871433333333338,0.06871433333333338
2010-11-24 04:00:00,0.2844,0.381312,-0.096912,0.096912
2010-11-24 05:00:00,0.8289666666666666,0.9958536666666664,-0.16688699999999979,0.16688699999999979
2010-11-24 06:00:00,2.8502333333333336,2.3890133333333337,0.46121999999999996,0.46121999999999996
2010-11-24 07:00:00,1.5541666666666667,2.1918362364280655,-0.6376695697613988,0.6376695697613988
2010-11-24 08:00:00,1.3640333333333332,1.8122520000000002,-0.448218666666667,0.448218666666667
2010-11-24 09:00:00,1.3725999999999998,1.5350343333333327,-0.1624343333333329,0.1624343333333329
2010-11-24 10:00:00,1.3923666666666668,1.7426319999999986,-0.3502653333333319,0.3502653333333319
2010-11-24 11:00:00,1.5837666666666663,1.4639226666666667,0.11984399999999962,0.11984399999999962
2010-11-24 12:00:00,1.9610333333333327,1.4806036666666662,0.48042966666666653,0.48042966666666653
2010-11-24 13:00:00,2.0177666666666667,1.8803533333333329,0.13741333333333383,0.13741333333333383
2010-11-24 14:00:00,1.502033333333333,1.8388089999999997,-0.3367756666666666,0.3367756666666666
2010-11-24 15:00:00,0.8740666666666667,1.294114333333333,-0.42004766666666626,0.42004766666666626
2010-11-24 16:00:00,1.9389333333333327,1.2811673333333333,0.6577659999999994,0.6577659999999994
2010-11-24 17:00:00,2.0611333333333333,2.037527288604362,0.02360604472897121,0.02360604472897121
2010-11-24 18:00:00,1.4982333333333335,2.594329333333334,-1.0960960000000004,1.0960960000000004
2010-11-24 19:00:00,2.3128666666666664,2.2480694352230657,0.06479723144360072,0.06479723144360072
2010-11-24 20:00:00,1.568366666666667,2.3998680491757964,-0.8315013825091295,0.8315013825091295
2010-11-24 21:00:00,0.4221,1.3883563333333335,-0.9662563333333336,0.9662563333333336
2010-11-24 22:00:00,0.3531,0.42185199999999995,-0.06875199999999992,0.06875199999999992
2010-11-24 23:00:00,0.3034666666666667,0.403167,-0.09970033333333328,0.09970033333333328
2010-11-25 00:00:00,0.2896666666666666,0.43392633333333336,-0.14425966666666679,0.14425966666666679
2010-11-25 01:00:00,0.2663666666666666,0.35049142937853117,-0.08412476271186459,0.08412476271186459
2010-11-25 02:00:00,0.3357333333333333,0.3353786666666667,0.00035466666666655877,0.00035466666666655877
2010-11-25 03:00:00,0.3770666666666666,0.39404399999999995,-0.016977333333333344,0.016977333333333344
2010-11-25 04:00:00,0.8805333333333334,0.43580499999999994,0.44472833333333345,0.44472833333333345
2010-11-25 05:00:00,0.9632,1.168775,-0.20557499999999995,0.20557499999999995
2010-11-25 06:00:00,2.627133333333333,2.395815666666669,0.2313176666666643,0.2313176666666643
2010-11-25 07:00:00,1.6294,1.937367333333334,-0.30796733333333415,0.30796733333333415
2010-11-25 08:00:00,1.2577,1.6716426666666666,-0.41394266666666657,0.41394266666666657
2010-11-25 09:00:00,0.6454666666666667,1.2007182542372883,-0.5552515875706215,0.5552515875706215
2010-11-25 10:00:00,1.028066666666667,1.0228367777777776,0.005229888888889311,0.005229888888889311
2010-11-25 11:00:00,0.4997333333333333,0.8993946666666666,-0.39966133333333326,0.39966133333333326
2010-11-25 12:00:00,0.3562333333333333,0.7628543333333327,-0.40662099999999946,0.40662099999999946
2010-11-25 13:00:00,0.3006666666666666,0.5058436666666668,-0.20517700000000022,0.20517700000000022
2010-11-25 14:00:00,0.333,0.39922466666666656,-0.06622466666666654,0.06622466666666654
2010-11-25 15:00:00,0.5418000000000001,0.3742893333333335,0.16751066666666659,0.16751066666666659
2010-11-25 16:00:00,1.4801,0.820089666666666,0.6600103333333339,0.6600103333333339
2010-11-25 17:00:00,2.2116,2.058738333333333,0.1528616666666669,0.1528616666666669
2010-11-25 18:00:00,2.3304666666666667,2.4917973333333343,-0.16133066666666762,0.16133066666666762
2010-11-25 19:00:00,1.6478333333333337,2.6695483333333345,-1.0217150000000008,1.0217150000000008
2010-11-25 20:00:00,1.342933333333333,1.8831896666666676,-0.5402563333333346,0.5402563333333346
2010-11-25 21:00:00,1.2475666666666667,1.4389883333333322,-0.1914216666666655,0.1914216666666655
2010-11-25 22:00:00,0.957,0.7387553333333333,0.21824466666666664,0.21824466666666664
2010-11-25 23:00:00,0.2943,0.3892043333333332,-0.0949043333333332,0.0949043333333332
2010-11-26 00:00:00,0.2809999999999999,0.32469499999999996,-0.04369500000000004,0.04369500000000004
2010-11-26 01:00:00,0.2734333333333333,0.3250480960451976,-0.05161476271186427,0.05161476271186427
2010-11-26 02:00:00,0.2983666666666666,0.3861340960451977,-0.0877674293785311,0.0877674293785311
2010-11-26 03:00:00,0.3140333333333333,0.36877599999999994,-0.05474266666666666,0.05474266666666666
2010-11-26 04:00:00,0.2825666666666667,0.40850633333333336,-0.12593966666666667,0.12593966666666667
2010-11-26 05:00:00,1.0087666666666668,0.9920466666666663,0.016720000000000512,0.016720000000000512
2010-11-26 06:00:00,2.883933333333333,2.422866333333333,0.4610669999999999,0.4610669999999999
2010-11-26 07:00:00,1.9993,2.1270593333333334,-0.12775933333333334,0.12775933333333334
2010-11-26 08:00:00,1.8499666666666668,1.7796460000000005,0.07032066666666625,0.07032066666666625
2010-11-26 09:00:00,1.352766666666667,1.6185076666666662,-0.26574099999999934,0.26574099999999934
2010-11-26 10:00:00,1.3389,1.3293466666666671,0.009553333333332859,0.009553333333332859
2010-11-26 11:00:00,1.4902000000000002,1.2041676666666667,0.28603233333333344,0.28603233333333344
2010-11-26 12:00:00,1.612933333333333,1.3947393333333329,0.21819400000000022,0.21819400000000022
2010-11-26 13:00:00,1.4077666666666668,1.3405489999999989,0.06721766666666795,0.06721766666666795
2010-11-26 14:00:00,0.8764333333333333,1.1155700000000004,-0.2391366666666671,0.2391366666666671
2010-11-26 15:00:00,1.0679333333333332,0.7656773333333335,0.30225599999999964,0.30225599999999964
2010-11-26 16:00:00,1.7259,2.046826062146893,-0.32092606214689323,0.32092606214689323
2010-11-26 17:00:00,1.5734666666666668,1.8049790000000003,-0.23151233333333354,0.23151233333333354
2010-11-26 18:00:00,1.659333333333333,2.6420081412429375,-0.9826748079096044,0.9826748079096044
2010-11-26 19:00:00,1.1637,2.0345053333333336,-0.8708053333333337,0.8708053333333337
2010-11-26 20:00:00,0.9346666666666668,1.6770536666666667,-0.7423869999999999,0.7423869999999999
